id_municipio,taxa_alfabetizacao_anterior,media_portugues_anterior,percentual_participacao_anterior,total_alunos_avaliados_anterior,populacao_anterior,pib_per_capita_anterior,meta_alfabetizacao_2025,cluster,silhouette_global
1100015,64.55,758.3304,89.37,227.0,21494.0,48680.701591141726,69.51,0,0.33899545632891714
1100023,62.3,757.0999,89.79,1222.0,96833.0,45271.91143515124,68.02,0,0.33899545632891714
1100031,69.1,767.8763,90.48,76.0,5351.0,56219.77200523266,72.53,0,0.33899545632891714
1100049,62.51,755.5645,84.44,613.0,86887.0,44292.794088874056,68.16,0,0.33899545632891714
1100056,58.53,746.4629,92.12,222.0,15890.0,63334.738829452486,65.53,0,0.33899545632891714
1100064,62.85,756.9294,86.98,147.0,15663.0,37087.33959011684,68.39,0,0.33899545632891714
1100072,58.2,747.8918,92.25,119.0,7519.0,67770.44819789866,65.31,0,0.33899545632891714
1100080,80.68,784.9056,91.06,214.0,12627.0,32782.3711095272,80.0,0,0.33899545632891714
1100098,85.33,790.8992,93.39,339.0,29414.0,34812.43625484463,80.0,0,0.33899545632891714
1100106,41.76,730.6418,94.52,431.0,39387.0,29071.368725721684,53.95,1,0.33899545632891714
1100114,62.82,755.1313,91.91,625.0,50591.0,49723.42906841138,68.37,0,0.33899545632891714
1100122,81.83,781.0863,87.62,814.0,124333.0,46845.744894758434,80.0,0,0.33899545632891714
1100130,51.4,742.3103,87.8,432.0,30707.0,34383.23509297554,60.73,1,0.33899545632891714
1100148,74.81,767.5966,93.91,216.0,15679.0,46683.58951463741,76.38,0,0.33899545632891714
1100155,72.39,765.5136,86.49,384.0,35044.0,36396.50154091999,74.74,0,0.33899545632891714
1100189,69.73,762.4062,90.35,440.0,35079.0,60558.73884660338,72.95,0,0.33899545632891714
1100205,65.06,761.5118,86.11,5417.0,460434.0,55170.10689914297,69.85,0,0.33899545632891714
1100254,62.41,754.2629,89.19,132.0,19327.0,40165.623221400114,68.1,0,0.33899545632891714
1100262,83.84,780.9739,79.03,49.0,3471.0,76392.97032555459,80.0,0,0.33899545632891714
1100288,68.81,760.7296,90.94,602.0,56406.0,40556.51881005567,72.34,0,0.33899545632891714
1100296,76.11,761.7071,97.87,92.0,7419.0,39343.172934357724,77.27,0,0.33899545632891714
1100304,65.62,760.7163,85.9,1054.0,95832.0,53382.847065698305,70.22,0,0.33899545632891714
1100320,67.75,761.7789,92.24,226.0,20746.0,74674.2504579196,71.63,0,0.33899545632891714
1100338,63.02,754.3625,87.07,384.0,25444.0,41682.36126395221,68.5,0,0.33899545632891714
1100346,29.2,720.6329,88.42,84.0,13117.0,37098.87931691698,44.11,1,0.33899545632891714
1100379,69.52,765.8156,90.53,172.0,11479.0,50102.709295234774,72.81,0,0.33899545632891714
1100403,61.53,760.2893,83.65,133.0,16320.0,40926.654411764706,67.51,0,0.33899545632891714
1100452,49.82,741.7757,88.01,433.0,27992.0,43619.89139754215,59.65,1,0.33899545632891714
1100502,72.53,766.0655,91.15,103.0,7667.0,43296.987087517926,74.83,0,0.33899545632891714
1100601,54.63,738.6521,89.29,75.0,4150.0,57587.71084337348,62.92,1,0.33899545632891714
1100700,59.32,751.27,89.82,150.0,8844.0,51475.689733152416,66.05,0,0.33899545632891714
1100809,48.96,744.0355,85.83,327.0,22310.0,44895.11429852084,59.06,1,0.33899545632891714
1100908,70.14,772.4724,96.67,58.0,3233.0,42868.54314877822,73.22,0,0.33899545632891714
1100924,80.72,783.8009,86.17,162.0,9324.0,72285.49978549978,80.0,0,0.33899545632891714
1100940,77.47,771.8271,92.5,259.0,14863.0,39167.59738949068,78.22,0,0.33899545632891714
1101005,65.11,757.8076,90.65,126.0,8001.0,40010.373703287085,69.88,0,0.33899545632891714
1101104,98.79,817.1203,88.34,144.0,8548.0,39794.33785680861,80.0,0,0.33899545632891714
1101203,72.5,785.6432,95.7,89.0,6466.0,68091.86514073616,74.81,0,0.33899545632891714
1101302,59.21,753.8327,86.36,152.0,9235.0,41167.19003789929,65.98,0,0.33899545632891714
1101401,72.19,764.7564,90.53,220.0,11548.0,45634.741946657436,74.6,0,0.33899545632891714
1101435,60.65,752.4314,90.0,81.0,6200.0,31218.870967741936,66.93,0,0.33899545632891714
1101450,61.04,750.4609,82.09,55.0,4125.0,48850.90909090909,67.19,1,0.33899545632891714
1101468,54.77,747.11,92.5,37.0,2156.0,164742.5788497217,63.01,0,0.33899545632891714
1101476,86.09,787.0699,96.23,51.0,3076.0,42650.52015604681,80.0,0,0.33899545632891714
1101484,53.34,748.6658,90.48,76.0,5258.0,33835.29859262077,62.05,1,0.33899545632891714
1101492,65.79,757.1689,89.49,247.0,16286.0,43989.37737934423,70.33,0,0.33899545632891714
1101500,63.02,752.9469,90.77,177.0,12060.0,37064.427860696516,68.5,0,0.33899545632891714
1101559,71.95,762.7594,87.18,68.0,4256.0,36754.229323308275,74.44,0,0.33899545632891714
1101609,50.7,745.6802,95.0,95.0,8113.0,37933.44015777148,60.25,1,0.33899545632891714
1101708,70.92,763.2905,86.88,139.0,10725.0,34518.78787878787,73.75,0,0.33899545632891714
1101757,36.95,724.8829,80.88,110.0,7788.0,33039.41961992809,50.36,1,0.33899545632891714
1101807,55.69,752.3724,83.15,74.0,6479.0,34756.44389566291,63.63,1,0.33899545632891714
1200013,,,,,14021.0,35850.72391412881,63.6,0,0.33899545632891714
1200054,,,,,8100.0,23131.604938271605,55.08,1,0.33899545632891714
1200104,,,,,26000.0,35761.53846153846,53.01,1,0.33899545632891714
1200138,,,,,12917.0,28289.773167144074,35.2,1,0.33899545632891714
1200179,,,,,10392.0,51063.99153194765,42.9,1,0.33899545632891714
1200203,,,,,91888.0,29167.497388124673,49.2,1,0.33899545632891714
1200252,,,,,18757.0,42300.31454923495,57.62,1,0.33899545632891714
1200302,,,,,35426.0,20926.55112064585,58.48,1,0.33899545632891714
1200328,,,,,9222.0,16335.718932986338,28.13,1,0.33899545632891714
1200336,,,,,19294.0,17581.838913651914,45.65,1,0.33899545632891714
1200344,,,,,11996.0,21891.79726575525,49.47,1,0.33899545632891714
1200351,,,,,17093.0,16851.63517229275,66.11,0,0.33899545632891714
1200385,,,,,16560.0,46184.66183574879,41.81,1,0.33899545632891714
1200393,,,,,10735.0,18678.341872380068,47.15,1,0.33899545632891714
1200401,,,,,364756.0,35533.249624406446,60.34,1,0.33899545632891714
1200427,,,,,14938.0,19657.58468335788,46.4,1,0.33899545632891714
1200435,,,,,6723.0,18454.558976647328,23.62,1,0.33899545632891714
1200450,,,,,21454.0,51823.48280041017,50.47,1,0.33899545632891714
1200500,,,,,41343.0,23526.30433205137,67.71,0,0.33899545632891714
1200609,,,,,43467.0,21443.3938390043,51.74,1,0.33899545632891714
1200708,,,,,18243.0,34315.95680535,57.32,1,0.33899545632891714
1200807,,,,,16693.0,31952.674773857307,47.06,1,0.33899545632891714
1300029,39.91,724.8519,83.33,160.0,15866.0,15289.549981091644,52.59,1,0.33899545632891714
1300060,62.67,746.1744,85.53,195.0,10819.0,12453.276642942972,68.27,0,0.33899545632891714
1300086,33.26,724.327,70.0,77.0,9962.0,15528.4079502108,47.47,1,0.33899545632891714
1300102,75.99,755.9743,93.27,194.0,17194.0,17283.412818425033,77.19,0,0.33899545632891714
1300144,56.79,739.7802,79.19,137.0,20647.0,18701.651571656897,64.37,1,0.33899545632891714
1300201,54.2,738.6448,74.13,212.0,15314.0,13501.958991772235,62.63,1,0.33899545632891714
1300300,44.6,730.1448,,381.0,41564.0,14074.439418727745,,1,0.33899545632891714
1300409,48.61,732.1936,75.73,181.0,18834.0,12854.412233195284,58.82,1,0.33899545632891714
1300508,29.7,713.1795,83.43,297.0,31051.0,12819.812566422983,44.54,1,0.33899545632891714
1300607,38.02,732.5226,,429.0,37648.0,12469.321079473011,42.28,1,0.33899545632891714
1300631,91.72,781.8371,,181.0,20718.0,12651.848634038037,,0,0.33899545632891714
1300680,26.16,711.5984,87.59,120.0,23785.0,10249.274752995587,41.46,1,0.33899545632891714
1300706,59.09,740.8025,81.59,195.0,35447.0,18668.2935086185,65.9,1,0.33899545632891714
1300805,28.35,715.9903,87.85,188.0,33080.0,13170.616686819832,43.38,1,0.33899545632891714
1300839,30.2,718.374,,82.0,13469.0,16267.874378201797,30.23,1,0.33899545632891714
1300904,49.75,734.5479,,130.0,16869.0,12344.952279328945,,1,0.33899545632891714
1301001,47.38,728.1047,79.79,233.0,28742.0,15076.264699742535,57.96,1,0.33899545632891714
1301100,20.71,696.5424,,107.0,30792.0,14181.6705637828,,1,0.33899545632891714
1301159,38.04,722.1144,73.72,101.0,19637.0,21334.1141722259,51.19,1,0.33899545632891714
1301209,38.77,726.3052,83.17,524.0,70616.0,55138.76458592954,51.74,1,0.33899545632891714
1301308,43.66,730.7222,86.45,217.0,23549.0,27080.25818506094,55.33,1,0.33899545632891714
1301407,19.19,704.2083,,217.0,33170.0,20610.18993066024,,1,0.33899545632891714
1301506,56.52,741.1048,,104.0,17186.0,13739.32270452694,27.7,1,0.33899545632891714
1301605,26.88,719.7209,,287.0,25871.0,12536.392099261722,,1,0.33899545632891714
1301654,61.86,745.9459,86.19,181.0,13815.0,13365.617082880928,67.73,0,0.33899545632891714
1301704,50.25,733.9155,87.92,604.0,57473.0,16113.044386059539,59.95,1,0.33899545632891714
1301803,40.83,732.0514,,179.0,24311.0,10194.726666940891,66.47,1,0.33899545632891714
1301852,45.23,730.1307,70.07,632.0,61163.0,20657.848699377075,56.45,1,0.33899545632891714
1301902,46.31,731.9141,79.35,980.0,103598.0,32065.638332786348,57.21,1,0.33899545632891714
1301951,70.62,753.9895,76.92,120.0,10937.0,14791.71619274024,73.55,0,0.33899545632891714
1302009,26.96,714.0883,,85.0,10162.0,19342.353867348946,,1,0.33899545632891714
1302108,77.3,764.1354,74.49,146.0,8858.0,16407.428313389028,78.1,0,0.33899545632891714
1302207,40.6,722.0517,95.4,83.0,10742.0,13773.040402159748,53.1,1,0.33899545632891714
1302306,36.64,724.1944,72.75,291.0,25172.0,15674.16176704275,50.12,1,0.33899545632891714
1302405,64.34,748.477,78.27,317.0,45448.0,16347.95810596726,69.37,1,0.33899545632891714
1302504,43.99,730.6258,87.06,1070.0,101883.0,18819.75403158525,55.57,1,0.33899545632891714
1302553,47.0,734.0218,70.0,126.0,17107.0,17767.40515578418,57.7,1,0.33899545632891714
1302603,52.2,736.11,71.33,18951.0,2063689.0,61855.151139537,61.28,2,0.33899545632891714
1302702,51.77,735.1832,81.19,315.0,53914.0,17183.106428756906,60.98,1,0.33899545632891714
1302801,20.95,704.7891,83.96,89.0,15529.0,13051.70970442398,36.53,1,0.33899545632891714
1302900,53.17,731.0744,78.48,383.0,61204.0,11370.286255800274,61.93,1,0.33899545632891714
1303007,64.67,748.5036,89.66,104.0,20136.0,11905.591974572904,69.59,0,0.33899545632891714
1303106,51.39,737.4102,76.11,223.0,27062.0,13106.680954844433,60.73,1,0.33899545632891714
1303205,75.88,763.833,82.47,207.0,15761.0,15437.852928113702,77.11,0,0.33899545632891714
1303304,83.98,758.5887,84.25,123.0,23818.0,13088.294567134099,80.0,0,0.33899545632891714
1303403,51.88,735.3353,84.63,804.0,96372.0,17193.26152824472,61.06,1,0.33899545632891714
1303502,38.95,725.8898,75.28,204.0,19373.0,12276.828575852993,51.88,1,0.33899545632891714
1303536,34.17,714.1336,70.38,506.0,30668.0,23813.19290465632,48.19,1,0.33899545632891714
1303569,35.31,720.2461,71.03,331.0,24936.0,19885.226179018286,49.09,1,0.33899545632891714
1303601,26.71,720.0648,73.91,51.0,14164.0,13969.005930528101,41.95,1,0.33899545632891714
1303700,59.68,742.7835,84.93,513.0,28211.0,12558.115628655489,66.29,1,0.33899545632891714
1303809,36.49,722.9199,78.83,242.0,51795.0,11283.116130900666,50.01,1,0.33899545632891714
1303908,33.12,717.8585,79.22,526.0,32967.0,10871.477538144205,47.36,1,0.33899545632891714
1303957,51.77,739.5305,87.41,118.0,11670.0,12469.151670951156,60.98,1,0.33899545632891714
1304005,35.75,711.932,,106.0,11559.0,37566.83104074747,46.24,1,0.33899545632891714
1304062,41.53,727.8335,77.64,1045.0,66764.0,12726.634114193275,53.79,1,0.33899545632891714
1304104,49.27,731.5427,88.29,181.0,19599.0,16225.827848359613,59.27,1,0.33899545632891714
1304203,41.26,728.2051,,623.0,73669.0,21983.697348952748,44.5,1,0.33899545632891714
1304237,45.93,729.6432,76.27,286.0,19247.0,11149.89348989453,56.94,1,0.33899545632891714
1304260,13.39,706.0817,80.0,108.0,14431.0,18380.292426027303,28.14,1,0.33899545632891714
1304302,57.02,740.699,87.37,173.0,18631.0,13125.811819011324,64.52,1,0.33899545632891714
1304401,48.58,741.908,,172.0,23945.0,12410.649404886195,52.79,1,0.33899545632891714
1500107,39.73,725.5913,83.81,1222.0,158188.0,15431.58773105419,52.46,1,0.33899545632891714
1500131,59.81,745.661,79.83,95.0,6136.0,21361.962190352024,66.38,1,0.33899545632891714
1500206,39.02,721.9432,74.2,463.0,59023.0,35773.630618572424,51.93,1,0.33899545632891714
1500305,30.81,713.5658,72.68,447.0,37765.0,17623.646233284788,45.47,1,0.33899545632891714
1500347,27.76,710.0652,70.48,191.0,18080.0,57921.79203539823,42.87,1,0.33899545632891714
1500404,36.41,718.6268,83.24,740.0,69377.0,22753.708001210773,49.94,1,0.33899545632891714
1500503,30.68,715.573,76.67,401.0,34280.0,17323.424737456244,45.36,1,0.33899545632891714
1500602,46.67,730.5344,78.24,1442.0,126279.0,30788.127875577095,57.46,1,0.33899545632891714
1500701,26.81,714.0325,80.41,316.0,28011.0,13239.013244796688,42.04,1,0.33899545632891714
1500800,59.04,743.5709,80.91,3128.0,478778.0,23964.96288467724,65.86,1,0.33899545632891714
1500859,48.76,740.4548,83.37,401.0,31850.0,22480.345368916798,58.92,1,0.33899545632891714
1500909,38.56,724.8602,87.82,548.0,44573.0,10996.724474457633,51.58,1,0.33899545632891714
1500958,33.96,723.095,84.65,193.0,23774.0,16421.93152183057,48.03,1,0.33899545632891714
1501006,57.23,744.0101,91.28,136.0,18290.0,12483.160196828869,64.66,1,0.33899545632891714
1501105,46.7,733.3467,86.83,244.0,31892.0,10342.656465571305,57.48,1,0.33899545632891714
1501204,27.52,717.4037,71.1,337.0,51641.0,15479.231618287795,42.66,1,0.33899545632891714
1501253,61.11,743.6668,,36.0,4031.0,38202.679235921605,53.57,1,0.33899545632891714
1501303,46.55,728.2796,77.99,1336.0,126650.0,72562.43979470982,57.38,1,0.33899545632891714
1501402,48.22,730.4555,74.16,4394.0,1303403.0,31100.17546376677,58.55,1,0.33899545632891714
1501451,60.62,748.3917,87.92,233.0,18099.0,19495.220730427092,66.91,0,0.33899545632891714
1501501,60.59,745.4639,89.83,874.0,63567.0,52513.804332436644,66.89,0,0.33899545632891714
1501576,58.11,739.5691,81.68,156.0,18005.0,18715.579005831714,65.25,1,0.33899545632891714
1501600,37.01,730.7535,73.24,104.0,12622.0,11666.772302329266,50.41,1,0.33899545632891714
1501709,42.72,732.3207,80.92,1289.0,123082.0,16065.143562828034,54.65,1,0.33899545632891714
1501725,73.21,758.3553,85.0,187.0,24718.0,20935.4316692289,75.29,0,0.33899545632891714
1501758,61.58,751.5456,91.23,104.0,6783.0,21114.69851098334,67.55,0,0.33899545632891714
1501782,31.24,718.2669,82.78,548.0,45712.0,17549.461848092404,45.82,1,0.33899545632891714
1501808,44.0,730.2004,77.85,805.0,106968.0,14165.451349936428,55.57,1,0.33899545632891714
1501907,51.4,735.7179,85.71,216.0,24383.0,28229.50416273633,60.73,1,0.33899545632891714
1501956,47.73,733.0826,81.08,150.0,19630.0,12119.612837493632,58.2,1,0.33899545632891714
1502004,52.11,737.114,85.77,205.0,23981.0,14790.959509611776,61.22,1,0.33899545632891714
1502103,40.41,726.6077,79.1,1154.0,134184.0,14171.23502056877,52.96,1,0.33899545632891714
1502152,62.1,746.2473,78.23,1186.0,77079.0,215643.17129179157,67.89,0,0.33899545632891714
1502202,62.0,744.7912,86.54,733.0,70394.0,26753.444895871806,67.83,1,0.33899545632891714
1502301,50.98,732.8491,87.11,473.0,56506.0,15929.883552189147,60.45,1,0.33899545632891714
1502400,38.09,723.3822,,1771.0,192256.0,32862.90674933422,41.06,1,0.33899545632891714
1502509,44.8,729.125,71.0,142.0,20757.0,15955.581249698896,56.14,1,0.33899545632891714
1502608,54.39,739.2356,80.9,72.0,12868.0,10583.929126515388,62.76,1,0.33899545632891714
1502707,38.67,729.7634,79.6,402.0,44617.0,22083.42111751126,51.67,1,0.33899545632891714
1502756,40.62,728.9649,83.61,250.0,26881.0,19375.469662586962,53.12,1,0.33899545632891714
1502764,50.13,740.7593,76.39,178.0,14036.0,34128.81162724423,59.86,1,0.33899545632891714
1502772,50.76,737.8854,83.19,297.0,19950.0,36982.75689223058,60.3,1,0.33899545632891714
1502806,25.06,709.5851,79.49,597.0,33903.0,11704.922868182755,40.46,1,0.33899545632891714
1502855,37.54,727.9161,92.71,178.0,14117.0,13612.52390734575,50.81,1,0.33899545632891714
1502905,30.81,714.5319,78.1,246.0,41262.0,11765.256167902673,45.47,1,0.33899545632891714
1502939,59.32,743.885,89.39,497.0,58484.0,22782.932083988784,66.05,1,0.33899545632891714
1502954,52.88,735.6352,74.94,293.0,28192.0,26108.967082860385,61.74,1,0.33899545632891714
1503002,51.05,730.7146,91.8,112.0,8728.0,11692.483959670028,60.49,1,0.33899545632891714
1503044,47.77,730.7781,83.89,250.0,17898.0,36709.40887249972,58.23,1,0.33899545632891714
1503077,37.96,727.6464,78.44,291.0,24703.0,17279.156377767882,51.13,1,0.33899545632891714
1503093,46.05,733.0481,74.63,303.0,26362.0,22601.130414991276,57.03,1,0.33899545632891714
1503101,25.73,719.7849,,446.0,31786.0,15399.767193103882,,1,0.33899545632891714
1503200,32.77,720.7214,78.88,295.0,35797.0,16741.23529904741,47.07,1,0.33899545632891714
1503309,36.72,721.1579,79.52,532.0,64831.0,15763.230553284693,50.18,1,0.33899545632891714
1503408,21.83,708.3992,84.38,135.0,10325.0,22327.3607748184,37.4,1,0.33899545632891714
1503457,39.7,722.0734,74.28,335.0,30329.0,20202.017870684824,52.44,1,0.33899545632891714
1503507,45.28,728.0186,79.49,155.0,30955.0,12202.713616540139,56.48,1,0.33899545632891714
1503606,61.0,742.6222,82.43,1966.0,123314.0,30864.459834244288,67.16,1,0.33899545632891714
1503705,42.67,724.5942,80.96,506.0,49754.0,19692.72822285645,54.62,1,0.33899545632891714
1503754,36.03,724.9804,,213.0,24042.0,30464.10448381998,33.52,1,0.33899545632891714
1503804,40.47,724.1506,86.26,521.0,37707.0,21222.50510515289,53.01,1,0.33899545632891714
1503903,49.15,738.6916,88.69,737.0,50881.0,23286.531318173777,59.19,1,0.33899545632891714
1504000,47.64,734.1187,78.18,301.0,29569.0,20358.855558185936,58.14,1,0.33899545632891714
1504059,45.48,733.5236,75.32,296.0,34353.0,14217.098943323728,56.63,1,0.33899545632891714
1504109,54.01,740.0004,83.58,56.0,8115.0,15015.526802218117,62.5,1,0.33899545632891714
1504208,51.46,735.9413,78.36,3186.0,266533.0,36576.952947665006,60.77,1,0.33899545632891714
1504307,68.07,749.6762,78.57,187.0,25971.0,13930.383889723153,71.85,0,0.33899545632891714
1504406,28.74,711.6974,81.51,216.0,26573.0,12566.928837541864,43.72,1,0.33899545632891714
1504422,57.34,740.0624,79.2,1519.0,111785.0,24873.838171489915,64.73,1,0.33899545632891714
1504455,48.99,732.0123,80.68,334.0,27094.0,42093.04643094412,59.08,1,0.33899545632891714
1504505,38.0,726.1825,74.24,366.0,27881.0,12463.649080018653,51.16,1,0.33899545632891714
1504604,31.97,718.478,81.97,300.0,27198.0,17661.592764173834,46.42,1,0.33899545632891714
1504703,32.11,718.0022,83.65,752.0,84094.0,25641.222917211693,46.54,1,0.33899545632891714
1504752,55.19,740.0116,83.26,189.0,23501.0,19456.66141866304,63.3,1,0.33899545632891714
1504802,53.95,738.4221,82.06,750.0,60012.0,20451.22642138239,62.46,1,0.33899545632891714
1504901,36.17,722.9622,87.5,532.0,45368.0,10235.716804796333,49.76,1,0.33899545632891714
1504950,35.64,722.2746,75.18,209.0,20478.0,16335.188983299153,49.35,1,0.33899545632891714
1504976,44.35,727.8242,81.3,200.0,13955.0,16563.59727696166,55.82,1,0.33899545632891714
1505007,50.32,732.5712,87.26,137.0,12806.0,14452.36607840075,59.99,1,0.33899545632891714
1505031,61.43,743.053,76.29,457.0,33638.0,45812.71181401986,67.45,1,0.33899545632891714
1505064,55.6,736.802,84.26,776.0,60732.0,23157.47875913851,63.57,1,0.33899545632891714
1505106,48.83,733.3326,86.78,361.0,52229.0,17652.68337513642,58.97,1,0.33899545632891714
1505205,18.54,704.9214,83.66,507.0,33844.0,15837.135090414844,34.05,1,0.33899545632891714
1505304,34.52,720.7808,74.67,687.0,68294.0,25469.47023164553,48.47,1,0.33899545632891714
1505403,48.52,730.4391,84.74,161.0,17855.0,15630.411649397929,58.75,1,0.33899545632891714
1505437,48.68,731.5181,76.47,416.0,32467.0,32433.36310715496,58.86,1,0.33899545632891714
1505486,37.32,724.8392,75.38,444.0,41097.0,27114.5825729372,50.64,1,0.33899545632891714
1505494,33.8,722.6628,91.18,93.0,6885.0,18531.880900508353,47.9,1,0.33899545632891714
1505502,62.45,745.2011,83.27,1453.0,105550.0,50294.69445760303,68.12,1,0.33899545632891714
1505536,54.32,736.3784,72.97,3161.0,267836.0,98646.43662539763,62.71,1,0.33899545632891714
1505551,50.65,737.0823,78.95,75.0,6931.0,22149.906218438897,60.22,1,0.33899545632891714
1505601,53.76,738.2552,91.78,67.0,8285.0,12149.305974652989,62.33,1,0.33899545632891714
1505635,58.29,743.1202,80.7,138.0,12832.0,28186.56483790524,65.37,1,0.33899545632891714
1505650,42.57,734.8443,,200.0,18668.0,26323.226912363403,60.41,1,0.33899545632891714
1505700,38.7,725.581,83.25,174.0,24984.0,12543.707973102786,51.69,1,0.33899545632891714
1505809,43.69,727.4439,76.63,610.0,62503.0,18455.754123802053,55.35,1,0.33899545632891714
1505908,72.52,759.0458,92.89,470.0,40597.0,12492.9674606498,74.82,0,0.33899545632891714
1506005,57.34,744.084,87.03,510.0,35577.0,15428.113668943419,64.73,1,0.33899545632891714
1506104,48.96,736.6473,90.32,140.0,10851.0,51981.937148649886,59.06,1,0.33899545632891714
1506112,48.89,736.0512,90.24,148.0,11524.0,12767.181534189516,59.01,1,0.33899545632891714
1506138,55.06,741.132,86.87,1184.0,85597.0,43012.09154526444,63.21,1,0.33899545632891714
1506161,41.79,730.0709,82.9,223.0,18384.0,54795.63751087903,53.98,1,0.33899545632891714
1506187,60.17,741.1775,83.3,414.0,53143.0,20383.47477560544,66.61,1,0.33899545632891714
1506195,57.97,741.2566,87.71,357.0,35769.0,16929.575889736923,65.15,1,0.33899545632891714
1506203,43.26,730.7212,88.93,538.0,44772.0,17919.39158402573,55.04,1,0.33899545632891714
1506302,51.95,735.4289,85.95,263.0,24129.0,11218.782378051308,61.11,1,0.33899545632891714
1506351,37.63,723.3982,85.27,249.0,21087.0,14235.5005453597,50.88,1,0.33899545632891714
1506401,49.87,738.79,90.99,101.0,7445.0,15479.516453995973,59.69,1,0.33899545632891714
1506500,40.8,728.3112,78.68,668.0,73019.0,25036.565825333135,53.25,1,0.33899545632891714
1506559,56.45,742.3848,76.04,146.0,20370.0,12683.357879234169,64.14,1,0.33899545632891714
1506583,53.64,741.9881,83.39,251.0,16548.0,57009.06453952138,62.25,1,0.33899545632891714
1506609,39.55,730.1981,,173.0,24624.0,23151.43762183236,47.15,1,0.33899545632891714
1506708,54.53,741.9987,81.08,527.0,32413.0,61032.733779656315,62.85,1,0.33899545632891714
1506807,54.92,738.9022,81.79,4298.0,331942.0,26154.777039362296,63.11,1,0.33899545632891714
1506906,52.16,738.8086,90.38,47.0,6116.0,13279.431000654024,61.25,1,0.33899545632891714
1507003,25.72,715.0566,80.85,287.0,27461.0,25027.89410436619,41.06,1,0.33899545632891714
1507102,33.37,723.1439,74.05,137.0,16666.0,14510.32041281651,47.56,1,0.33899545632891714
1507151,46.05,739.2959,79.26,214.0,21092.0,23232.93191731462,57.03,1,0.33899545632891714
1507201,30.82,723.5574,80.98,132.0,30599.0,21375.82927546652,45.48,1,0.33899545632891714
1507300,39.67,727.6074,,751.0,65418.0,35953.62132746339,39.2,1,0.33899545632891714
1507409,37.02,723.5517,79.23,103.0,14894.0,24156.7073989526,50.41,1,0.33899545632891714
1507458,46.49,733.342,87.19,381.0,24255.0,42408.781694495985,57.34,1,0.33899545632891714
1507466,36.81,715.0088,,27.0,4430.0,17897.742663656885,,1,0.33899545632891714
1507474,29.84,721.319,81.7,183.0,20689.0,11256.126444004061,44.66,1,0.33899545632891714
1507508,33.62,718.1939,84.85,196.0,13664.0,17234.704332552694,47.76,1,0.33899545632891714
1507607,38.69,726.3018,82.21,596.0,52894.0,21412.2206677506,51.68,1,0.33899545632891714
1507706,48.08,735.7811,88.78,364.0,25643.0,12079.046913387667,58.45,1,0.33899545632891714
1507755,79.88,768.0657,83.93,94.0,5847.0,29536.514451855648,79.91,0,0.33899545632891714
1507805,33.22,720.8878,82.19,323.0,22576.0,15115.343727852589,47.44,1,0.33899545632891714
1507904,62.77,744.216,88.68,431.0,24204.0,13995.53792761527,68.33,0,0.33899545632891714
1507953,37.67,722.3685,82.1,1055.0,72493.0,27913.977901314607,50.91,1,0.33899545632891714
1507961,41.96,734.006,78.81,93.0,10400.0,11031.826923076924,54.1,1,0.33899545632891714
1507979,70.72,751.8977,89.78,325.0,18782.0,31431.1042487488,73.61,0,0.33899545632891714
1508001,48.0,734.0456,86.06,1130.0,67585.0,25841.281349411853,58.39,1,0.33899545632891714
1508035,48.47,738.5594,80.0,176.0,28595.0,13696.030774610947,58.72,1,0.33899545632891714
1508050,70.84,753.481,78.43,200.0,15242.0,29822.7266762892,73.69,0,0.33899545632891714
1508084,58.8,743.2494,82.49,504.0,39550.0,34081.390644753475,65.7,1,0.33899545632891714
1508100,37.28,721.3741,82.22,1244.0,91306.0,59767.24421177141,50.61,1,0.33899545632891714
1508126,61.76,743.7449,90.15,357.0,37972.0,61737.201095544086,67.67,0,0.33899545632891714
1508159,65.52,751.7016,77.41,466.0,43558.0,24284.7238165205,70.15,0,0.33899545632891714
1508209,29.77,715.4434,76.89,416.0,50832.0,11845.707428391564,44.6,1,0.33899545632891714
1508308,34.28,723.8932,83.56,681.0,58692.0,14818.186464935596,48.28,1,0.33899545632891714
1508357,60.62,750.8528,90.29,279.0,15607.0,255464.6632921125,66.91,0,0.33899545632891714
1508407,49.86,736.1326,77.99,599.0,52893.0,43892.102924772655,59.68,1,0.33899545632891714
1600055,32.92,723.3755,89.47,68.0,4673.0,27079.820243954633,47.19,1,0.33899545632891714
1600105,31.2,722.6519,93.62,132.0,7943.0,27577.11192244744,45.79,1,0.33899545632891714
1600154,66.25,755.2828,87.68,178.0,12847.0,29254.06709737682,70.64,0,0.33899545632891714
1600204,35.05,729.1866,92.63,176.0,10612.0,27836.50584244252,48.89,1,0.33899545632891714
1600212,47.0,741.5204,93.0,93.0,4461.0,25859.448554135844,57.7,1,0.33899545632891714
1600238,73.43,770.5951,93.6,161.0,6666.0,83706.8706870687,75.44,0,0.33899545632891714
1600253,50.48,742.7079,95.24,80.0,5599.0,23704.768708697986,60.1,1,0.33899545632891714
1600279,39.29,729.7938,94.48,582.0,35114.0,38025.43145184257,52.13,1,0.33899545632891714
1600303,43.33,734.2328,90.43,4008.0,442933.0,41701.24601237659,55.09,1,0.33899545632891714
1600402,29.38,723.3143,92.63,402.0,21924.0,26617.086298120787,44.27,1,0.33899545632891714
1600501,26.09,711.1884,79.8,395.0,27482.0,29850.95699002984,41.39,1,0.33899545632891714
1600535,65.21,759.4447,84.36,232.0,17848.0,29563.81667413716,69.95,0,0.33899545632891714
1600550,36.41,725.4949,93.81,91.0,3803.0,26566.65790165659,49.94,1,0.33899545632891714
1600600,41.76,732.3746,91.52,1176.0,107618.0,34619.56178334479,53.95,1,0.33899545632891714
1600709,32.06,725.7281,92.17,212.0,12945.0,25438.779451525683,46.5,1,0.33899545632891714
1600808,28.7,715.6846,93.88,230.0,11291.0,26884.155522097244,43.69,1,0.33899545632891714
1700251,62.07,767.1338,82.86,29.0,2576.0,55097.049689441,67.87,0,0.33899545632891714
1700301,25.2,715.2166,93.24,69.0,4497.0,50308.65021125194,40.59,1,0.33899545632891714
1700350,95.52,786.5935,77.14,27.0,5147.0,82197.39654167475,80.0,0,0.33899545632891714
1700400,15.92,701.5658,86.87,86.0,6499.0,51718.72595783968,31.16,1,0.33899545632891714
1700707,47.86,743.3116,81.56,115.0,8802.0,100667.6891615542,58.3,1,0.33899545632891714
1701002,39.94,731.5084,87.71,157.0,10325.0,19324.55205811138,52.61,1,0.33899545632891714
1701051,40.16,728.7895,86.05,37.0,2876.0,18926.63421418637,52.78,1,0.33899545632891714
1701101,30.07,715.1673,89.02,73.0,4856.0,58329.28336079077,44.85,1,0.33899545632891714
1701309,24.61,712.5012,83.95,68.0,5290.0,21532.703213610584,40.05,1,0.33899545632891714
1701903,38.62,730.9658,91.09,92.0,5927.0,69497.38484899612,51.63,1,0.33899545632891714
1702000,44.49,736.9423,75.68,84.0,8133.0,58340.46477314644,55.92,1,0.33899545632891714
1702109,35.44,725.3461,86.32,2019.0,171301.0,42951.51808804386,49.19,1,0.33899545632891714
1702158,37.72,726.0598,89.47,68.0,4310.0,24967.28538283063,50.95,1,0.33899545632891714
1702208,35.15,729.4976,87.46,307.0,31918.0,20096.497274265304,48.97,1,0.33899545632891714
1702307,37.31,725.5386,88.17,82.0,5550.0,28571.531531531527,50.64,1,0.33899545632891714
1702406,34.29,729.8377,85.53,65.0,10287.0,23241.95586662778,48.29,1,0.33899545632891714
1702554,50.01,742.9647,90.18,202.0,17484.0,22662.26264012812,59.78,1,0.33899545632891714
1702703,52.92,737.6862,96.55,28.0,3342.0,20914.42250149611,61.77,1,0.33899545632891714
1702901,30.34,720.5425,91.25,73.0,10262.0,16894.65991034886,45.08,1,0.33899545632891714
1703008,20.49,707.7983,85.22,98.0,7880.0,21502.66497461929,36.07,1,0.33899545632891714
1703057,35.63,728.2988,80.43,37.0,3407.0,73289.11065453479,49.34,1,0.33899545632891714
1703073,11.92,698.9394,87.36,76.0,4476.0,22426.72028596961,26.26,1,0.33899545632891714
1703107,59.45,742.9015,87.88,58.0,4846.0,28911.06066859265,66.14,1,0.33899545632891714
1703206,52.8,741.4525,86.21,50.0,4229.0,30399.621659966895,61.68,1,0.33899545632891714
1703305,26.13,718.8731,86.11,31.0,4038.0,35567.8553739475,41.43,1,0.33899545632891714
1703602,29.73,727.4654,80.95,34.0,1974.0,37998.986828774076,44.56,1,0.33899545632891714
1703701,38.1,732.5373,82.89,63.0,4725.0,56631.5343915344,51.24,1,0.33899545632891714
1703800,41.24,732.7045,,87.0,10307.0,14550.596681866693,56.06,1,0.33899545632891714
1703826,27.54,720.6445,87.88,29.0,1961.0,31664.9668536461,42.68,1,0.33899545632891714
1703842,16.16,696.8183,91.36,148.0,8653.0,76950.99965329943,31.43,1,0.33899545632891714
1703867,15.77,710.0555,82.26,51.0,4007.0,249014.2251060644,30.99,1,0.33899545632891714
1703883,25.12,710.4112,79.49,31.0,2201.0,33244.888686960476,40.51,1,0.33899545632891714
1703891,34.09,733.2201,88.64,39.0,3318.0,16935.50331525015,48.13,1,0.33899545632891714
1703909,17.04,701.694,82.35,84.0,4847.0,97893.12977099235,32.42,1,0.33899545632891714
1704105,23.33,707.1896,93.75,30.0,2131.0,51302.20553730642,38.85,1,0.33899545632891714
1705102,49.01,733.5625,97.37,37.0,3117.0,49848.25152390119,59.09,1,0.33899545632891714
1705508,51.01,737.8341,83.92,454.0,34233.0,33923.436450208865,60.47,1,0.33899545632891714
1705557,62.09,759.7223,91.84,45.0,4756.0,19974.978973927668,67.88,0,0.33899545632891714
1705607,27.6,712.7928,80.56,29.0,3887.0,22889.889374839207,42.73,1,0.33899545632891714
1706001,48.18,739.7477,86.52,77.0,5331.0,46794.59763646595,58.52,1,0.33899545632891714
1706100,46.85,736.7382,85.96,49.0,6371.0,33605.399466331815,57.59,1,0.33899545632891714
1706506,31.21,724.6836,89.52,94.0,5827.0,43340.140724214856,45.8,1,0.33899545632891714
1707009,51.81,742.3055,87.04,262.0,17739.0,44065.22351880039,61.01,1,0.33899545632891714
1707108,39.09,732.2676,87.38,90.0,7024.0,46007.83029612756,51.98,1,0.33899545632891714
1707207,48.67,736.0018,89.06,57.0,6327.0,45700.806069227125,58.86,1,0.33899545632891714
1707306,34.95,725.1042,85.0,51.0,4248.0,68459.98116760829,48.81,1,0.33899545632891714
1707405,40.82,729.56,80.31,102.0,7530.0,15829.61487383798,53.27,1,0.33899545632891714
1707553,52.54,747.2727,95.74,45.0,3467.0,36824.92068070378,61.51,1,0.33899545632891714
1707652,62.36,763.9179,85.88,73.0,5211.0,67182.88236422952,68.06,0,0.33899545632891714
1707702,11.95,695.5954,91.21,83.0,7712.0,20968.23132780083,26.3,1,0.33899545632891714
1708205,63.68,756.2545,81.18,138.0,18881.0,52336.687675440924,68.94,0,0.33899545632891714
1708254,48.93,736.0354,81.03,47.0,3455.0,50221.997105644004,59.04,1,0.33899545632891714
1708304,53.56,739.1196,82.69,43.0,4738.0,37621.78134233854,62.2,1,0.33899545632891714
1709005,12.54,698.3088,88.07,155.0,12433.0,24866.645218370468,27.07,1,0.33899545632891714
1709302,36.07,725.8189,81.61,182.0,24775.0,45614.772956609486,49.68,1,0.33899545632891714
1709500,44.44,734.5547,80.95,650.0,85125.0,43406.954478707776,55.89,1,0.33899545632891714
1710508,60.46,747.2837,88.89,56.0,6819.0,29284.939140636452,66.81,0,0.33899545632891714
1710706,32.53,725.9074,95.31,61.0,5172.0,19377.416860015466,46.88,1,0.33899545632891714
1710904,35.09,721.7652,96.08,49.0,3577.0,42798.43444227005,48.92,1,0.33899545632891714
1711100,64.16,761.509,97.5,39.0,2404.0,31817.387687188013,69.25,0,0.33899545632891714
1711506,61.09,753.7487,82.98,39.0,3334.0,33238.1523695261,67.22,0,0.33899545632891714
1711803,35.36,721.4854,90.0,36.0,2243.0,24770.396790013376,49.13,1,0.33899545632891714
1711902,26.02,715.7214,84.09,148.0,15288.0,71287.54578754578,41.33,1,0.33899545632891714
1711951,20.75,710.5893,87.32,62.0,3516.0,24451.08077360637,36.33,1,0.33899545632891714
1712009,40.45,732.7888,89.09,49.0,3357.0,23653.559725945786,52.99,1,0.33899545632891714
1712157,69.23,756.1691,76.47,13.0,1626.0,25533.21033210332,72.62,0,0.33899545632891714
1712405,42.61,734.9916,96.55,28.0,2999.0,26122.374124708236,54.57,1,0.33899545632891714
1712454,25.0,716.3555,90.91,40.0,2717.0,21648.87743835112,40.4,1,0.33899545632891714
1712504,24.15,715.5591,93.62,88.0,4615.0,80866.08884073673,39.62,1,0.33899545632891714
1712702,27.59,723.3762,85.29,29.0,2748.0,170006.9141193595,42.72,1,0.33899545632891714
1712801,19.32,720.5889,94.87,37.0,3095.0,20456.542810985462,34.87,1,0.33899545632891714
1713205,41.54,739.8384,80.95,187.0,18566.0,46344.82387159324,53.79,1,0.33899545632891714
1713304,52.55,744.4268,87.1,162.0,12701.0,38059.522872214795,61.51,1,0.33899545632891714
1713601,69.96,749.8955,84.29,59.0,5694.0,70021.95293291184,73.1,0,0.33899545632891714
1713700,29.33,720.0864,89.47,34.0,2396.0,36145.24207011686,44.22,1,0.33899545632891714
1713809,18.11,701.0621,80.0,48.0,4872.0,22215.72249589491,33.59,1,0.33899545632891714
1713957,17.89,707.396,91.89,34.0,3367.0,23749.92574992575,33.35,1,0.33899545632891714
1714203,28.21,717.5192,86.71,124.0,8754.0,40295.63628055745,43.26,1,0.33899545632891714
1714302,45.94,732.4304,87.93,51.0,4521.0,17351.69210351692,56.95,1,0.33899545632891714
1714880,25.45,709.9651,84.02,184.0,10367.0,42683.9008392013,40.82,1,0.33899545632891714
1715002,32.17,729.5868,87.88,29.0,3362.0,32762.343842950624,46.59,1,0.33899545632891714
1715101,39.24,723.8921,97.87,46.0,3969.0,44437.641723356006,52.09,1,0.33899545632891714
1715150,71.67,767.6664,96.0,24.0,1846.0,20916.576381365117,74.25,0,0.33899545632891714
1715259,22.32,701.7696,78.95,30.0,2230.0,22016.59192825112,37.88,1,0.33899545632891714
1715507,50.0,740.3478,84.21,16.0,1164.0,43108.24742268042,59.77,1,0.33899545632891714
1715705,9.01,688.9374,87.1,54.0,4798.0,51604.21008753648,22.17,1,0.33899545632891714
1715754,47.77,740.2925,88.99,97.0,6975.0,31315.55555555556,58.23,1,0.33899545632891714
1716109,60.56,751.5014,85.51,602.0,52360.0,43703.78151260504,66.87,0,0.33899545632891714
1716208,42.28,736.2797,89.66,130.0,10542.0,33504.648074369186,54.33,1,0.33899545632891714
1716307,6.51,688.5605,82.69,43.0,4043.0,27405.886717783822,18.14,1,0.33899545632891714
1716505,53.06,742.8776,96.05,170.0,14055.0,77583.99146211313,61.86,1,0.33899545632891714
1716604,46.47,740.2899,78.05,96.0,9317.0,96294.30074058172,57.32,1,0.33899545632891714
1716653,35.23,733.6772,89.09,49.0,4921.0,26266.206055679733,49.03,1,0.33899545632891714
1716703,48.45,747.5748,79.59,78.0,8941.0,25504.97707191589,58.71,1,0.33899545632891714
1717008,47.41,737.8718,96.15,50.0,4478.0,24739.392585975882,57.98,1,0.33899545632891714
1717206,26.08,710.3968,90.0,36.0,2282.0,43049.079754601225,41.39,1,0.33899545632891714
1717503,21.88,704.5085,84.71,72.0,7128.0,64341.32996632997,37.45,1,0.33899545632891714
1717800,9.52,699.4166,95.45,21.0,4220.0,19550.47393364929,22.93,1,0.33899545632891714
1717909,47.6,737.8823,86.36,95.0,7586.0,18656.86791457949,58.11,1,0.33899545632891714
1718006,7.57,705.1413,91.67,33.0,2866.0,20909.630146545707,19.92,1,0.33899545632891714
1718204,56.8,748.9952,81.81,769.0,64418.0,49611.81657300755,64.37,1,0.33899545632891714
1718303,18.07,711.9896,76.81,53.0,9044.0,12657.34188412207,33.54,1,0.33899545632891714
1718402,69.46,754.5264,93.33,42.0,3047.0,29157.53199868724,72.77,0,0.33899545632891714
1718451,20.72,719.6625,87.88,29.0,2193.0,58334.245326037395,36.3,1,0.33899545632891714
1718501,4.56,699.2919,95.65,44.0,3421.0,29758.842443729904,14.48,1,0.33899545632891714
1718550,21.31,715.9473,85.25,52.0,3960.0,19013.888888888887,36.89,1,0.33899545632891714
1718659,17.56,708.4688,97.56,40.0,1768.0,25870.47511312217,32.99,1,0.33899545632891714
1718709,17.52,713.4824,90.63,29.0,2738.0,32423.301680058437,32.95,1,0.33899545632891714
1718758,27.83,722.136,85.37,70.0,4841.0,31149.55587688494,42.93,1,0.33899545632891714
1718808,43.61,733.752,82.5,66.0,4215.0,16639.620403321474,55.29,1,0.33899545632891714
1718840,45.7,736.6968,86.96,40.0,3723.0,36100.45662100457,56.78,1,0.33899545632891714
1718865,16.67,705.2162,81.82,54.0,7216.0,28091.32483370288,32.01,1,0.33899545632891714
1718881,24.56,718.0968,90.74,49.0,2680.0,44161.567164179105,40.0,1,0.33899545632891714
1718899,63.15,753.4895,81.48,22.0,2219.0,124013.06894997749,68.59,0,0.33899545632891714
1718907,20.86,712.2375,94.2,65.0,4653.0,90238.98560068771,36.44,1,0.33899545632891714
1719004,48.09,733.0456,70.31,45.0,2781.0,20584.681769147788,58.46,1,0.33899545632891714
1720002,56.06,750.2525,100.0,20.0,2406.0,19403.990024937655,63.88,0,0.33899545632891714
1720101,43.97,731.7361,89.36,84.0,5654.0,16091.616554651571,55.55,1,0.33899545632891714
1720150,83.33,795.3383,90.91,30.0,1783.0,23754.9074593382,80.0,0,0.33899545632891714
1720200,26.98,715.4815,86.62,136.0,13241.0,18097.877803791253,42.19,1,0.33899545632891714
1720259,47.62,734.8708,86.36,38.0,2385.0,25097.27463312369,58.13,1,0.33899545632891714
1720309,26.56,714.9216,84.91,45.0,4100.0,16756.585365853658,41.81,1,0.33899545632891714
1720499,65.57,755.2444,93.85,61.0,4422.0,51926.277702397114,70.19,0,0.33899545632891714
1720655,34.74,727.5899,90.36,75.0,5108.0,55749.2169146437,48.64,1,0.33899545632891714
1720804,39.53,730.1595,92.81,155.0,10830.0,16586.980609418282,52.31,1,0.33899545632891714
1720853,77.59,767.597,75.68,28.0,1577.0,196804.69245402663,78.3,0,0.33899545632891714
1720903,38.31,728.6196,88.1,148.0,14011.0,27610.163443009063,51.39,1,0.33899545632891714
1720937,55.85,754.4538,78.13,25.0,2021.0,20597.229094507667,63.74,1,0.33899545632891714
1720978,43.88,735.7286,,34.0,2456.0,70490.6351791531,,1,0.33899545632891714
1721000,58.66,749.4049,75.69,3038.0,302692.0,46808.20437936913,65.61,1,0.33899545632891714
1721109,42.96,738.5226,86.96,60.0,7459.0,43914.73387853599,54.82,1,0.33899545632891714
1721208,34.41,726.1454,94.84,239.0,22615.0,23395.666592969268,48.38,1,0.33899545632891714
1721307,25.0,707.3644,94.12,16.0,1874.0,25836.17929562433,40.4,1,0.33899545632891714
1722081,35.16,723.9897,86.18,131.0,10522.0,23357.44155103593,48.97,1,0.33899545632891714
1722107,22.0,720.1447,83.58,112.0,10517.0,68718.55091756204,37.57,1,0.33899545632891714
2100055,39.59,729.3262,90.54,1350.0,106550.0,40114.14359455655,52.35,1,0.33899545632891714
2100105,72.13,784.4406,94.52,69.0,6144.0,17184.407552083332,74.56,0,0.33899545632891714
2100154,67.29,757.124,92.05,162.0,12142.0,10768.07774666447,71.33,0,0.33899545632891714
2100204,73.46,770.6495,91.88,147.0,18467.0,9219.743325932744,75.46,0,0.33899545632891714
2100303,67.9,766.3691,84.75,289.0,23286.0,14396.890835695269,71.73,0,0.33899545632891714
2100402,90.52,783.0817,81.4,70.0,6447.0,13702.962618272064,80.0,0,0.33899545632891714
2100436,70.23,762.507,91.18,217.0,24048.0,15731.62009314704,73.29,0,0.33899545632891714
2100477,36.04,725.9025,93.83,380.0,25710.0,12063.088292493192,49.66,1,0.33899545632891714
2100501,46.76,741.0599,96.15,75.0,11109.0,51649.02331442975,57.53,1,0.33899545632891714
2100550,22.97,709.0101,92.63,88.0,7170.0,13253.277545327757,38.5,1,0.33899545632891714
2100600,45.63,736.7603,89.36,319.0,37085.0,13503.626803289739,56.73,1,0.33899545632891714
2100709,72.8,780.7554,91.54,184.0,25322.0,10087.631308743386,75.01,0,0.33899545632891714
2100808,91.05,807.0786,85.24,179.0,13793.0,13979.047342855072,80.0,0,0.33899545632891714
2100832,31.51,719.5822,88.21,172.0,17519.0,9710.428677435928,46.05,1,0.33899545632891714
2100873,98.19,821.9519,80.65,125.0,11181.0,11442.178696002145,80.0,0,0.33899545632891714
2100907,56.23,748.2181,88.77,340.0,39052.0,8996.31260882925,63.99,1,0.33899545632891714
2100956,76.25,770.1843,96.28,181.0,25517.0,12565.074264216011,77.37,0,0.33899545632891714
2101004,67.49,761.8071,92.95,356.0,29472.0,14342.867806731812,71.46,0,0.33899545632891714
2101103,81.88,780.2287,95.74,135.0,11790.0,10019.592875318063,80.0,0,0.33899545632891714
2101202,45.66,735.4471,89.51,1033.0,103711.0,18444.215174860918,56.75,1,0.33899545632891714
2101251,51.49,748.692,88.12,178.0,16966.0,27480.01886125192,60.79,1,0.33899545632891714
2101301,67.67,757.3005,91.38,159.0,16290.0,9598.710865561694,71.58,0,0.33899545632891714
2101350,88.89,810.5072,92.31,36.0,5252.0,9927.265803503427,80.0,0,0.33899545632891714
2101400,39.83,728.0887,91.86,1242.0,101767.0,73990.56668664694,52.53,1,0.33899545632891714
2101509,41.6,731.5189,76.4,136.0,18984.0,16324.799831437,53.84,1,0.33899545632891714
2101608,65.45,761.7888,88.2,845.0,84532.0,13698.12615340936,70.11,0,0.33899545632891714
2101707,50.35,742.8082,94.3,745.0,65589.0,12453.140008233087,60.01,1,0.33899545632891714
2101731,61.12,753.8089,89.58,129.0,8460.0,11922.340425531915,67.24,0,0.33899545632891714
2101772,51.82,741.9729,94.05,174.0,11750.0,11354.382978723404,61.02,1,0.33899545632891714
2101806,56.0,761.6363,88.35,91.0,5469.0,17270.799049186324,63.84,0,0.33899545632891714
2101905,33.01,728.421,90.15,119.0,19584.0,8485.140931372549,47.27,1,0.33899545632891714
2101939,12.84,707.4065,96.55,28.0,5840.0,47280.47945205479,27.45,1,0.33899545632891714
2101970,59.99,756.1444,90.24,111.0,7574.0,12320.042249801954,66.49,0,0.33899545632891714
2102002,94.62,802.6272,92.94,474.0,33100.0,17253.80664652568,80.0,0,0.33899545632891714
2102036,63.61,754.4249,91.1,399.0,28599.0,15971.397601314733,68.89,0,0.33899545632891714
2102077,100.0,803.2263,96.25,77.0,12212.0,12205.69931215198,80.0,0,0.33899545632891714
2102101,50.31,747.0886,94.82,293.0,34120.0,12498.212192262605,59.99,1,0.33899545632891714
2102150,33.25,726.4564,91.07,102.0,9218.0,9773.161206335433,47.46,1,0.33899545632891714
2102200,44.96,735.9074,90.23,277.0,29685.0,11201.953848745157,56.26,1,0.33899545632891714
2102309,31.4,719.6796,93.8,257.0,22455.0,13775.417501670008,45.96,1,0.33899545632891714
2102325,39.23,731.4888,92.56,709.0,55499.0,18169.30034775401,52.09,1,0.33899545632891714
2102358,61.37,747.4186,93.41,156.0,12918.0,12116.736336894255,67.41,0,0.33899545632891714
2102374,41.14,735.7202,87.88,87.0,9732.0,8738.491574188245,53.5,1,0.33899545632891714
2102408,66.03,769.4792,89.71,61.0,10121.0,8079.735204031223,70.49,0,0.33899545632891714
2102507,53.27,747.1275,81.97,100.0,16412.0,9450.584937850354,62.0,1,0.33899545632891714
2102556,64.72,757.6242,91.3,189.0,12301.0,24653.036338509064,69.62,0,0.33899545632891714
2102606,61.61,749.8285,92.22,237.0,19932.0,10261.188039333736,67.57,0,0.33899545632891714
2102705,53.04,745.7131,92.31,204.0,24303.0,9598.526930831584,61.85,1,0.33899545632891714
2102754,35.67,728.3281,92.13,82.0,11374.0,18969.052224371375,49.37,1,0.33899545632891714
2102804,44.54,735.5742,87.22,232.0,24062.0,24753.30396475771,55.96,1,0.33899545632891714
2102903,55.58,748.437,86.16,361.0,24238.0,10167.794372472976,63.56,1,0.33899545632891714
2103000,43.75,733.713,83.56,1565.0,156973.0,17175.06195332955,55.39,1,0.33899545632891714
2103109,69.8,759.3448,90.12,73.0,10208.0,8440.92868338558,73.0,0,0.33899545632891714
2103125,100.0,805.5898,97.3,72.0,7094.0,9748.23794756132,80.0,0,0.33899545632891714
2103158,92.92,810.2896,90.81,168.0,12342.0,11142.440447253279,80.0,0,0.33899545632891714
2103174,40.03,727.187,92.67,278.0,16267.0,14545.398659863527,52.68,1,0.33899545632891714
2103208,47.1,738.3478,95.12,819.0,81386.0,13890.128523333251,57.77,1,0.33899545632891714
2103257,66.44,762.3772,92.31,108.0,12878.0,18817.362944556608,70.76,0,0.33899545632891714
2103307,46.94,737.9338,86.22,1233.0,114275.0,15821.772041128856,57.65,1,0.33899545632891714
2103406,60.53,755.6652,94.24,507.0,41658.0,11671.491670267416,66.85,0,0.33899545632891714
2103505,59.5,749.1934,88.51,385.0,40316.0,18102.242285941065,66.17,0,0.33899545632891714
2103554,43.89,742.9665,97.34,183.0,14915.0,10710.693932282937,55.49,1,0.33899545632891714
2103604,41.49,731.2018,91.5,603.0,59566.0,10702.145519255953,53.76,1,0.33899545632891714
2103703,65.83,759.7445,91.85,293.0,31558.0,10872.17187400976,70.36,0,0.33899545632891714
2103752,66.75,753.4875,98.28,229.0,14404.0,15139.683421271868,70.97,0,0.33899545632891714
2103802,40.39,724.2995,89.81,194.0,23053.0,13647.160890122761,52.95,1,0.33899545632891714
2103901,69.39,782.2487,95.3,142.0,10223.0,10637.581923114545,72.72,0,0.33899545632891714
2104008,59.36,749.5664,96.07,171.0,18311.0,11078.36819398176,66.08,0,0.33899545632891714
2104057,54.89,747.6384,88.66,477.0,33294.0,35904.337117799005,63.09,1,0.33899545632891714
2104073,84.89,775.3454,94.52,138.0,8048.0,16523.732604373756,80.0,0,0.33899545632891714
2104081,29.89,731.3713,95.65,66.0,10873.0,14693.368895429043,44.7,1,0.33899545632891714
2104099,85.6,791.4467,96.33,210.0,17719.0,14506.913482702184,80.0,0,0.33899545632891714
2104107,45.09,740.5349,89.14,156.0,12640.0,28041.77215189873,56.35,1,0.33899545632891714
2104206,40.4,731.8517,95.87,232.0,16976.0,12624.116399622995,52.96,1,0.33899545632891714
2104305,82.97,777.2039,94.15,161.0,10186.0,83956.99980365207,80.0,0,0.33899545632891714
2104404,45.23,731.1969,91.3,105.0,17206.0,10872.951296059511,56.45,1,0.33899545632891714
2104503,88.98,771.9488,96.3,78.0,10231.0,12026.87909295279,80.0,0,0.33899545632891714
2104552,80.4,778.5198,91.83,326.0,18411.0,24333.65922546304,80.0,0,0.33899545632891714
2104602,52.89,750.6587,90.85,139.0,13930.0,14011.05527638191,61.75,1,0.33899545632891714
2104628,98.32,794.1741,100.0,107.0,7063.0,15334.13563641512,80.0,0,0.33899545632891714
2104651,69.13,763.4271,88.3,83.0,10713.0,11225.053673107439,72.55,0,0.33899545632891714
2104677,76.23,776.6959,89.11,352.0,23128.0,14041.940505015564,77.35,0,0.33899545632891714
2104701,72.78,757.0099,84.13,53.0,6023.0,11105.097127677238,75.0,0,0.33899545632891714
2104800,42.36,733.5938,90.41,1028.0,73872.0,19161.36019059996,54.39,1,0.33899545632891714
2104909,89.07,785.0466,97.95,143.0,10290.0,10133.2361516035,80.0,0,0.33899545632891714
2105005,61.59,751.7069,92.38,303.0,25680.0,9393.613707165106,67.55,0,0.33899545632891714
2105104,66.57,761.912,92.38,206.0,24794.0,8547.269500685648,70.85,0,0.33899545632891714
2105153,58.92,751.8022,95.57,194.0,13974.0,33267.99771003292,65.78,0,0.33899545632891714
2105203,97.77,820.3771,95.16,118.0,10231.0,13502.492424982895,80.0,0,0.33899545632891714
2105302,45.19,734.8084,89.11,2978.0,273110.0,34695.91739592106,56.42,1,0.33899545632891714
2105351,86.12,787.9121,97.18,172.0,13828.0,9841.553369973963,80.0,0,0.33899545632891714
2105401,53.35,745.2002,93.98,750.0,60440.0,14724.156187954995,62.06,1,0.33899545632891714
2105427,79.92,775.2877,90.82,287.0,22513.0,30538.53329187581,79.94,0,0.33899545632891714
2105450,72.81,765.4291,95.33,102.0,7471.0,11171.195288448667,75.02,0,0.33899545632891714
2105476,47.09,741.0617,87.79,115.0,17076.0,10197.060201452332,57.76,1,0.33899545632891714
2105500,35.04,721.3748,89.44,288.0,24709.0,14678.538184467197,48.88,1,0.33899545632891714
2105609,54.55,748.8582,97.88,185.0,14924.0,9365.719646207453,62.87,0,0.33899545632891714
2105658,94.78,793.3171,93.9,77.0,5146.0,13892.537893509521,80.0,0,0.33899545632891714
2105708,92.18,794.0983,91.12,462.0,44403.0,13988.87462558836,80.0,0,0.33899545632891714
2105807,100.0,838.5992,94.74,54.0,9506.0,11389.017462655163,80.0,0,0.33899545632891714
2105906,62.12,760.3492,91.11,164.0,14769.0,11470.309431918207,67.9,0,0.33899545632891714
2105922,85.96,800.1793,90.35,103.0,10572.0,20010.12107453651,80.0,0,0.33899545632891714
2105948,88.14,772.8399,94.37,67.0,8758.0,11909.225850650833,80.0,0,0.33899545632891714
2105963,81.68,794.9209,97.81,134.0,11411.0,11286.5655946017,80.0,0,0.33899545632891714
2105989,60.63,754.0709,90.59,77.0,7057.0,17394.360209720846,66.92,0,0.33899545632891714
2106003,86.67,794.1252,100.0,106.0,11297.0,21051.341063999287,80.0,0,0.33899545632891714
2106102,38.8,730.1756,95.65,132.0,11597.0,33711.04596016211,51.76,1,0.33899545632891714
2106201,76.93,777.1995,93.1,108.0,7161.0,10158.776707163803,77.84,0,0.33899545632891714
2106300,51.59,739.4872,74.56,170.0,13807.0,13150.358513797348,60.86,1,0.33899545632891714
2106326,57.95,747.0242,83.83,337.0,21149.0,13014.610619887466,65.14,1,0.33899545632891714
2106359,83.33,760.7239,100.0,36.0,7027.0,16511.028888572648,80.0,0,0.33899545632891714
2106375,76.41,785.6398,95.14,137.0,13761.0,10657.946370176584,77.48,0,0.33899545632891714
2106409,69.68,765.4034,91.45,246.0,17090.0,13241.837331772966,72.92,0,0.33899545632891714
2106508,63.97,757.629,96.24,205.0,22034.0,10553.417445765637,69.13,0,0.33899545632891714
2106607,72.34,771.0041,91.46,289.0,32174.0,10393.516504009447,74.7,0,0.33899545632891714
2106631,63.8,757.6617,89.19,66.0,17432.0,7722.865993575034,69.02,0,0.33899545632891714
2106672,100.0,826.2111,97.4,75.0,8818.0,10661.94148332955,80.0,0,0.33899545632891714
2106706,35.01,726.5724,92.21,213.0,21030.0,18538.135996195913,48.86,1,0.33899545632891714
2106755,55.15,751.0401,94.63,282.0,23864.0,24235.920214549118,63.27,0,0.33899545632891714
2106805,91.54,782.6444,96.36,106.0,13978.0,9531.764200887106,80.0,0,0.33899545632891714
2106904,51.98,750.8178,91.05,295.0,27751.0,10102.95124500018,61.13,1,0.33899545632891714
2107001,71.31,765.8842,93.85,122.0,9106.0,13118.054030309686,74.01,0,0.33899545632891714
2107100,94.83,807.8686,88.94,193.0,18554.0,10264.740756710144,80.0,0,0.33899545632891714
2107209,53.08,746.0869,95.45,126.0,14176.0,7701.3261851015795,61.87,1,0.33899545632891714
2107258,85.65,792.2617,95.45,84.0,5021.0,19063.53316072496,80.0,0,0.33899545632891714
2107308,77.43,781.4971,88.57,62.0,4320.0,12369.444444444443,78.19,0,0.33899545632891714
2107357,57.16,748.6692,88.76,150.0,14314.0,12013.623026407711,64.61,1,0.33899545632891714
2107407,53.93,744.6395,87.21,150.0,17919.0,12598.638316870361,62.45,1,0.33899545632891714
2107456,80.81,789.7729,87.96,95.0,13577.0,9778.37519334168,80.0,0,0.33899545632891714
2107506,50.71,739.4564,82.71,1603.0,145643.0,11284.696140562884,60.26,1,0.33899545632891714
2107605,42.07,730.0656,90.91,120.0,21059.0,8936.321762666794,54.18,1,0.33899545632891714
2107704,78.85,774.7588,87.23,246.0,18274.0,11508.263106052316,79.18,0,0.33899545632891714
2107803,90.73,791.5642,93.4,354.0,31250.0,12217.376,80.0,0,0.33899545632891714
2107902,76.76,767.2066,96.41,242.0,17220.0,12021.718931475029,77.72,0,0.33899545632891714
2108009,74.16,770.7638,96.46,218.0,18802.0,17160.514838846928,75.94,0,0.33899545632891714
2108058,64.86,768.7305,96.67,116.0,17056.0,9262.66416510319,69.72,0,0.33899545632891714
2108108,76.26,777.0136,95.09,252.0,20341.0,12834.914704291825,77.38,0,0.33899545632891714
2108207,68.1,765.8731,93.54,304.0,37050.0,22406.774628879895,71.87,0,0.33899545632891714
2108256,65.82,762.773,89.36,210.0,24320.0,9284.333881578947,70.35,0,0.33899545632891714
2108306,55.46,747.8529,84.82,324.0,32511.0,9636.49226415675,63.48,1,0.33899545632891714
2108405,35.34,728.9933,91.3,63.0,11108.0,9904.573280518545,49.11,1,0.33899545632891714
2108454,57.3,751.5988,95.26,241.0,20479.0,13571.707602910301,64.71,0,0.33899545632891714
2108504,40.94,731.1578,86.62,369.0,31429.0,11345.699831365935,53.35,1,0.33899545632891714
2108603,53.04,744.6327,82.0,606.0,84621.0,15752.590964417815,61.85,1,0.33899545632891714
2108702,24.85,714.174,82.61,228.0,21886.0,12306.725760760304,40.27,1,0.33899545632891714
2108801,83.02,777.4668,84.91,135.0,17714.0,10470.193067630124,80.0,0,0.33899545632891714
2108900,89.32,782.438,90.48,95.0,17161.0,12897.092244041722,80.0,0,0.33899545632891714
2109007,58.08,754.936,92.99,305.0,23903.0,52413.922938543285,65.23,0,0.33899545632891714
2109056,73.83,769.4492,94.19,81.0,5954.0,10710.278804165266,75.71,0,0.33899545632891714
2109106,54.77,744.907,91.26,407.0,45155.0,21926.09899235965,63.01,1,0.33899545632891714
2109205,36.89,732.5482,87.69,57.0,11356.0,9022.367030644591,50.31,1,0.33899545632891714
2109239,75.46,771.4509,98.25,56.0,4696.0,15862.010221465076,76.82,0,0.33899545632891714
2109270,62.8,761.0963,92.23,273.0,17511.0,10624.350408314775,68.35,0,0.33899545632891714
2109304,44.27,735.774,94.4,118.0,10549.0,10321.73665750308,55.77,1,0.33899545632891714
2109403,75.54,772.1995,87.39,104.0,13614.0,8851.770236521228,76.88,0,0.33899545632891714
2109452,68.06,760.6352,90.69,409.0,30839.0,12356.788482116799,71.84,0,0.33899545632891714
2109502,41.08,727.2095,,264.0,22145.0,31054.45924587943,57.28,1,0.33899545632891714
2109551,54.24,748.284,90.63,87.0,7420.0,20080.997304582208,62.66,1,0.33899545632891714
2109601,56.65,751.0781,93.27,457.0,38475.0,13577.51786874594,64.27,0,0.33899545632891714
2109700,85.92,773.7873,91.04,61.0,5568.0,77826.86781609195,80.0,0,0.33899545632891714
2109759,36.45,711.2262,93.22,55.0,6697.0,10734.060026877709,49.98,1,0.33899545632891714
2109809,57.13,753.7609,90.0,225.0,41561.0,11643.19915305214,64.59,0,0.33899545632891714
2109908,47.14,738.6997,84.11,810.0,85014.0,21615.43980991366,57.79,1,0.33899545632891714
2110005,54.43,744.8212,92.68,734.0,57635.0,17104.346317341893,62.78,1,0.33899545632891714
2110039,93.66,807.326,92.57,249.0,24307.0,15747.068745628832,80.0,0,0.33899545632891714
2110104,89.14,788.7638,84.81,201.0,23957.0,16349.20899945736,80.0,0,0.33899545632891714
2110203,59.53,755.5151,92.21,426.0,37035.0,9848.683677602268,66.19,0,0.33899545632891714
2110237,85.85,781.5205,96.92,63.0,10567.0,10953.723857291568,80.0,0,0.33899545632891714
2110278,33.31,711.0825,80.43,111.0,13949.0,9438.526059215716,47.51,1,0.33899545632891714
2110302,52.71,745.4972,93.75,120.0,14304.0,362455.5369127517,61.62,0,0.33899545632891714
2110401,46.81,726.0404,81.68,156.0,18364.0,10154.323676758877,57.56,1,0.33899545632891714
2110500,93.75,806.596,77.01,258.0,46395.0,8711.046448970792,80.0,0,0.33899545632891714
2110609,74.43,764.1168,91.77,301.0,26943.0,14259.32524217793,76.12,0,0.33899545632891714
2110658,22.32,709.3773,94.74,108.0,7992.0,42493.61861861862,37.88,1,0.33899545632891714
2110708,41.82,734.9082,90.48,342.0,34034.0,14099.194922724337,54.0,1,0.33899545632891714
2110807,43.78,734.8816,96.0,48.0,4402.0,20899.818264425263,55.41,1,0.33899545632891714
2110856,62.65,760.0477,89.63,147.0,9051.0,15328.3615070158,68.26,0,0.33899545632891714
2110906,51.3,742.201,91.67,154.0,12064.0,10559.43302387268,60.66,1,0.33899545632891714
2111003,29.54,719.2942,83.96,89.0,18544.0,8246.117342536669,44.4,1,0.33899545632891714
2111029,65.17,755.4794,84.94,141.0,12251.0,11737.572443065872,69.92,0,0.33899545632891714
2111052,33.48,724.5317,85.51,118.0,9904.0,22872.071890145395,47.64,1,0.33899545632891714
2111078,24.38,707.2738,94.32,166.0,16889.0,12348.806915743977,39.83,1,0.33899545632891714
2111102,53.56,742.3689,91.48,290.0,25020.0,17757.194244604314,62.2,1,0.33899545632891714
2111201,62.27,753.0391,81.04,2000.0,244579.0,12820.311637548602,68.0,1,0.33899545632891714
2111250,12.94,705.736,98.44,63.0,6957.0,10914.187149633464,27.58,1,0.33899545632891714
2111300,47.49,736.9393,82.48,6365.0,1037775.0,40846.0899520609,58.04,1,0.33899545632891714
2111409,74.81,767.3806,90.96,151.0,17818.0,11130.037041194295,76.38,0,0.33899545632891714
2111508,64.56,757.2457,93.47,444.0,38829.0,15105.92598315692,69.52,0,0.33899545632891714
2111532,32.95,725.4313,91.5,183.0,14338.0,10417.00376621565,47.22,1,0.33899545632891714
2111573,40.27,738.5036,84.69,83.0,5783.0,17971.29517551444,52.86,1,0.33899545632891714
2111607,71.02,769.0733,93.45,257.0,18672.0,58377.94558697515,73.81,0,0.33899545632891714
2111631,56.29,747.1914,97.87,46.0,5650.0,11082.477876106195,64.03,0,0.33899545632891714
2111672,48.24,739.8544,86.27,44.0,4544.0,12879.841549295774,58.56,1,0.33899545632891714
2111706,61.03,758.997,86.36,114.0,19498.0,9423.27418196738,67.18,0,0.33899545632891714
2111722,100.0,843.1074,89.29,50.0,8784.0,12286.0883424408,80.0,0,0.33899545632891714
2111748,95.63,795.8547,95.28,121.0,10207.0,14237.680023513276,80.0,0,0.33899545632891714
2111763,32.24,725.5966,86.41,159.0,14700.0,15315.714285714284,46.64,1,0.33899545632891714
2111789,67.99,770.0098,87.5,98.0,10202.0,11596.94177612233,71.79,0,0.33899545632891714
2111805,42.39,735.247,92.48,246.0,17074.0,17113.213072507908,54.41,1,0.33899545632891714
2111904,49.97,738.3338,97.73,129.0,10238.0,18940.12502441883,59.75,1,0.33899545632891714
2111953,75.39,788.8061,95.12,39.0,4985.0,12680.842527582749,76.78,0,0.33899545632891714
2112001,45.1,734.1107,94.44,119.0,8862.0,295272.85037237644,56.36,1,0.33899545632891714
2112100,41.93,734.3222,87.5,287.0,26484.0,9384.38302371243,54.08,1,0.33899545632891714
2112209,67.8,764.6222,92.83,1915.0,174465.0,16279.05883701602,71.67,0,0.33899545632891714
2112233,59.01,756.2398,95.53,278.0,22484.0,19415.09517879381,65.84,0,0.33899545632891714
2112274,34.79,718.6243,86.17,81.0,5507.0,13757.036499001271,48.68,1,0.33899545632891714
2112308,38.93,728.3353,93.6,307.0,36251.0,11313.536178312323,51.86,1,0.33899545632891714
2112407,40.48,728.4776,87.95,146.0,37491.0,11068.656477554614,53.01,1,0.33899545632891714
2112456,56.43,746.0653,84.92,259.0,31638.0,8850.116947973955,64.13,1,0.33899545632891714
2112506,37.64,726.9909,92.33,542.0,53356.0,12045.74930654472,50.89,1,0.33899545632891714
2112605,76.76,768.6357,91.44,299.0,32812.0,9604.748262830672,77.72,0,0.33899545632891714
2112704,98.85,829.329,94.43,661.0,43261.0,10803.055870183305,80.0,0,0.33899545632891714
2112803,58.28,750.4503,88.72,519.0,51442.0,11833.346292912409,65.36,1,0.33899545632891714
2112852,86.07,789.2013,94.85,184.0,10362.0,18480.50569388149,80.0,0,0.33899545632891714
2112902,48.98,737.3836,90.8,227.0,30805.0,13318.195098198345,59.07,1,0.33899545632891714
2113009,51.04,741.5694,88.65,375.0,30845.0,13339.374290808884,60.49,1,0.33899545632891714
2114007,81.54,792.423,91.81,471.0,40801.0,16809.833092326167,80.0,0,0.33899545632891714
2200053,81.71,771.6235,95.24,60.0,6420.0,13228.037383177572,80.0,0,0.33899545632891714
2200103,32.61,726.352,100.0,88.0,4940.0,11606.275303643724,46.94,1,0.33899545632891714
2200202,90.64,802.035,98.65,220.0,17573.0,17272.634154669096,80.0,0,0.33899545632891714
2200251,44.44,733.74,92.31,36.0,6819.0,11847.338319401671,55.89,1,0.33899545632891714
2200277,53.89,750.6485,100.0,59.0,4634.0,12162.063012516186,62.42,0,0.33899545632891714
2200301,90.92,798.9282,93.2,96.0,13479.0,10899.399065212552,80.0,0,0.33899545632891714
2200400,61.91,755.1279,90.44,558.0,47453.0,16119.402356015424,67.77,0,0.33899545632891714
2200459,68.36,750.9045,98.57,69.0,5322.0,20497.557309282223,72.04,0,0.33899545632891714
2200509,22.26,705.1542,94.81,201.0,17234.0,14155.390507137057,37.82,1,0.33899545632891714
2200608,61.5,755.1908,100.0,86.0,6827.0,12417.167130511205,67.49,0,0.33899545632891714
2200707,46.55,739.9461,97.41,113.0,9407.0,13286.914000212608,57.38,1,0.33899545632891714
2200806,95.63,807.8954,94.55,52.0,3152.0,62696.38324873096,80.0,0,0.33899545632891714
2200905,57.69,754.6921,98.31,58.0,5369.0,12942.633637548892,64.97,0,0.33899545632891714
2200954,53.33,740.833,97.14,34.0,2690.0,11724.907063197026,62.04,1,0.33899545632891714
2201002,83.8,777.8225,97.78,44.0,4520.0,13303.761061946903,80.0,0,0.33899545632891714
2201051,84.48,786.6915,96.52,111.0,7452.0,10875.6038647343,80.0,0,0.33899545632891714
2201101,40.98,726.537,99.15,116.0,10866.0,11700.441744892323,53.38,1,0.33899545632891714
2201150,48.61,739.5807,96.75,268.0,13272.0,200215.7926461724,58.82,1,0.33899545632891714
2201176,61.11,747.8166,95.38,62.0,3995.0,11832.540675844804,67.24,0,0.33899545632891714
2201200,55.68,747.6261,96.88,622.0,47938.0,14048.6253076891,63.62,0,0.33899545632891714
2201309,38.39,720.991,100.0,36.0,3264.0,42139.0931372549,51.45,1,0.33899545632891714
2201408,38.31,737.9293,91.67,55.0,6640.0,15795.93373493976,51.39,1,0.33899545632891714
2201507,43.66,730.6377,89.64,199.0,26300.0,11641.673003802282,55.33,1,0.33899545632891714
2201556,61.05,749.5633,97.78,44.0,4091.0,15468.834025910535,67.2,0,0.33899545632891714
2201606,77.58,769.8765,89.87,142.0,9929.0,11911.068586967469,78.29,0,0.33899545632891714
2201705,59.48,753.9586,96.83,61.0,5562.0,16332.97375044948,66.16,0,0.33899545632891714
2201739,42.53,739.1606,95.33,102.0,6220.0,19313.022508038583,54.51,1,0.33899545632891714
2201770,58.74,747.6073,86.54,45.0,6902.0,11296.580701246015,65.66,1,0.33899545632891714
2201903,99.08,830.9424,97.33,219.0,28796.0,57705.02847617724,80.0,0,0.33899545632891714
2201919,87.91,783.7297,92.31,48.0,5636.0,14666.252661462027,80.0,0,0.33899545632891714
2201929,50.63,744.29,98.75,79.0,5913.0,11518.011161846776,60.21,1,0.33899545632891714
2201945,96.48,805.518,100.0,86.0,6545.0,10301.604278074867,80.0,0,0.33899545632891714
2201960,33.17,721.7194,92.13,117.0,8436.0,11986.367946894263,47.4,1,0.33899545632891714
2201988,50.33,738.2636,96.55,56.0,3904.0,14845.286885245903,60.0,1,0.33899545632891714
2202000,41.5,729.0554,94.48,274.0,19654.0,14064.617889488145,53.76,1,0.33899545632891714
2202026,84.87,787.0367,100.0,84.0,7434.0,13272.666128598332,80.0,0,0.33899545632891714
2202059,19.85,717.1029,96.97,96.0,10212.0,10557.873090481786,35.42,1,0.33899545632891714
2202075,100.0,795.0648,93.75,15.0,3108.0,14683.719433719434,80.0,0,0.33899545632891714
2202083,47.44,737.0679,99.21,125.0,7957.0,19161.87005152696,58.0,1,0.33899545632891714
2202091,100.0,827.1008,100.0,38.0,5503.0,44297.11066690896,80.0,0,0.33899545632891714
2202109,90.62,786.3494,93.75,30.0,4938.0,15233.090319967598,80.0,0,0.33899545632891714
2202117,38.53,730.5702,94.12,32.0,4616.0,13472.92027729636,51.56,1,0.33899545632891714
2202133,85.6,801.9785,95.92,94.0,6020.0,12831.063122923588,80.0,0,0.33899545632891714
2202174,17.66,711.446,93.1,81.0,7419.0,10901.87356786629,33.1,1,0.33899545632891714
2202208,52.24,742.7673,92.74,434.0,45793.0,20544.6683991003,61.3,1,0.33899545632891714
2202251,50.7,735.2358,97.67,42.0,3414.0,15240.773286467489,60.25,1,0.33899545632891714
2202307,13.66,698.9879,93.96,249.0,19365.0,17710.921766072814,28.48,1,0.33899545632891714
2202406,53.68,746.7807,97.17,103.0,11100.0,11984.774774774776,62.28,1,0.33899545632891714
2202455,65.3,758.5492,100.0,37.0,3974.0,14772.018117765478,70.01,0,0.33899545632891714
2202505,60.97,755.4344,86.07,105.0,10318.0,12361.213413452218,67.14,0,0.33899545632891714
2202539,38.51,728.3921,96.43,81.0,5630.0,12074.067495559502,51.55,1,0.33899545632891714
2202554,61.42,754.0187,98.48,65.0,5033.0,14417.643552553147,67.44,0,0.33899545632891714
2202604,75.09,769.4337,94.63,194.0,19288.0,12158.907092492742,76.57,0,0.33899545632891714
2202653,20.36,710.1777,98.36,60.0,5496.0,12484.716157205241,35.94,1,0.33899545632891714
2202703,73.16,773.921,99.34,301.0,28212.0,12471.005245994613,75.26,0,0.33899545632891714
2202711,67.54,754.2932,98.53,67.0,4911.0,12283.44532681735,71.49,0,0.33899545632891714
2202729,80.26,788.8111,97.53,79.0,6386.0,11496.08518634513,80.0,0,0.33899545632891714
2202737,78.14,775.6476,98.72,77.0,4117.0,12151.809570075298,78.68,0,0.33899545632891714
2202752,54.43,748.8853,98.51,66.0,6150.0,15113.658536585366,62.78,0,0.33899545632891714
2202778,59.89,755.3102,97.7,85.0,6994.0,11779.0963683157,66.43,0,0.33899545632891714
2202802,47.28,737.7939,98.36,60.0,4932.0,17925.385239253854,57.89,1,0.33899545632891714
2202851,61.14,744.731,100.0,49.0,4250.0,13110.117647058823,67.26,0,0.33899545632891714
2202901,47.76,733.65,92.81,284.0,27278.0,28016.056895666843,58.23,1,0.33899545632891714
2203008,79.93,781.414,95.28,101.0,7356.0,12173.327895595432,79.95,0,0.33899545632891714
2203107,50.63,742.4212,98.39,61.0,10503.0,14823.955060458915,60.21,1,0.33899545632891714
2203206,68.19,760.1166,94.12,144.0,11270.0,16526.974267968057,71.92,0,0.33899545632891714
2203230,93.16,808.9041,96.83,61.0,4854.0,117417.7997527812,80.0,0,0.33899545632891714
2203255,32.63,725.2656,93.94,62.0,4413.0,12173.804668026283,46.96,1,0.33899545632891714
2203271,16.11,701.4341,97.37,74.0,5073.0,19440.173467376306,31.38,1,0.33899545632891714
2203305,70.15,765.717,95.71,134.0,16352.0,21011.068982387478,73.23,0,0.33899545632891714
2203354,33.24,714.3862,90.82,89.0,7054.0,12703.572441168131,47.45,1,0.33899545632891714
2203404,77.13,774.5316,95.65,66.0,6320.0,14868.512658227848,77.98,0,0.33899545632891714
2203420,91.43,806.6037,100.0,48.0,4075.0,13728.343558282208,80.0,0,0.33899545632891714
2203453,97.37,792.8379,100.0,43.0,9159.0,23191.39644065946,80.0,0,0.33899545632891714
2203503,50.09,736.8351,96.34,79.0,13607.0,15350.407878297934,59.84,1,0.33899545632891714
2203602,82.88,787.9021,97.67,42.0,4377.0,15043.180260452365,80.0,0,0.33899545632891714
2203701,56.99,753.1059,98.6,423.0,40970.0,15398.90163534293,64.5,0,0.33899545632891714
2203750,36.65,733.8837,97.14,34.0,5284.0,11947.766843300533,50.13,1,0.33899545632891714
2203800,46.83,744.886,100.0,56.0,4414.0,12494.109651110104,57.58,1,0.33899545632891714
2203859,100.0,806.772,100.0,21.0,2333.0,13562.794684954992,80.0,0,0.33899545632891714
2203909,49.16,737.7356,85.83,533.0,62036.0,27298.794248500868,59.2,1,0.33899545632891714
2204006,77.97,758.2278,96.77,60.0,4505.0,12695.005549389567,78.56,0,0.33899545632891714
2204105,47.28,738.7616,98.39,61.0,4412.0,15148.00543970988,57.89,1,0.33899545632891714
2204154,59.38,753.8203,100.0,32.0,2929.0,12787.982246500513,66.09,0,0.33899545632891714
2204204,43.94,722.6183,91.57,76.0,8237.0,13541.45926915139,55.53,1,0.33899545632891714
2204303,98.26,810.0017,100.0,115.0,10259.0,13660.6881762355,80.0,0,0.33899545632891714
2204352,19.5,710.9504,93.75,60.0,5445.0,13018.549127640037,35.05,1,0.33899545632891714
2204402,31.29,720.4872,96.8,121.0,10892.0,45029.8384135145,45.87,1,0.33899545632891714
2204501,48.9,734.0809,87.31,117.0,10270.0,56958.7147030185,59.02,1,0.33899545632891714
2204550,58.08,743.922,87.5,42.0,4276.0,14100.561272217026,65.23,1,0.33899545632891714
2204600,82.43,777.3767,98.08,51.0,3518.0,11700.11370096646,80.0,0,0.33899545632891714
2204659,39.89,721.1104,92.36,145.0,9274.0,14324.13198188484,52.58,1,0.33899545632891714
2204709,55.39,744.5542,97.18,172.0,14958.0,12709.586843160852,63.43,1,0.33899545632891714
2204808,85.43,783.6578,99.14,115.0,9420.0,10805.732484076432,80.0,0,0.33899545632891714
2204907,27.85,711.5791,98.36,120.0,7774.0,12081.167995883714,42.95,1,0.33899545632891714
2205003,74.15,773.3766,98.35,119.0,10790.0,11756.348470806304,75.93,0,0.33899545632891714
2205102,25.15,719.8019,80.88,55.0,10323.0,15919.984500629662,40.54,1,0.33899545632891714
2205151,88.51,796.2188,98.85,86.0,5613.0,16246.570461428828,80.0,0,0.33899545632891714
2205201,78.99,783.8892,97.64,124.0,17527.0,12226.279454555828,79.28,0,0.33899545632891714
2205250,58.33,764.5675,100.0,24.0,4180.0,12314.832535885169,65.39,0,0.33899545632891714
2205276,73.84,762.7241,95.35,41.0,4494.0,15576.991544281265,75.72,0,0.33899545632891714
2205300,26.32,702.8819,100.0,38.0,4497.0,15315.7660662664,41.6,1,0.33899545632891714
2205359,51.05,756.2229,95.12,39.0,2970.0,27629.29292929293,60.49,1,0.33899545632891714
2205409,55.54,744.5496,98.69,151.0,13886.0,10481.276105429928,63.53,0,0.33899545632891714
2205458,38.3,728.2197,90.0,45.0,5394.0,10775.862068965514,51.39,1,0.33899545632891714
2205508,49.82,740.335,97.47,462.0,42559.0,13013.65163655161,59.65,1,0.33899545632891714
2205516,68.69,768.6594,97.67,42.0,5214.0,12918.105101649404,72.26,0,0.33899545632891714
2205524,43.29,732.496,94.94,75.0,5388.0,20016.146993318485,55.06,1,0.33899545632891714
2205532,96.41,815.1485,98.25,56.0,4425.0,13120.45197740113,80.0,0,0.33899545632891714
2205540,81.92,791.6749,76.09,35.0,2939.0,15852.330724736303,80.0,0,0.33899545632891714
2205557,21.65,704.2064,91.89,102.0,8256.0,11635.780038759689,37.22,1,0.33899545632891714
2205565,55.67,744.4298,96.55,84.0,4995.0,73812.4124124124,63.62,0,0.33899545632891714
2205573,41.38,728.3415,96.3,78.0,6331.0,10788.027167903963,53.68,1,0.33899545632891714
2205581,7.17,680.4176,91.23,52.0,4810.0,20966.528066528066,19.26,1,0.33899545632891714
2205599,12.7,694.507,93.94,31.0,4520.0,11843.805309734515,27.27,1,0.33899545632891714
2205607,97.9,814.4167,91.07,51.0,5213.0,24792.250143871086,80.0,0,0.33899545632891714
2205706,62.07,754.5429,88.99,388.0,30641.0,15071.505499167779,67.87,0,0.33899545632891714
2205805,51.73,743.6944,83.08,167.0,25375.0,12553.773399014779,60.96,1,0.33899545632891714
2205854,62.05,751.9036,87.27,96.0,8032.0,10871.762948207172,67.86,0,0.33899545632891714
2205904,100.0,820.7239,98.57,69.0,5209.0,13334.03724323287,80.0,0,0.33899545632891714
2205953,98.87,813.6756,96.72,177.0,8533.0,22835.462322746982,80.0,0,0.33899545632891714
2206001,22.19,711.5316,95.95,71.0,4724.0,14543.818797629126,37.75,1,0.33899545632891714
2206050,45.94,734.6575,98.21,55.0,5218.0,11675.546186278269,56.95,1,0.33899545632891714
2206100,24.43,704.6055,89.22,149.0,10641.0,12453.34085142374,39.88,1,0.33899545632891714
2206209,39.04,728.7563,92.57,386.0,32150.0,13122.768273716953,51.94,1,0.33899545632891714
2206308,47.32,737.2902,100.0,30.0,1318.0,26322.45827010622,57.92,1,0.33899545632891714
2206407,60.33,754.1503,97.14,102.0,10255.0,15760.799609946369,66.72,0,0.33899545632891714
2206506,100.0,831.1833,97.03,98.0,7577.0,12065.989177774845,80.0,0,0.33899545632891714
2206605,67.16,759.2703,94.69,107.0,10660.0,36708.630393996245,71.24,0,0.33899545632891714
2206654,23.7,706.6861,82.93,34.0,4377.0,12180.488919351152,39.2,1,0.33899545632891714
2206670,28.84,718.0883,94.12,96.0,6425.0,11779.610894941634,43.81,1,0.33899545632891714
2206696,66.93,755.0413,91.46,75.0,9797.0,10577.727875880371,71.09,0,0.33899545632891714
2206704,46.93,736.7761,90.91,80.0,6665.0,11824.756189047263,57.65,1,0.33899545632891714
2206720,77.65,783.7748,93.68,163.0,10262.0,13065.28941726759,78.34,0,0.33899545632891714
2206753,21.74,728.36,95.83,23.0,5228.0,13242.157612853864,37.31,1,0.33899545632891714
2206803,64.19,759.8115,84.97,130.0,8525.0,13812.434017595308,69.27,0,0.33899545632891714
2206902,69.0,755.2051,92.31,72.0,6097.0,10956.700016401508,72.46,0,0.33899545632891714
2206951,48.49,739.5296,97.67,42.0,2827.0,13640.962150689775,58.73,1,0.33899545632891714
2207009,65.92,756.1633,97.53,355.0,38161.0,19394.041036660463,70.42,0,0.33899545632891714
2207108,62.5,759.0259,100.0,24.0,2637.0,14541.524459613196,68.16,0,0.33899545632891714
2207207,86.44,804.0111,100.0,49.0,6382.0,13858.508304606707,80.0,0,0.33899545632891714
2207306,51.76,739.3877,100.0,54.0,4088.0,14242.661448140901,60.98,1,0.33899545632891714
2207355,66.01,756.7396,100.0,35.0,3000.0,20361.33333333333,70.48,0,0.33899545632891714
2207405,70.83,765.4203,100.0,24.0,4952.0,36399.23263327948,73.69,0,0.33899545632891714
2207504,50.9,746.5433,94.08,143.0,13264.0,12640.455367913148,60.39,1,0.33899545632891714
2207553,100.0,815.6324,91.67,22.0,3813.0,13956.726986624704,80.0,0,0.33899545632891714
2207603,67.67,764.2915,96.83,122.0,10103.0,13258.339107195881,71.58,0,0.33899545632891714
2207702,31.0,716.5353,82.64,1485.0,162159.0,22707.00978669084,45.63,1,0.33899545632891714
2207751,100.0,806.7368,88.57,31.0,4135.0,15170.012091898428,80.0,0,0.33899545632891714
2207777,81.59,776.243,97.92,47.0,5425.0,12099.723502304148,80.0,0,0.33899545632891714
2207793,100.0,816.405,96.67,29.0,3880.0,11328.350515463919,80.0,0,0.33899545632891714
2207801,45.07,733.8992,96.4,214.0,21055.0,17060.793160769415,56.33,1,0.33899545632891714
2207850,66.32,753.361,100.0,34.0,3628.0,12630.37486218302,70.68,0,0.33899545632891714
2207900,25.09,709.0825,93.3,418.0,37894.0,13193.012086346123,40.49,1,0.33899545632891714
2207934,37.77,722.6159,75.76,25.0,2458.0,15534.987794955248,50.99,1,0.33899545632891714
2207959,48.03,729.9869,100.0,57.0,4076.0,12672.71835132483,58.41,1,0.33899545632891714
2208007,52.95,740.4464,88.82,548.0,83090.0,29566.518233241062,61.79,1,0.33899545632891714
2208106,60.51,760.6756,98.55,68.0,11341.0,10603.738647385591,66.84,0,0.33899545632891714
2208205,35.27,723.4547,97.12,236.0,17613.0,13288.763981150287,49.06,1,0.33899545632891714
2208304,75.64,768.6582,97.74,389.0,28846.0,16108.85391388754,76.95,0,0.33899545632891714
2208403,33.16,719.9747,97.99,731.0,65538.0,18956.345936708476,47.39,1,0.33899545632891714
2208502,40.12,724.1475,97.14,136.0,12052.0,11871.63956189844,52.75,1,0.33899545632891714
2208551,73.86,765.0995,96.88,31.0,2364.0,20238.15566835872,75.73,0,0.33899545632891714
2208601,14.28,702.4371,94.23,49.0,3042.0,14252.136752136752,29.23,1,0.33899545632891714
2208650,60.22,753.4794,95.8,114.0,8738.0,21609.97940032044,66.65,0,0.33899545632891714
2208700,99.0,808.6066,98.92,92.0,8394.0,14964.617583988564,80.0,0,0.33899545632891714
2208809,40.89,728.2702,96.06,195.0,17133.0,19682.83429638709,53.32,1,0.33899545632891714
2208858,98.41,811.5663,100.0,64.0,4165.0,14766.626650660264,80.0,0,0.33899545632891714
2208874,57.75,755.759,95.35,41.0,4055.0,68568.68064118372,65.01,0,0.33899545632891714
2208908,88.78,801.3779,95.06,77.0,6164.0,150461.55094094743,80.0,0,0.33899545632891714
2209005,48.59,739.9316,98.77,80.0,5801.0,13083.60627478021,58.8,1,0.33899545632891714
2209104,95.61,816.6554,97.87,46.0,5831.0,13385.868633167553,80.0,0,0.33899545632891714
2209153,52.44,740.8267,93.33,42.0,3435.0,15048.034934497817,61.44,1,0.33899545632891714
2209203,27.74,718.5381,97.3,108.0,6087.0,129679.31657631016,42.85,1,0.33899545632891714
2209302,100.0,802.2091,92.31,36.0,5336.0,16432.721139430283,80.0,0,0.33899545632891714
2209351,33.11,722.1995,92.31,36.0,4125.0,12698.181818181818,47.35,1,0.33899545632891714
2209377,61.02,760.9445,100.0,59.0,4650.0,13644.086021505376,67.18,0,0.33899545632891714
2209401,61.21,744.5453,93.85,61.0,5839.0,16757.83524576126,67.3,0,0.33899545632891714
2209450,96.15,797.222,96.3,26.0,2138.0,11826.005612722169,80.0,0,0.33899545632891714
2209500,73.42,771.6802,100.0,45.0,3646.0,13507.405375754252,75.43,0,0.33899545632891714
2209559,87.8,783.6016,100.0,81.0,4358.0,12331.344653510785,80.0,0,0.33899545632891714
2209609,35.56,726.6246,90.0,27.0,2842.0,13378.958479943702,49.29,1,0.33899545632891714
2209658,33.64,721.293,100.0,33.0,5572.0,12243.718592964824,47.77,1,0.33899545632891714
2209708,58.13,750.9211,98.28,57.0,5392.0,12474.777448071216,65.26,0,0.33899545632891714
2209757,76.47,768.3454,100.0,34.0,2947.0,21789.277231082455,77.52,0,0.33899545632891714
2209807,94.18,816.8226,94.34,50.0,4837.0,16647.302046723176,80.0,0,0.33899545632891714
2209872,26.94,719.0522,95.56,86.0,5522.0,13571.169865990585,42.15,1,0.33899545632891714
2209906,49.25,739.5422,97.1,67.0,6114.0,11896.957801766439,59.26,1,0.33899545632891714
2209955,53.64,746.8414,98.04,50.0,4383.0,10481.405430070728,62.25,1,0.33899545632891714
2209971,33.59,724.8159,97.83,135.0,8186.0,11715.612020522844,47.73,1,0.33899545632891714
2210003,44.35,732.2427,94.46,307.0,21421.0,19535.922692684748,55.82,1,0.33899545632891714
2210052,100.0,822.4803,100.0,78.0,4841.0,17147.077050196243,80.0,0,0.33899545632891714
2210102,76.0,759.9932,96.15,25.0,3297.0,15177.130724901424,77.2,0,0.33899545632891714
2210201,93.83,781.6936,98.51,66.0,6597.0,12280.885250871608,80.0,0,0.33899545632891714
2210300,94.83,806.8695,100.0,58.0,6025.0,11258.423236514524,80.0,0,0.33899545632891714
2210359,100.0,792.3627,96.3,26.0,4410.0,12450.566893424037,80.0,0,0.33899545632891714
2210375,58.51,746.2839,91.18,31.0,2309.0,12313.988739714163,65.51,0,0.33899545632891714
2210383,24.14,718.9739,100.0,29.0,2269.0,14503.746143675628,39.61,1,0.33899545632891714
2210391,55.79,752.524,96.15,25.0,2829.0,13020.855425945563,63.7,0,0.33899545632891714
2210409,29.86,716.7069,93.1,135.0,17554.0,11768.94155178307,44.67,1,0.33899545632891714
2210508,49.25,735.558,94.15,193.0,13755.0,11592.29371137768,59.26,1,0.33899545632891714
2210607,68.18,764.7685,99.48,385.0,38934.0,19566.06051266245,71.92,0,0.33899545632891714
2210623,26.0,710.2858,93.55,58.0,3202.0,17981.57401623985,41.31,1,0.33899545632891714
2210631,93.5,782.6877,96.88,62.0,4446.0,163047.90823211876,80.0,0,0.33899545632891714
2210656,45.16,732.4203,93.85,61.0,9460.0,10254.334038054967,56.4,1,0.33899545632891714
2210706,68.51,760.2732,96.53,167.0,14350.0,37844.45993031359,72.14,0,0.33899545632891714
2210805,88.71,787.1548,96.84,153.0,13870.0,17066.40230713771,80.0,0,0.33899545632891714
2210904,68.44,776.3475,92.5,37.0,4141.0,12776.38251630041,72.09,0,0.33899545632891714
2210938,27.08,723.4224,88.24,60.0,6220.0,13712.700964630225,42.28,1,0.33899545632891714
2210953,68.75,755.6615,100.0,32.0,2949.0,13270.261105459478,72.3,0,0.33899545632891714
2210979,58.33,743.9485,100.0,24.0,2316.0,19013.385146804838,65.39,0,0.33899545632891714
2211001,48.21,738.1982,90.8,7217.0,866300.0,33994.07018353919,58.54,1,0.33899545632891714
2211100,26.82,715.9677,94.2,552.0,46119.0,13207.615082720788,42.05,1,0.33899545632891714
2211209,27.78,723.3536,95.76,316.0,25203.0,167689.00527714955,42.89,1,0.33899545632891714
2211308,51.94,736.0538,95.8,137.0,22279.0,17319.628349566858,61.1,1,0.33899545632891714
2211357,25.97,716.033,100.0,48.0,5055.0,12036.79525222552,41.29,1,0.33899545632891714
2211407,93.66,796.6716,95.24,40.0,4417.0,12375.820692777903,80.0,0,0.33899545632891714
2211506,94.44,783.2064,100.0,33.0,3185.0,12180.847723704868,80.0,0,0.33899545632891714
2211605,100.0,813.2774,100.0,25.0,2935.0,14283.13458262351,80.0,0,0.33899545632891714
2211704,37.6,723.3893,93.94,31.0,4059.0,14324.710519832472,50.86,1,0.33899545632891714
2300101,88.3,782.0445,97.25,106.0,10038.0,14318.589360430364,80.0,0,0.33899545632891714
2300150,78.14,775.9926,98.09,205.0,14027.0,15717.829899479575,78.68,0,0.33899545632891714
2300200,95.81,816.4743,92.52,891.0,65264.0,19156.824589360138,80.0,0,0.33899545632891714
2300309,62.63,755.5169,93.42,454.0,44962.0,15424.91437213647,68.24,0,0.33899545632891714
2300408,75.14,778.2022,94.77,145.0,14076.0,12011.651037226484,76.61,0,0.33899545632891714
2300507,97.81,833.3378,98.48,130.0,11369.0,10171.782918462482,80.0,0,0.33899545632891714
2300606,100.0,847.2634,97.27,107.0,6782.0,13584.193453258626,80.0,0,0.33899545632891714
2300705,99.61,823.7725,96.02,169.0,14155.0,19347.439067467323,80.0,0,0.33899545632891714
2300754,83.0,787.5765,96.31,679.0,42156.0,19169.892779201065,80.0,0,0.33899545632891714
2300804,97.31,824.7575,98.72,77.0,7245.0,13967.011732229124,80.0,0,0.33899545632891714
2300903,80.8,783.8755,95.6,152.0,12928.0,12907.178217821782,80.0,0,0.33899545632891714
2301000,87.89,797.4987,92.31,1212.0,80645.0,60152.61950523901,80.0,0,0.33899545632891714
2301109,89.12,803.6315,96.77,868.0,75113.0,26180.19517260661,80.0,0,0.33899545632891714
2301208,87.25,788.56,97.01,325.0,25553.0,13160.255155950377,80.0,0,0.33899545632891714
2301257,98.92,831.3667,100.0,145.0,11096.0,12925.739005046864,80.0,0,0.33899545632891714
2301307,75.5,779.5553,96.41,349.0,19783.0,13100.540868422384,76.85,0,0.33899545632891714
2301406,86.27,792.0295,95.32,163.0,11224.0,17022.006414825373,80.0,0,0.33899545632891714
2301505,73.64,772.7966,95.35,82.0,7429.0,11855.969847893393,75.58,0,0.33899545632891714
2301604,90.73,803.265,98.63,288.0,21697.0,14278.656035396598,80.0,0,0.33899545632891714
2301703,72.85,770.1937,96.21,254.0,23714.0,12311.292907143461,75.05,0,0.33899545632891714
2301802,97.63,811.6007,93.75,45.0,5704.0,12708.27489481066,80.0,0,0.33899545632891714
2301851,80.28,788.1615,95.13,254.0,17195.0,18527.420761849375,80.0,0,0.33899545632891714
2301901,85.38,790.2035,93.49,732.0,75033.0,21942.398677915047,80.0,0,0.33899545632891714
2301950,88.76,795.8001,96.5,331.0,22392.0,12926.268310110752,80.0,0,0.33899545632891714
2302008,67.84,763.0324,93.84,198.0,19381.0,14785.4599865848,71.69,0,0.33899545632891714
2302057,96.36,826.9958,98.89,267.0,14567.0,11653.600604105168,80.0,0,0.33899545632891714
2302107,77.86,775.9169,97.89,372.0,35218.0,16417.82611164745,78.49,0,0.33899545632891714
2302206,78.11,780.2903,95.13,743.0,53114.0,27215.141017434198,78.66,0,0.33899545632891714
2302305,95.85,815.6104,96.59,396.0,32775.0,11642.044241037376,80.0,0,0.33899545632891714
2302404,80.04,792.1698,93.95,466.0,50411.0,14237.388665172284,80.0,0,0.33899545632891714
2302503,93.05,798.7006,95.43,605.0,51090.0,24737.972205911137,80.0,0,0.33899545632891714
2302602,94.5,815.3219,94.96,773.0,62326.0,15770.095947116773,80.0,0,0.33899545632891714
2302701,84.18,787.4531,96.74,267.0,25135.0,14724.766262184205,80.0,0,0.33899545632891714
2302800,96.87,819.111,98.31,930.0,74174.0,16108.973494755575,80.0,0,0.33899545632891714
2302909,77.64,784.5019,98.03,199.0,17254.0,13129.767010548281,78.33,0,0.33899545632891714
2303006,96.73,820.9978,99.53,211.0,16377.0,12806.252671429444,80.0,0,0.33899545632891714
2303105,99.57,836.2989,98.71,229.0,17632.0,13868.988203266788,80.0,0,0.33899545632891714
2303204,90.05,794.9854,95.86,347.0,26320.0,11213.373860182373,80.0,0,0.33899545632891714
2303303,97.11,819.5357,95.98,191.0,17015.0,13504.025859535703,80.0,0,0.33899545632891714
2303402,87.03,796.3505,98.5,262.0,17210.0,12252.469494479954,80.0,0,0.33899545632891714
2303501,87.56,799.2798,93.2,905.0,72720.0,18349.3399339934,80.0,0,0.33899545632891714
2303600,79.24,783.162,89.25,83.0,10243.0,14835.399785219173,79.46,0,0.33899545632891714
2303659,100.0,846.3539,92.59,125.0,10444.0,13184.986595174263,80.0,0,0.33899545632891714
2303709,67.04,765.3228,93.86,4036.0,355679.0,27759.74122734263,71.16,0,0.33899545632891714
2303808,96.63,814.6663,98.08,204.0,22344.0,13608.57500895095,80.0,0,0.33899545632891714
2303907,75.3,780.4655,97.83,180.0,12462.0,11331.327234793773,76.71,0,0.33899545632891714
2303931,97.81,817.3538,95.72,179.0,12113.0,17458.84586807562,80.0,0,0.33899545632891714
2303956,98.33,819.9931,96.47,301.0,20163.0,13329.66324455686,80.0,0,0.33899545632891714
2304004,100.0,868.4554,100.0,233.0,20953.0,12672.123323629074,80.0,0,0.33899545632891714
2304103,97.13,817.2855,95.29,829.0,76390.0,16476.305799188376,80.0,0,0.33899545632891714
2304202,93.55,816.1989,97.66,1294.0,131050.0,18661.32773750477,80.0,0,0.33899545632891714
2304236,98.5,839.5392,99.25,265.0,17481.0,16175.676448715749,80.0,0,0.33899545632891714
2304251,99.53,827.8531,93.36,506.0,29761.0,19006.85460838009,80.0,0,0.33899545632891714
2304269,98.65,819.8447,100.0,74.0,8932.0,13929.914912673532,80.0,0,0.33899545632891714
2304277,98.58,824.9662,96.0,72.0,6247.0,16399.071554346086,80.0,0,0.33899545632891714
2304285,92.64,811.2517,96.61,1112.0,74170.0,66608.49400026965,80.0,0,0.33899545632891714
2304301,98.01,827.1678,95.86,255.0,18217.0,13295.822583301311,80.0,0,0.33899545632891714
2304350,100.0,861.4917,97.92,235.0,24173.0,14326.066272287264,80.0,0,0.33899545632891714
2304400,74.03,774.4244,93.87,18800.0,2428708.0,35796.741312665006,75.85,2,0.33899545632891714
2304459,97.52,830.9662,95.16,236.0,17294.0,22627.84780848849,80.0,0,0.33899545632891714
2304509,99.67,823.7322,98.82,252.0,15657.0,27047.965766111007,80.0,0,0.33899545632891714
2304608,94.2,807.26,96.15,75.0,6734.0,14464.805464805464,80.0,0,0.33899545632891714
2304657,98.41,839.2613,98.41,186.0,13801.0,11557.568292152742,80.0,0,0.33899545632891714
2304707,93.26,822.3803,97.78,750.0,53344.0,10523.657768446312,80.0,0,0.33899545632891714
2304806,94.87,805.2742,100.0,78.0,4841.0,13935.757074984507,80.0,0,0.33899545632891714
2304905,99.15,838.52,98.33,118.0,10910.0,12462.603116406966,80.0,0,0.33899545632891714
2304954,72.74,769.7304,96.09,246.0,24325.0,12971.099691675232,74.97,0,0.33899545632891714
2305001,98.55,828.4936,99.84,611.0,42053.0,20886.833281811047,80.0,0,0.33899545632891714
2305100,91.67,811.44,98.61,71.0,5654.0,18538.379908029718,63.58,0,0.33899545632891714
2305209,99.02,829.7064,97.49,194.0,17855.0,13420.722486698403,80.0,0,0.33899545632891714
2305233,93.36,813.1199,88.26,962.0,74755.0,39660.41067487125,80.0,0,0.33899545632891714
2305266,70.3,776.0247,97.56,160.0,11956.0,13697.306791569086,73.33,0,0.33899545632891714
2305308,94.97,819.7662,98.75,315.0,23965.0,18022.32422282496,80.0,0,0.33899545632891714
2305332,96.13,805.3671,95.35,164.0,11611.0,12994.315735078804,80.0,0,0.33899545632891714
2305357,82.16,795.3152,96.08,294.0,21433.0,21144.26351887277,80.0,0,0.33899545632891714
2305407,80.08,781.5907,98.23,611.0,62642.0,14749.944126943585,80.0,0,0.33899545632891714
2305506,56.55,746.2278,90.89,778.0,98064.0,23882.709251101318,64.21,1,0.33899545632891714
2305605,98.8,827.6705,99.4,166.0,24024.0,16988.34498834499,80.0,0,0.33899545632891714
2305654,97.47,819.4543,97.59,162.0,11575.0,11589.63282937365,80.0,0,0.33899545632891714
2305704,87.85,790.8661,98.53,134.0,12083.0,15464.785235454772,80.0,0,0.33899545632891714
2305803,94.21,819.6779,98.98,485.0,41081.0,16467.929213018186,80.0,0,0.33899545632891714
2305902,97.9,821.221,99.11,446.0,36798.0,11055.791075601936,80.0,0,0.33899545632891714
2306009,98.61,838.8537,96.1,148.0,14001.0,18081.137061638456,80.0,0,0.33899545632891714
2306108,96.53,818.9425,96.42,323.0,23915.0,11357.808906544007,80.0,0,0.33899545632891714
2306207,91.32,813.3549,99.06,105.0,7536.0,13753.450106157114,80.0,0,0.33899545632891714
2306256,85.82,798.054,96.25,795.0,64650.0,36391.91028615622,80.0,0,0.33899545632891714
2306306,90.68,801.7121,92.7,546.0,46426.0,15971.933830181364,80.0,0,0.33899545632891714
2306405,84.81,788.5474,93.2,1536.0,131123.0,19450.21849713628,80.0,0,0.33899545632891714
2306504,96.14,810.3853,99.03,205.0,17841.0,11994.787287708088,80.0,0,0.33899545632891714
2306553,92.56,801.8838,96.08,515.0,42957.0,16555.276206438997,80.0,0,0.33899545632891714
2306603,99.62,825.1054,99.23,258.0,20424.0,11561.300430865647,80.0,0,0.33899545632891714
2306702,94.68,816.0433,96.73,207.0,17232.0,18394.092386258126,80.0,0,0.33899545632891714
2306801,89.41,803.3191,96.92,126.0,10356.0,18977.69409038238,80.0,0,0.33899545632891714
2306900,85.97,790.4814,95.52,384.0,33726.0,21966.04993180336,80.0,0,0.33899545632891714
2307007,84.18,792.3858,93.35,323.0,31701.0,20980.095265133597,80.0,0,0.33899545632891714
2307106,77.88,776.1159,97.42,378.0,27411.0,13484.659443289192,78.5,0,0.33899545632891714
2307205,74.37,765.7872,97.44,114.0,7861.0,16531.23012339397,76.08,0,0.33899545632891714
2307254,99.76,830.1665,95.97,453.0,25555.0,27829.896302093526,80.0,0,0.33899545632891714
2307304,60.56,756.6707,93.76,2481.0,286120.0,22569.352020131413,66.87,0,0.33899545632891714
2307403,86.69,798.457,95.0,266.0,23922.0,16319.287684976172,80.0,0,0.33899545632891714
2307502,75.38,779.4349,96.84,276.0,30802.0,14447.113823777676,76.77,0,0.33899545632891714
2307601,87.84,801.3648,91.07,602.0,59560.0,31129.365345869715,80.0,0,0.33899545632891714
2307635,97.67,822.1445,96.05,243.0,16896.0,12766.098484848484,80.0,0,0.33899545632891714
2307650,82.4,789.271,94.71,3132.0,234509.0,57738.0569615665,80.0,0,0.33899545632891714
2307700,79.76,786.2143,95.16,1159.0,105093.0,19137.27841055065,79.83,0,0.33899545632891714
2307809,94.18,807.9766,94.9,484.0,25799.0,17579.634869568585,80.0,0,0.33899545632891714
2307908,98.47,834.3973,97.73,129.0,10846.0,11568.50451779458,80.0,0,0.33899545632891714
2308005,99.41,829.6316,98.04,500.0,37697.0,12818.791946308724,80.0,0,0.33899545632891714
2308104,84.73,788.6292,98.21,548.0,45561.0,15532.297359583856,80.0,0,0.33899545632891714
2308203,98.47,832.8086,99.18,242.0,15157.0,10995.843504651315,80.0,0,0.33899545632891714
2308302,75.28,774.2408,95.31,264.0,25900.0,12943.590733590732,76.7,0,0.33899545632891714
2308351,100.0,816.0274,100.0,159.0,14123.0,17718.685831622177,80.0,0,0.33899545632891714
2308377,86.66,787.4835,92.89,183.0,14196.0,9964.919695688926,80.0,0,0.33899545632891714
2308401,74.75,772.7485,93.14,407.0,36822.0,16247.379284123623,76.34,0,0.33899545632891714
2308500,93.52,806.0871,99.58,470.0,37735.0,14622.870014575328,80.0,0,0.33899545632891714
2308609,96.51,824.1318,98.68,149.0,17149.0,12300.309055921627,80.0,0,0.33899545632891714
2308708,71.96,769.6683,95.45,588.0,61443.0,30564.620868121674,74.45,0,0.33899545632891714
2308807,98.91,822.7696,98.96,95.0,8254.0,10427.671432032954,80.0,0,0.33899545632891714
2308906,98.9,838.7366,95.22,279.0,22753.0,10547.839845295126,80.0,0,0.33899545632891714
2309003,97.92,829.7948,96.35,185.0,13666.0,12593.589931216156,80.0,0,0.33899545632891714
2309102,85.81,792.257,93.7,119.0,10569.0,13861.576308070771,80.0,0,0.33899545632891714
2309201,100.0,851.2765,100.0,217.0,15399.0,13431.976102344308,80.0,0,0.33899545632891714
2309300,96.69,817.0986,97.94,333.0,30699.0,14103.000097723054,80.0,0,0.33899545632891714
2309409,98.72,817.3431,98.79,407.0,27545.0,12477.110183336361,80.0,0,0.33899545632891714
2309458,89.45,793.255,99.34,300.0,24493.0,13174.621320377251,80.0,0,0.33899545632891714
2309508,90.9,803.4065,91.53,227.0,19675.0,13610.724269377382,80.0,0,0.33899545632891714
2309607,85.7,798.5172,90.28,771.0,70983.0,25471.84537142696,80.0,0,0.33899545632891714
2309706,76.03,778.8539,95.79,956.0,81524.0,21028.80133457632,77.22,0,0.33899545632891714
2309805,88.89,798.9262,96.92,126.0,11186.0,15678.43733237976,80.0,0,0.33899545632891714
2309904,97.88,828.2567,100.0,90.0,6175.0,13155.78947368421,80.0,0,0.33899545632891714
2310001,70.54,768.5425,94.39,101.0,9346.0,13392.039375133747,73.49,0,0.33899545632891714
2310100,98.68,816.3763,95.56,129.0,10242.0,13792.61862917399,80.0,0,0.33899545632891714
2310209,94.86,815.287,98.78,567.0,38980.0,17434.248332478197,80.0,0,0.33899545632891714
2310258,98.24,821.419,97.86,458.0,32216.0,19061.646386888504,80.0,0,0.33899545632891714
2310308,83.15,790.1398,94.14,289.0,31445.0,11114.262998886945,80.0,0,0.33899545632891714
2310407,98.85,813.5251,93.1,81.0,10384.0,13246.62942989214,80.0,0,0.33899545632891714
2310506,99.44,833.6111,99.16,356.0,40187.0,11973.946798716002,80.0,0,0.33899545632891714
2310605,77.7,773.5864,90.63,116.0,8972.0,16639.87962550156,78.38,0,0.33899545632891714
2310704,93.06,815.984,96.96,414.0,37813.0,13810.541348213577,80.0,0,0.33899545632891714
2310803,95.85,818.8736,97.98,242.0,15501.0,42816.205406102825,80.0,0,0.33899545632891714
2310852,90.29,802.0513,90.88,299.0,23391.0,15531.35821469796,80.0,0,0.33899545632891714
2310902,100.0,828.0107,99.44,178.0,16616.0,12249.217621569573,80.0,0,0.33899545632891714
2310951,99.14,865.7816,88.79,103.0,10606.0,9767.207241184233,80.0,0,0.33899545632891714
2311009,96.02,801.1568,100.0,149.0,12065.0,11515.375051802735,80.0,0,0.33899545632891714
2311108,93.46,815.209,97.12,236.0,17050.0,13631.554252199412,80.0,0,0.33899545632891714
2311207,90.85,800.1922,94.02,110.0,8833.0,13696.479112419334,80.0,0,0.33899545632891714
2311231,100.0,833.0979,95.56,43.0,5974.0,17466.521593572146,80.0,0,0.33899545632891714
2311264,98.54,837.5048,98.09,205.0,20213.0,12363.231583634297,80.0,0,0.33899545632891714
2311306,88.36,800.4837,95.28,847.0,84168.0,16923.74774261002,80.0,0,0.33899545632891714
2311355,79.3,778.2736,93.47,186.0,15910.0,15166.37335009428,79.5,0,0.33899545632891714
2311405,98.53,821.9508,94.91,989.0,82177.0,23468.354892488165,80.0,0,0.33899545632891714
2311504,86.21,794.5792,95.97,238.0,20874.0,38601.99290984,80.0,0,0.33899545632891714
2311603,84.99,791.3037,97.28,393.0,27214.0,19137.429264349237,80.0,0,0.33899545632891714
2311702,99.52,831.7239,96.65,202.0,18606.0,12820.48801461894,80.0,0,0.33899545632891714
2311801,92.93,804.7985,90.85,904.0,72928.0,20809.291355857833,80.0,0,0.33899545632891714
2311900,75.38,771.225,96.09,172.0,13854.0,13773.783744766853,76.77,0,0.33899545632891714
2311959,96.62,824.7329,99.25,264.0,16633.0,13369.746888715204,80.0,0,0.33899545632891714
2312007,99.18,822.1316,99.44,353.0,30628.0,11499.020504113885,80.0,0,0.33899545632891714
2312106,89.48,801.4369,99.21,251.0,16954.0,11277.39766426802,80.0,0,0.33899545632891714
2312205,98.21,828.6634,98.22,387.0,40183.0,21382.79869596596,80.0,0,0.33899545632891714
2312304,96.93,830.3339,98.64,579.0,47640.0,18535.348446683456,80.0,0,0.33899545632891714
2312403,81.99,790.9425,96.47,1010.0,54143.0,127594.94302125851,80.0,0,0.33899545632891714
2312502,79.82,788.4122,96.0,48.0,5855.0,23410.418445772844,79.87,0,0.33899545632891714
2312601,81.66,779.7168,87.12,115.0,10822.0,14876.824986139345,80.0,0,0.33899545632891714
2312700,100.0,819.031,98.14,211.0,24266.0,19529.38267534822,80.0,0,0.33899545632891714
2312809,99.07,824.5484,97.2,104.0,7262.0,11328.835031671715,80.0,0,0.33899545632891714
2312908,98.74,840.1149,96.73,2482.0,203023.0,32454.101259463212,80.0,0,0.33899545632891714
2313005,98.1,818.9533,98.64,217.0,18179.0,20391.2756477254,80.0,0,0.33899545632891714
2313104,88.99,798.2684,93.37,310.0,30652.0,19072.62168863369,80.0,0,0.33899545632891714
2313203,97.16,827.8207,99.6,251.0,24815.0,12863.268184565786,80.0,0,0.33899545632891714
2313252,95.11,810.8039,93.18,82.0,7529.0,15516.934519856555,80.0,0,0.33899545632891714
2313302,87.18,798.7813,94.73,575.0,61227.0,15260.40798993908,80.0,0,0.33899545632891714
2313351,85.37,792.6717,98.81,250.0,17154.0,10163.751894601843,80.0,0,0.33899545632891714
2313401,84.36,796.1294,94.76,1068.0,81506.0,27792.469266066302,80.0,0,0.33899545632891714
2313500,89.87,803.8745,93.88,875.0,58415.0,17787.9483009501,80.0,0,0.33899545632891714
2313559,89.24,804.8652,93.82,167.0,15412.0,10667.077601868674,80.0,0,0.33899545632891714
2313609,96.98,816.3502,97.29,466.0,32767.0,25632.099368266852,80.0,0,0.33899545632891714
2313708,87.59,800.8107,98.53,67.0,6871.0,12462.960267792172,80.0,0,0.33899545632891714
2313757,67.93,764.1272,94.91,261.0,17470.0,12059.072696050373,71.75,0,0.33899545632891714
2313807,81.36,784.3264,97.53,276.0,20189.0,22056.268264896724,80.0,0,0.33899545632891714
2313906,95.51,807.5846,98.63,216.0,13746.0,18516.95038556671,80.0,0,0.33899545632891714
2313955,99.57,828.3771,90.08,236.0,18105.0,26958.51974592654,80.0,0,0.33899545632891714
2314003,95.17,821.6184,95.77,453.0,38984.0,14755.130309870716,80.0,0,0.33899545632891714
2314102,88.59,800.9417,98.06,912.0,59712.0,12112.305734190784,80.0,0,0.33899545632891714
2400109,44.07,728.258,85.59,101.0,10597.0,18479.56968953477,55.62,1,0.33899545632891714
2400208,42.17,731.4613,77.01,345.0,56496.0,38412.931888983294,54.25,1,0.33899545632891714
2400307,39.47,730.7305,,58.0,10839.0,14846.48030261094,,1,0.33899545632891714
2400406,33.29,724.7991,95.12,39.0,2946.0,14444.67073998642,47.49,1,0.33899545632891714
2400505,17.76,705.2003,84.8,106.0,13640.0,15331.15835777126,33.21,1,0.33899545632891714
2400604,11.11,691.8627,90.0,18.0,4687.0,14578.408363558781,25.17,1,0.33899545632891714
2400703,48.41,737.3908,91.05,173.0,12484.0,72315.20346042934,58.68,1,0.33899545632891714
2400802,19.34,713.1334,79.52,66.0,11632.0,22173.22902338377,34.89,1,0.33899545632891714
2400901,25.23,720.0945,76.32,29.0,6577.0,12082.104302873653,40.62,1,0.33899545632891714
2401008,36.86,713.8515,78.71,159.0,35897.0,26239.518622726133,50.29,1,0.33899545632891714
2401107,52.23,747.557,78.18,129.0,24093.0,45226.704852031704,61.3,1,0.33899545632891714
2401206,24.75,712.36,81.55,137.0,13251.0,35565.91955324127,40.17,1,0.33899545632891714
2401305,36.13,724.9476,80.72,67.0,9730.0,14017.574511819117,49.73,1,0.33899545632891714
2401404,26.01,720.0544,80.6,54.0,8825.0,38064.92917847025,41.32,1,0.33899545632891714
2401453,32.01,716.9271,78.48,186.0,26913.0,36828.447218816174,46.46,1,0.33899545632891714
2401503,55.27,739.968,88.0,22.0,3986.0,15951.580531861515,63.35,1,0.33899545632891714
2401602,14.89,694.0429,75.0,45.0,4807.0,26749.323902641987,29.96,1,0.33899545632891714
2401701,36.61,721.937,,55.0,9952.0,14119.674437299036,,1,0.33899545632891714
2401800,21.47,698.0752,,49.0,12202.0,13781.593181445664,,1,0.33899545632891714
2401859,31.2,713.2731,90.0,81.0,6293.0,19006.99189575719,45.79,1,0.33899545632891714
2401909,38.04,721.9889,78.95,30.0,3268.0,145099.14320685435,51.19,1,0.33899545632891714
2402006,35.59,722.8431,85.95,312.0,61146.0,28387.744087920713,49.31,1,0.33899545632891714
2402105,24.04,712.8877,82.28,65.0,10215.0,12919.725893294177,39.52,1,0.33899545632891714
2402204,37.7,726.7612,79.9,326.0,29668.0,20761.662397195636,50.93,1,0.33899545632891714
2402303,25.23,708.1584,77.05,94.0,19614.0,27543.23442439074,40.62,1,0.33899545632891714
2402402,65.52,750.8845,91.3,84.0,7992.0,18881.63163163163,70.15,0,0.33899545632891714
2402501,27.39,718.793,78.57,77.0,9714.0,23864.113650401483,42.55,1,0.33899545632891714
2402600,19.95,704.2868,,539.0,79115.0,15930.556784427732,40.56,1,0.33899545632891714
2402709,60.42,754.6268,77.97,92.0,11000.0,20485.636363636364,66.78,1,0.33899545632891714
2402808,40.66,731.3896,91.43,64.0,5117.0,12792.651944498728,53.15,1,0.33899545632891714
2402907,23.86,696.9786,92.68,38.0,4237.0,12784.98937927779,39.35,1,0.33899545632891714
2403004,51.8,742.4013,85.45,47.0,8005.0,19330.66833229232,61.01,1,0.33899545632891714
2403103,41.2,728.6968,80.6,241.0,41313.0,23136.712414978338,53.54,1,0.33899545632891714
2403202,53.88,741.4138,89.39,59.0,7044.0,15071.55025553663,62.41,1,0.33899545632891714
2403251,44.3,733.5997,72.65,1469.0,252716.0,30107.021320375443,55.79,1,0.33899545632891714
2403301,47.53,739.6646,94.34,50.0,6016.0,12474.06914893617,58.07,1,0.33899545632891714
2403400,20.52,709.9732,85.19,69.0,5360.0,16821.082089552237,36.1,1,0.33899545632891714
2403509,18.07,704.8803,,84.0,10620.0,11928.625235404896,53.38,1,0.33899545632891714
2403608,48.0,734.4663,72.48,503.0,61635.0,16005.646142613774,58.39,1,0.33899545632891714
2403707,54.36,745.061,95.65,44.0,6259.0,48316.50423390318,62.74,1,0.33899545632891714
2403756,32.84,712.0371,86.67,39.0,2938.0,21100.74880871341,47.13,1,0.33899545632891714
2403905,45.0,745.2057,86.96,20.0,2700.0,15770.37037037037,56.29,1,0.33899545632891714
2404002,20.0,693.5704,86.96,20.0,4122.0,14311.984473556526,35.57,1,0.33899545632891714
2404101,38.33,728.876,88.24,30.0,2104.0,78741.44486692015,51.41,1,0.33899545632891714
2404200,22.54,708.402,80.04,417.0,26741.0,24171.983097116787,38.09,1,0.33899545632891714
2404309,57.85,743.4689,93.9,77.0,11932.0,49936.47334897754,65.07,0,0.33899545632891714
2404408,40.43,736.4214,87.72,50.0,9924.0,18734.482063684,52.98,1,0.33899545632891714
2404507,52.35,740.3261,,153.0,15295.0,168808.23798627002,50.03,1,0.33899545632891714
2404606,41.28,737.2126,76.28,119.0,11615.0,14546.19027120103,53.6,1,0.33899545632891714
2404705,13.69,698.7556,84.67,116.0,14131.0,18669.94550987191,28.51,1,0.33899545632891714
2404804,50.0,742.0663,,20.0,2035.0,20967.567567567567,,1,0.33899545632891714
2404853,56.95,742.3367,80.0,72.0,7292.0,24682.940208447613,64.47,1,0.33899545632891714
2404903,52.94,737.1386,94.44,34.0,5320.0,17100.751879699248,61.78,1,0.33899545632891714
2405009,47.01,736.3101,93.26,83.0,7834.0,12847.076844523868,57.7,1,0.33899545632891714
2405108,30.43,719.1709,93.9,77.0,6562.0,55417.250838159096,45.15,1,0.33899545632891714
2405207,23.48,707.015,79.17,38.0,4746.0,22084.2815002107,38.99,1,0.33899545632891714
2405306,45.53,735.6139,,55.0,8591.0,11980.444651379352,,1,0.33899545632891714
2405405,15.32,689.2655,87.88,58.0,5117.0,13519.054133281219,30.47,1,0.33899545632891714
2405504,16.62,694.866,71.43,25.0,2437.0,28428.39556832171,31.95,1,0.33899545632891714
2405603,30.4,716.6501,85.34,99.0,13977.0,19758.245689346782,45.13,1,0.33899545632891714
2405702,26.75,716.8062,93.65,59.0,11655.0,20992.10639210639,41.98,1,0.33899545632891714
2405801,22.55,705.2449,74.84,238.0,33290.0,45870.291378792426,38.1,1,0.33899545632891714
2405900,46.15,733.148,76.47,13.0,2076.0,16281.31021194605,57.1,1,0.33899545632891714
2406007,28.68,709.6607,,24.0,5803.0,15216.612097191108,55.7,1,0.33899545632891714
2406106,27.56,720.1453,82.73,115.0,17793.0,24884.224133086045,42.7,1,0.33899545632891714
2406155,54.55,729.6926,,11.0,3739.0,12648.03423375234,41.43,1,0.33899545632891714
2406205,13.11,694.4313,,27.0,6513.0,13817.902656226008,19.26,1,0.33899545632891714
2406304,47.72,732.917,79.03,49.0,7338.0,13768.056691196512,58.2,1,0.33899545632891714
2406403,41.67,729.4784,92.31,24.0,2567.0,19066.61472536034,53.89,1,0.33899545632891714
2406502,34.74,724.1413,92.04,208.0,15573.0,20940.538110832847,48.64,1,0.33899545632891714
2406601,22.82,712.9238,75.68,56.0,8319.0,14963.69755980286,38.36,1,0.33899545632891714
2406700,29.12,719.0367,82.79,101.0,9866.0,64126.29231704844,44.05,1,0.33899545632891714
2406809,27.97,715.0165,,33.0,4787.0,14265.71965740547,53.62,1,0.33899545632891714
2407005,26.23,714.6719,92.86,78.0,9070.0,12392.39250275634,41.52,1,0.33899545632891714
2407104,29.15,713.2767,73.14,482.0,82249.0,29857.37212610488,44.07,1,0.33899545632891714
2407203,27.27,715.8444,74.59,138.0,27369.0,48071.90617121561,42.44,1,0.33899545632891714
2407252,31.42,712.0166,90.16,55.0,3924.0,16749.490316004074,45.97,1,0.33899545632891714
2407302,26.9,698.3527,91.18,31.0,7896.0,12813.7031408308,42.12,1,0.33899545632891714
2407401,41.62,728.6826,85.51,59.0,8179.0,15962.464849003545,53.85,1,0.33899545632891714
2407500,39.12,715.9805,,88.0,10255.0,16133.983422720625,42.99,1,0.33899545632891714
2407609,17.11,704.7561,77.27,34.0,4274.0,15284.277023865232,32.5,1,0.33899545632891714
2407708,58.69,744.7682,83.44,126.0,11444.0,13890.422929045788,65.63,1,0.33899545632891714
2407807,59.18,745.509,81.42,206.0,23031.0,15142.677261082888,65.96,1,0.33899545632891714
2407906,33.36,713.3935,80.43,37.0,2276.0,20176.62565905097,47.55,1,0.33899545632891714
2408003,38.06,728.0096,83.41,1076.0,264577.0,39019.514167898196,51.21,1,0.33899545632891714
2408102,34.5,722.4743,,3042.0,751300.0,41477.496339677884,,1,0.33899545632891714
2408201,32.17,717.9011,77.92,300.0,31942.0,17949.971823930875,46.59,1,0.33899545632891714
2408300,30.54,718.3805,78.95,150.0,34204.0,18396.123260437376,45.24,1,0.33899545632891714
2408508,40.66,737.3272,89.36,42.0,4913.0,16464.27844494199,53.15,1,0.33899545632891714
2408607,48.35,725.0251,,35.0,3934.0,14250.635485510931,36.07,1,0.33899545632891714
2408706,13.33,714.2369,,15.0,3579.0,17365.185806091085,22.17,1,0.33899545632891714
2408805,47.0,735.5981,80.82,59.0,4801.0,109346.8027494272,57.7,1,0.33899545632891714
2408904,43.33,730.2525,91.16,134.0,21499.0,22037.07149169729,55.09,1,0.33899545632891714
2408953,14.85,698.1196,76.81,106.0,10351.0,20022.12346633176,29.91,1,0.33899545632891714
2409100,24.57,719.2313,73.68,84.0,11102.0,16175.644028103045,40.01,1,0.33899545632891714
2409209,47.42,732.2054,82.14,23.0,3115.0,14954.414125200643,57.99,1,0.33899545632891714
2409308,32.16,709.9199,83.33,60.0,11007.0,18001.81702552921,46.58,1,0.33899545632891714
2409332,47.93,746.1843,,43.0,4847.0,18512.27563441304,,1,0.33899545632891714
2409407,38.86,726.8157,80.92,106.0,30479.0,27157.190196528758,51.81,1,0.33899545632891714
2409506,45.48,733.1812,70.18,40.0,3618.0,89940.57490326147,56.63,1,0.33899545632891714
2409605,42.11,734.536,90.48,19.0,2441.0,26726.75133142155,54.21,1,0.33899545632891714
2409704,19.48,700.8272,85.71,36.0,6242.0,45194.32874078821,35.03,1,0.33899545632891714
2409803,16.96,707.3625,73.47,36.0,13824.0,14532.407407407409,32.33,1,0.33899545632891714
2409902,40.87,721.5924,87.79,151.0,12278.0,54449.421729923444,53.3,1,0.33899545632891714
2410108,10.4,692.2108,,91.0,12390.0,13002.66343825666,,1,0.33899545632891714
2410207,50.87,738.4125,96.15,75.0,7601.0,13134.061307722668,60.37,1,0.33899545632891714
2410256,58.35,749.6747,80.0,72.0,5228.0,32595.44758990053,65.41,1,0.33899545632891714
2410306,29.52,715.8639,,107.0,10743.0,14001.02392255422,,1,0.33899545632891714
2410405,35.91,716.6875,86.92,93.0,9362.0,19535.248878444774,49.56,1,0.33899545632891714
2410504,55.6,747.0942,88.46,23.0,5432.0,11388.991163475699,63.57,1,0.33899545632891714
2410603,29.93,728.2479,92.0,23.0,2934.0,16458.759372869805,44.73,1,0.33899545632891714
2410801,47.5,731.5604,82.93,34.0,4127.0,13044.826750666345,58.04,1,0.33899545632891714
2410900,41.04,723.419,70.59,36.0,7389.0,43298.2812288537,53.43,1,0.33899545632891714
2411007,31.19,715.1862,86.54,45.0,4242.0,15974.776049033475,45.78,1,0.33899545632891714
2411056,23.53,737.3825,,17.0,5382.0,28817.354143441098,,1,0.33899545632891714
2411106,58.23,733.5103,97.06,33.0,3206.0,68072.05240174673,65.33,0,0.33899545632891714
2411205,21.35,704.4625,78.41,345.0,37313.0,19197.30388872511,36.93,1,0.33899545632891714
2411403,21.7,709.8514,85.07,57.0,12456.0,16625.561978163136,37.27,1,0.33899545632891714
2411429,52.34,749.0748,96.77,30.0,2696.0,19083.45697329377,61.37,1,0.33899545632891714
2411502,66.5,759.8486,80.3,53.0,22177.0,15309.329485503,70.8,0,0.33899545632891714
2411601,57.76,738.7733,73.91,51.0,3304.0,119507.56658595639,65.01,1,0.33899545632891714
2411700,33.35,731.1,89.36,42.0,3792.0,15361.550632911392,47.54,1,0.33899545632891714
2411809,47.14,735.0428,,26.0,3492.0,22210.767468499427,,1,0.33899545632891714
2411908,56.85,749.7827,91.67,44.0,4161.0,17869.983177120885,64.41,0,0.33899545632891714
2412005,52.34,743.8299,73.26,737.0,115838.0,22346.41482069787,61.37,1,0.33899545632891714
2412104,49.46,739.0451,90.0,45.0,5956.0,16802.048354600403,59.4,1,0.33899545632891714
2412203,34.64,720.7443,76.47,481.0,47286.0,30829.42097026604,48.56,1,0.33899545632891714
2412302,18.05,704.5014,70.24,59.0,11121.0,14857.476845607407,33.52,1,0.33899545632891714
2412401,36.3,720.7906,96.0,48.0,4558.0,23376.042123738483,49.86,1,0.33899545632891714
2412500,39.84,728.4335,89.42,245.0,23537.0,17846.964353995838,52.54,1,0.33899545632891714
2412559,33.46,723.0521,,86.0,10221.0,69670.09098914001,38.85,1,0.33899545632891714
2412609,54.24,745.6246,,124.0,16786.0,17314.42869057548,,1,0.33899545632891714
2412807,19.8,714.285,88.89,32.0,7711.0,14036.441447283101,35.36,1,0.33899545632891714
2412906,20.09,701.8644,84.29,59.0,9972.0,18537.50501403931,35.66,1,0.33899545632891714
2413003,62.96,744.3954,90.0,27.0,6310.0,15920.443740095086,68.46,0,0.33899545632891714
2413102,59.85,756.6516,,49.0,5807.0,13767.86636817634,,0,0.33899545632891714
2413201,23.89,714.5853,84.06,58.0,4065.0,28176.13776137761,39.38,1,0.33899545632891714
2413300,26.92,713.3442,77.61,52.0,5703.0,14875.15342802034,42.13,1,0.33899545632891714
2413359,32.67,718.9323,73.83,79.0,13091.0,52352.073943930955,46.99,1,0.33899545632891714
2413409,25.83,714.6287,92.5,37.0,7597.0,21368.82980123733,41.16,1,0.33899545632891714
2413508,56.19,755.2196,95.24,60.0,6436.0,14351.771286513362,63.97,0,0.33899545632891714
2413557,57.44,745.4119,97.22,35.0,4659.0,13891.822279459111,64.8,0,0.33899545632891714
2413607,71.63,758.0995,81.82,27.0,5487.0,17654.455986878074,74.22,0,0.33899545632891714
2413706,28.73,709.9814,79.37,50.0,4654.0,13793.510958315428,43.71,1,0.33899545632891714
2413805,45.45,731.5928,91.67,22.0,2338.0,18629.59794696322,56.6,1,0.33899545632891714
2413904,36.54,726.4471,85.42,41.0,11422.0,16117.229907196635,50.04,1,0.33899545632891714
2414001,42.92,732.1203,82.83,82.0,13281.0,16941.4953693246,54.8,1,0.33899545632891714
2414100,42.88,733.7094,90.91,90.0,10262.0,13914.928863769246,54.77,1,0.33899545632891714
2414159,44.64,732.3343,87.01,67.0,5891.0,20453.742997793237,56.03,1,0.33899545632891714
2414209,17.6,698.9009,72.16,197.0,16929.0,34037.15517750604,33.04,1,0.33899545632891714
2414308,20.83,712.7196,92.31,24.0,2348.0,20162.265758092,36.41,1,0.33899545632891714
2414407,24.69,709.3022,83.75,299.0,33035.0,30745.270168003637,40.12,1,0.33899545632891714
2414456,,,,15.0,3376.0,16571.090047393365,18.14,1,0.33899545632891714
2414605,24.81,711.7605,,64.0,13577.0,27268.174117993665,,1,0.33899545632891714
2414704,17.25,709.7628,81.08,30.0,5233.0,13912.2874068412,32.65,1,0.33899545632891714
2414753,41.18,736.636,94.44,17.0,3014.0,15882.54810882548,53.53,1,0.33899545632891714
2414803,58.73,749.4401,81.33,135.0,10735.0,15586.958546809501,65.66,1,0.33899545632891714
2414902,58.93,747.8578,91.43,32.0,1822.0,16310.098792535675,65.79,0,0.33899545632891714
2415008,19.38,707.2591,88.46,46.0,3174.0,15709.829867674856,34.93,1,0.33899545632891714
2500106,47.63,734.6074,97.25,106.0,9335.0,11501.66041778254,58.14,1,0.33899545632891714
2500205,68.73,756.3621,95.52,64.0,5003.0,13708.774735158904,72.28,0,0.33899545632891714
2500304,31.28,721.0822,81.25,286.0,26062.0,14090.706776149183,45.86,1,0.33899545632891714
2500403,38.94,729.6251,87.77,201.0,21013.0,17932.946271355828,51.87,1,0.33899545632891714
2500502,57.29,745.6798,85.4,117.0,13725.0,12144.699453551913,64.7,1,0.33899545632891714
2500536,42.62,723.9927,83.33,70.0,5578.0,12611.688777339548,54.58,1,0.33899545632891714
2500577,44.32,729.5265,92.68,38.0,2953.0,13031.83203521842,55.8,1,0.33899545632891714
2500601,57.33,743.5606,89.26,216.0,21730.0,144880.44178554995,64.73,0,0.33899545632891714
2500700,42.09,729.318,94.85,129.0,17964.0,15924.070362948118,54.19,1,0.33899545632891714
2500734,85.27,788.2321,97.83,45.0,2234.0,16579.67770814682,80.0,0,0.33899545632891714
2500775,42.5,735.8188,87.5,63.0,7960.0,18547.361809045226,54.49,1,0.33899545632891714
2500809,64.03,764.1987,80.77,126.0,16646.0,14004.145139973567,69.17,0,0.33899545632891714
2500908,35.35,710.432,82.35,70.0,12212.0,10970.930232558141,49.12,1,0.33899545632891714
2501005,35.18,722.3499,95.24,180.0,17189.0,14201.46605387166,48.99,1,0.33899545632891714
2501104,85.08,786.2229,90.34,215.0,22633.0,15707.683471037864,80.0,0,0.33899545632891714
2501153,25.0,706.2589,75.0,12.0,2005.0,13923.192019950124,40.4,1,0.33899545632891714
2501203,92.86,801.9352,98.32,117.0,7128.0,11428.591470258136,80.0,0,0.33899545632891714
2501302,67.95,761.7393,96.41,242.0,18705.0,17519.326383319967,71.77,0,0.33899545632891714
2501351,48.37,739.4483,98.59,70.0,4152.0,13554.672447013489,58.65,1,0.33899545632891714
2501401,21.73,710.9401,90.68,107.0,9224.0,14143.755420641804,37.3,1,0.33899545632891714
2501500,51.04,745.2252,88.98,105.0,23134.0,16036.137287109881,60.49,1,0.33899545632891714
2501534,59.36,770.0702,86.79,46.0,4762.0,13020.159596808066,66.08,0,0.33899545632891714
2501575,28.04,715.7895,96.15,50.0,8059.0,14284.774785953592,43.12,1,0.33899545632891714
2501609,56.39,743.1423,90.24,37.0,12904.0,14567.188468691878,64.1,1,0.33899545632891714
2501708,60.51,750.6152,97.4,75.0,5906.0,17189.976295292923,66.84,0,0.33899545632891714
2501807,33.89,720.4673,73.31,530.0,82742.0,22950.8592975756,47.97,1,0.33899545632891714
2501906,56.8,750.8911,83.54,132.0,16401.0,16380.40363392476,64.37,1,0.33899545632891714
2502003,57.5,751.089,92.06,58.0,6268.0,14862.795149968091,64.84,0,0.33899545632891714
2502052,61.38,747.5934,83.02,44.0,3504.0,15331.335616438355,67.42,1,0.33899545632891714
2502102,28.58,722.6139,91.18,31.0,5207.0,12214.518916842711,43.58,1,0.33899545632891714
2502151,68.57,759.9679,96.97,96.0,6377.0,50093.460875019606,72.18,0,0.33899545632891714
2502201,25.56,721.9058,97.22,35.0,2286.0,17633.4208223972,40.92,1,0.33899545632891714
2502300,65.39,764.6787,97.92,47.0,4661.0,14280.41192877065,70.07,0,0.33899545632891714
2502409,40.87,731.5366,83.7,77.0,10252.0,11664.650799843932,53.3,1,0.33899545632891714
2502508,38.0,721.1097,81.93,136.0,17598.0,17209.341970678484,51.16,1,0.33899545632891714
2502607,28.96,715.9436,89.33,67.0,5648.0,12941.749291784701,43.91,1,0.33899545632891714
2502706,82.74,783.9557,91.67,33.0,4214.0,19143.569055529188,80.0,0,0.33899545632891714
2502805,53.57,746.9037,93.79,136.0,13613.0,15228.458091530156,62.2,1,0.33899545632891714
2502904,45.49,744.0813,93.55,58.0,5742.0,13777.603622431208,56.63,1,0.33899545632891714
2503001,37.78,724.3759,81.43,285.0,21193.0,25723.44642098806,50.99,1,0.33899545632891714
2503100,60.85,760.0468,87.84,65.0,5335.0,32065.417057169634,67.06,0,0.33899545632891714
2503209,48.92,736.8345,84.77,540.0,66519.0,61527.93938573942,59.03,1,0.33899545632891714
2503308,42.05,726.9989,92.13,82.0,9151.0,16733.143918697406,54.17,1,0.33899545632891714
2503407,63.89,757.3486,100.0,36.0,3291.0,13876.937101185049,69.08,0,0.33899545632891714
2503506,79.49,777.1244,90.36,150.0,16064.0,11161.541334661355,79.64,0,0.33899545632891714
2503555,32.54,712.9612,97.46,115.0,7223.0,11630.209054409524,46.89,1,0.33899545632891714
2503605,53.84,744.8317,71.88,46.0,6602.0,12636.776734322932,62.39,1,0.33899545632891714
2503704,51.68,741.4228,91.74,511.0,63239.0,28597.020825756255,60.92,1,0.33899545632891714
2503803,54.92,735.0671,75.86,66.0,5753.0,16014.079610637928,63.11,1,0.33899545632891714
2503902,36.34,730.7509,93.33,84.0,6085.0,14414.626129827444,49.89,1,0.33899545632891714
2504009,42.4,730.5838,85.81,2861.0,419379.0,30780.613716948155,54.42,1,0.33899545632891714
2504033,56.03,743.4594,97.26,71.0,6970.0,14575.609756097561,63.86,0,0.33899545632891714
2504074,48.41,737.1034,81.13,43.0,3944.0,13962.474645030426,58.68,1,0.33899545632891714
2504108,68.95,774.412,96.3,26.0,2312.0,17215.397923875433,72.43,0,0.33899545632891714
2504157,47.97,736.4099,89.41,76.0,6889.0,12180.868050515317,58.37,1,0.33899545632891714
2504207,32.79,713.7641,89.47,51.0,4491.0,14143.620574482298,47.09,1,0.33899545632891714
2504306,55.21,742.5161,83.14,217.0,30661.0,20309.644173379864,63.31,1,0.33899545632891714
2504355,53.0,742.2911,85.0,68.0,5254.0,16600.11419870575,61.82,1,0.33899545632891714
2504405,77.83,772.7035,100.0,140.0,18260.0,14110.13143483023,78.47,0,0.33899545632891714
2504504,56.24,751.6062,92.73,51.0,6451.0,13802.046194388467,64.0,0,0.33899545632891714
2504603,62.38,752.7814,94.92,430.0,27605.0,59710.19742800217,68.08,0,0.33899545632891714
2504702,49.32,747.9627,100.0,30.0,4933.0,17325.15710520981,59.31,1,0.33899545632891714
2504801,67.07,753.4951,74.65,106.0,14683.0,17368.45331335558,71.18,0,0.33899545632891714
2504850,75.0,767.3336,94.12,16.0,1824.0,16960.526315789473,76.51,0,0.33899545632891714
2504900,56.43,740.6781,78.87,168.0,17095.0,14800.409476455103,64.13,1,0.33899545632891714
2505006,71.83,766.6294,98.95,94.0,7580.0,13473.48284960422,74.36,0,0.33899545632891714
2505105,50.66,743.8135,91.13,185.0,19719.0,13867.183934276587,60.23,1,0.33899545632891714
2505204,29.25,720.8332,94.23,98.0,6730.0,13025.8543833581,44.16,1,0.33899545632891714
2505238,10.33,702.699,81.08,30.0,6251.0,13614.621660534316,24.09,1,0.33899545632891714
2505279,57.14,728.3208,100.0,14.0,5254.0,14167.491435097068,64.6,1,0.33899545632891714
2505303,38.1,718.739,91.3,21.0,2292.0,14739.52879581152,51.24,1,0.33899545632891714
2505352,37.73,725.2381,96.36,53.0,4982.0,12576.073865917304,50.96,1,0.33899545632891714
2505402,55.88,746.1743,95.71,67.0,8067.0,11748.357505888187,63.76,0,0.33899545632891714
2505501,44.1,734.8488,90.2,46.0,3641.0,13856.632793188684,55.64,1,0.33899545632891714
2505600,25.0,698.5724,94.12,48.0,6299.0,11993.649785680265,40.4,1,0.33899545632891714
2505709,48.88,740.4882,92.45,98.0,10380.0,11311.94605009634,59.0,1,0.33899545632891714
2505808,11.05,697.9605,90.24,37.0,3327.0,15621.581003907424,25.09,1,0.33899545632891714
2505907,65.44,750.0553,90.0,36.0,3011.0,15291.2653603454,70.1,0,0.33899545632891714
2506004,61.5,751.4418,87.58,268.0,31231.0,27269.379782908007,67.49,0,0.33899545632891714
2506103,60.71,741.7508,91.43,64.0,11049.0,12258.21341297855,66.97,0,0.33899545632891714
2506202,38.7,717.0493,88.46,23.0,2846.0,13624.033731553056,51.69,1,0.33899545632891714
2506251,78.26,781.055,100.0,65.0,8179.0,12446.631617557161,78.77,0,0.33899545632891714
2506301,36.12,720.0521,87.7,449.0,57484.0,25907.87001600445,49.72,1,0.33899545632891714
2506400,35.1,724.3966,89.92,116.0,13766.0,14617.681243643761,48.93,1,0.33899545632891714
2506509,73.31,772.0279,97.67,42.0,3242.0,15549.969154842689,75.36,0,0.33899545632891714
2506608,13.07,692.8696,97.87,46.0,5631.0,11294.0863079382,27.74,1,0.33899545632891714
2506707,67.14,764.1826,100.0,72.0,10392.0,10198.99923017706,71.23,0,0.33899545632891714
2506806,57.31,747.8895,93.94,155.0,17692.0,15270.12208907981,64.71,0,0.33899545632891714
2506905,25.33,704.9755,81.29,113.0,23182.0,18004.78819773963,40.71,1,0.33899545632891714
2507002,17.96,708.0415,74.87,140.0,23940.0,18624.35254803676,33.43,1,0.33899545632891714
2507101,71.75,772.6081,90.63,174.0,18382.0,14200.032640626701,74.3,0,0.33899545632891714
2507200,23.32,712.8047,96.12,99.0,10499.0,20146.871130583862,38.84,1,0.33899545632891714
2507309,34.78,723.2063,79.08,121.0,14477.0,15007.114733715547,48.68,1,0.33899545632891714
2507408,53.45,748.6196,90.91,30.0,7516.0,12769.957424161788,62.12,1,0.33899545632891714
2507507,46.71,736.0444,85.79,4847.0,833932.0,34106.05540979361,57.49,1,0.33899545632891714
2507606,28.86,719.7833,95.65,66.0,7796.0,11957.798871216008,43.82,1,0.33899545632891714
2507705,50.95,742.907,91.73,233.0,17007.0,15265.596519080378,60.43,1,0.33899545632891714
2507804,56.22,736.4181,92.21,71.0,6793.0,18871.1909318416,63.99,1,0.33899545632891714
2507903,50.41,737.3488,82.64,100.0,10012.0,15028.0663204155,60.06,1,0.33899545632891714
2508000,66.04,763.5472,90.0,108.0,9234.0,12023.175222005631,70.5,0,0.33899545632891714
2508109,25.0,715.4387,84.62,44.0,4415.0,14946.998867497168,40.4,1,0.33899545632891714
2508208,67.61,759.7651,76.06,54.0,7819.0,13356.82312316153,71.54,0,0.33899545632891714
2508307,66.54,761.7807,86.64,240.0,27730.0,15030.4363505229,70.83,0,0.33899545632891714
2508406,20.77,716.3627,97.06,33.0,3162.0,11779.88614800759,36.35,1,0.33899545632891714
2508505,43.81,737.1419,93.75,60.0,6877.0,12156.754398720372,55.44,1,0.33899545632891714
2508554,80.75,771.7035,77.78,49.0,4797.0,13668.751302897643,80.0,0,0.33899545632891714
2508604,47.19,734.1877,87.88,203.0,12560.0,22288.535031847132,57.83,1,0.33899545632891714
2508802,68.43,757.6526,90.24,74.0,6046.0,12821.038703274893,72.08,0,0.33899545632891714
2508901,46.17,738.7832,90.0,459.0,44599.0,24368.259378012957,57.11,1,0.33899545632891714
2509008,91.08,787.1191,97.5,78.0,10434.0,10545.715928694652,80.0,0,0.33899545632891714
2509057,68.93,767.9921,77.5,93.0,8999.0,13705.522835870652,72.42,0,0.33899545632891714
2509107,37.99,726.4368,84.44,190.0,21512.0,14087.579025660098,51.15,1,0.33899545632891714
2509156,100.0,813.6761,92.86,65.0,6705.0,14579.71662938106,80.0,0,0.33899545632891714
2509206,44.27,733.6872,95.69,111.0,14139.0,13874.602164226606,55.77,1,0.33899545632891714
2509305,85.94,787.1217,88.59,163.0,8244.0,28025.958272683158,80.0,0,0.33899545632891714
2509339,79.28,772.9034,88.68,47.0,4571.0,17681.251367315686,79.49,0,0.33899545632891714
2509370,40.0,732.5585,83.33,15.0,2543.0,15296.893432953204,52.66,1,0.33899545632891714
2509396,50.64,746.6584,89.58,86.0,6433.0,12359.707756878594,60.21,1,0.33899545632891714
2509404,73.21,767.1491,94.0,141.0,13899.0,15851.28426505504,75.29,0,0.33899545632891714
2509503,65.88,758.7668,98.33,59.0,5812.0,11757.570543702685,70.39,0,0.33899545632891714
2509602,84.33,787.2381,98.15,53.0,4338.0,13785.154449054864,80.0,0,0.33899545632891714
2509701,55.03,742.4111,96.05,365.0,32277.0,26099.606530966324,63.19,1,0.33899545632891714
2509800,56.27,748.2048,82.81,53.0,8791.0,12693.550221817768,64.02,1,0.33899545632891714
2509909,58.78,744.4097,93.9,77.0,8945.0,12984.795975405252,65.69,0,0.33899545632891714
2510006,36.48,732.941,89.66,52.0,7203.0,11306.538942107456,50.0,1,0.33899545632891714
2510105,66.12,766.5837,93.22,110.0,9724.0,11821.781160016457,70.55,0,0.33899545632891714
2510204,45.95,734.032,89.58,86.0,5787.0,12006.566442025227,56.96,1,0.33899545632891714
2510303,59.43,754.3589,95.65,44.0,4259.0,12827.659074900212,66.12,0,0.33899545632891714
2510402,64.17,756.9019,88.89,32.0,6060.0,12629.372937293729,69.26,0,0.33899545632891714
2510501,54.26,741.7048,96.08,49.0,3580.0,14879.888268156425,62.67,1,0.33899545632891714
2510600,89.76,777.2506,93.55,29.0,2918.0,16292.666209732697,80.0,0,0.33899545632891714
2510808,43.61,732.8232,90.06,770.0,103165.0,24768.22565792662,55.29,1,0.33899545632891714
2510907,61.87,756.8074,91.67,110.0,11834.0,16924.201453439244,67.74,0,0.33899545632891714
2511004,95.61,789.3692,97.3,36.0,3739.0,12998.66274404921,80.0,0,0.33899545632891714
2511103,75.61,776.0543,98.51,66.0,6859.0,13808.864265927978,76.93,0,0.33899545632891714
2511202,37.3,722.1227,92.65,391.0,29662.0,28216.876812082803,50.63,1,0.33899545632891714
2511301,48.84,727.6919,86.59,71.0,16441.0,15004.257648561523,58.98,1,0.33899545632891714
2511400,52.51,739.8854,88.89,200.0,18333.0,14744.77717776687,61.49,1,0.33899545632891714
2511509,73.41,778.3494,86.6,84.0,12311.0,12907.237429940704,75.43,0,0.33899545632891714
2511608,41.76,739.1856,97.37,111.0,6815.0,19647.248716067497,53.95,1,0.33899545632891714
2511707,98.55,793.6642,95.65,66.0,5329.0,12106.586601613812,80.0,0,0.33899545632891714
2511806,34.62,719.8524,75.58,65.0,9340.0,12953.961456102785,48.55,1,0.33899545632891714
2511905,75.96,771.918,84.87,202.0,16751.0,28605.57578652021,77.17,0,0.33899545632891714
2512002,42.15,735.7902,92.41,219.0,17469.0,19125.99461903944,54.24,1,0.33899545632891714
2512036,23.24,697.6865,85.71,48.0,3830.0,14807.57180156658,38.76,1,0.33899545632891714
2512077,87.93,789.3801,,24.0,4006.0,15390.664003994008,61.89,0,0.33899545632891714
2512101,58.65,753.3656,91.94,285.0,32473.0,18301.050103162626,65.6,0,0.33899545632891714
2512200,47.46,742.5374,88.89,48.0,3915.0,21369.093231162202,58.02,1,0.33899545632891714
2512309,97.47,826.4108,100.0,154.0,21114.0,16263.095576394808,80.0,0,0.33899545632891714
2512408,75.57,777.3037,99.45,181.0,14277.0,13265.181760874133,76.9,0,0.33899545632891714
2512507,85.04,784.4969,96.65,634.0,47658.0,16549.83423559528,80.0,0,0.33899545632891714
2512606,69.23,754.6726,92.86,13.0,1743.0,17582.903040734367,72.62,0,0.33899545632891714
2512705,58.76,751.9927,93.92,170.0,17885.0,12544.925915571708,65.68,0,0.33899545632891714
2512721,47.41,730.2051,87.23,41.0,5766.0,12229.621921609436,57.98,1,0.33899545632891714
2512747,52.41,737.8767,92.31,36.0,2927.0,14351.554492654595,61.42,1,0.33899545632891714
2512754,44.56,736.9312,97.73,43.0,4690.0,14524.946695095949,55.97,1,0.33899545632891714
2512762,68.24,753.6287,88.89,48.0,4738.0,15522.58336850992,71.96,0,0.33899545632891714
2512788,78.57,761.0831,93.33,28.0,1955.0,18067.51918158568,78.99,0,0.33899545632891714
2512804,69.19,757.2338,93.06,67.0,8493.0,13159.189921111503,72.59,0,0.33899545632891714
2512903,77.84,769.1962,83.84,166.0,24581.0,15992.189089133884,78.47,0,0.33899545632891714
2513000,72.73,744.2756,100.0,11.0,3355.0,12005.365126676603,74.97,0,0.33899545632891714
2513109,87.4,778.7472,94.92,56.0,11505.0,15412.51629726206,80.0,0,0.33899545632891714
2513158,13.38,705.3538,87.36,76.0,7670.0,11794.393741851369,28.13,1,0.33899545632891714
2513208,52.79,749.0982,96.2,76.0,5947.0,12495.71212375988,61.68,1,0.33899545632891714
2513307,52.83,750.0593,100.0,53.0,5865.0,14365.899403239557,61.7,0,0.33899545632891714
2513356,52.66,744.9401,81.25,26.0,3227.0,12400.061977068484,61.59,1,0.33899545632891714
2513406,54.82,741.915,94.38,151.0,14959.0,38333.1105020389,63.05,1,0.33899545632891714
2513505,81.58,775.9791,92.86,39.0,5010.0,12163.67265469062,80.0,0,0.33899545632891714
2513604,32.69,722.0451,100.0,52.0,6569.0,12407.06347998173,47.01,1,0.33899545632891714
2513653,39.7,726.2647,93.1,27.0,2539.0,16986.608901142183,52.44,1,0.33899545632891714
2513703,40.83,728.2914,78.24,852.0,149910.0,21102.955106397167,53.27,1,0.33899545632891714
2513802,40.43,740.587,84.21,32.0,4402.0,15199.681962744207,52.98,1,0.33899545632891714
2513851,45.13,739.1486,100.0,28.0,2622.0,15336.003051106027,56.38,1,0.33899545632891714
2513901,42.46,726.4334,91.03,284.0,32235.0,22470.79261672096,54.46,1,0.33899545632891714
2513927,65.98,755.0037,98.25,56.0,4327.0,14851.860411370464,70.46,0,0.33899545632891714
2513943,95.45,814.3498,95.65,44.0,2585.0,15361.315280464216,80.0,0,0.33899545632891714
2513968,83.33,773.9744,94.74,18.0,2595.0,16981.888246628132,80.0,0,0.33899545632891714
2513984,56.59,752.7612,90.2,46.0,3137.0,15443.736053554352,64.23,1,0.33899545632891714
2514008,29.59,732.5809,85.71,42.0,4226.0,16932.08707998107,44.44,1,0.33899545632891714
2514107,36.73,725.1299,100.0,49.0,4263.0,12079.756040347174,50.19,1,0.33899545632891714
2514206,85.74,792.8774,87.18,102.0,7126.0,12246.561886051079,80.0,0,0.33899545632891714
2514305,48.19,737.4085,90.16,55.0,5034.0,12708.18434644418,58.52,1,0.33899545632891714
2514404,56.3,741.7052,86.67,39.0,4083.0,16279.451383786432,64.04,1,0.33899545632891714
2514453,58.86,752.7575,84.13,53.0,5891.0,13274.486504837887,65.74,1,0.33899545632891714
2514503,34.1,721.0972,92.7,165.0,19067.0,15179.996853201868,48.14,1,0.33899545632891714
2514552,82.35,785.6579,100.0,17.0,3416.0,12693.793911007026,80.0,0,0.33899545632891714
2514602,11.97,695.3015,90.0,27.0,3242.0,12653.300431832202,26.33,1,0.33899545632891714
2514701,51.51,742.7955,89.74,35.0,4138.0,31317.303044949247,60.81,1,0.33899545632891714
2514800,80.25,776.8181,92.11,35.0,3411.0,13132.51245968924,80.0,0,0.33899545632891714
2514909,37.65,727.2382,83.17,84.0,7470.0,13553.012048192772,50.89,1,0.33899545632891714
2515104,64.39,750.2185,93.48,86.0,11040.0,12137.047101449276,69.41,0,0.33899545632891714
2515203,94.99,793.4907,91.11,41.0,3279.0,14172.613601707839,80.0,0,0.33899545632891714
2515302,33.89,719.0313,83.41,377.0,51306.0,16615.425096479947,47.97,1,0.33899545632891714
2515401,55.88,744.6674,98.25,112.0,10291.0,10883.587600816249,63.76,0,0.33899545632891714
2515500,57.57,748.9955,91.04,122.0,13614.0,13739.679741442633,64.89,1,0.33899545632891714
2515609,17.39,707.061,100.0,23.0,3094.0,15354.557207498385,32.81,1,0.33899545632891714
2515708,40.0,738.3901,91.43,32.0,2942.0,13734.194425560843,52.66,1,0.33899545632891714
2515807,14.55,700.3749,85.45,47.0,6828.0,10942.442882249561,29.56,1,0.33899545632891714
2515906,83.64,774.1245,91.11,41.0,4885.0,16290.481064483112,80.0,0,0.33899545632891714
2515930,52.0,745.4766,86.36,57.0,5054.0,14082.904629996045,61.14,1,0.33899545632891714
2515971,60.0,758.5219,93.85,61.0,8236.0,16423.263720252548,66.5,0,0.33899545632891714
2516003,78.56,776.3517,88.57,217.0,26774.0,16003.398819750504,78.98,0,0.33899545632891714
2516102,33.51,724.7455,86.14,143.0,13968.0,22883.94902634593,47.67,1,0.33899545632891714
2516151,18.45,703.4721,92.68,38.0,3345.0,14282.511210762332,33.95,1,0.33899545632891714
2516201,44.13,731.1762,95.28,545.0,67259.0,25495.026687878202,55.67,1,0.33899545632891714
2516300,33.2,724.0153,89.33,134.0,17166.0,14889.95689152977,47.42,1,0.33899545632891714
2516409,55.93,736.4334,89.13,41.0,8010.0,13317.103620474407,63.79,1,0.33899545632891714
2516508,78.33,767.8658,96.95,191.0,14068.0,12068.595393801537,78.82,0,0.33899545632891714
2516607,75.27,775.6992,97.2,104.0,14101.0,11866.747039217076,76.69,0,0.33899545632891714
2516706,72.85,770.442,93.9,154.0,14631.0,15206.000956872394,75.05,0,0.33899545632891714
2516755,62.16,753.932,82.86,29.0,2966.0,13564.059339177344,67.93,0,0.33899545632891714
2516805,50.08,740.3484,100.0,67.0,9892.0,12312.57581884351,59.83,1,0.33899545632891714
2516904,98.05,807.2896,90.24,111.0,14930.0,16444.07233757535,80.0,0,0.33899545632891714
2517001,38.29,727.1921,99.12,113.0,9124.0,12993.971942130644,51.38,1,0.33899545632891714
2517209,28.19,722.42,90.48,57.0,4864.0,12179.6875,43.25,1,0.33899545632891714
2517407,91.18,794.0428,100.0,34.0,2228.0,15860.412926391382,80.0,0,0.33899545632891714
2600054,47.44,737.9653,85.51,779.0,98462.0,21630.425951128353,58.0,1,0.33899545632891714
2600104,66.59,752.7225,94.57,418.0,40004.0,16273.397660233977,70.86,0,0.33899545632891714
2600203,54.58,745.8382,97.2,208.0,18674.0,14547.92759987148,62.89,1,0.33899545632891714
2600302,71.71,766.124,93.55,203.0,23779.0,15479.03612431137,74.28,0,0.33899545632891714
2600401,61.14,757.6756,94.31,199.0,26461.0,9963.417860247155,67.26,0,0.33899545632891714
2600500,57.56,749.156,95.05,499.0,41548.0,11784.851256378164,64.88,0,0.33899545632891714
2600609,42.86,726.2374,90.12,146.0,14033.0,14234.376113446877,54.75,1,0.33899545632891714
2600708,55.15,744.815,90.86,318.0,35741.0,13218.684424050809,63.27,1,0.33899545632891714
2600807,58.41,748.8195,90.27,102.0,20674.0,14608.783979878108,65.45,0,0.33899545632891714
2600906,68.74,767.5754,95.03,172.0,18205.0,16907.00357044768,72.29,0,0.33899545632891714
2601003,62.05,752.5246,93.0,93.0,10238.0,18258.15588982223,67.86,0,0.33899545632891714
2601052,45.71,734.365,93.8,242.0,19243.0,10555.16291638518,56.79,1,0.33899545632891714
2601102,56.89,748.0785,92.79,1068.0,85088.0,20892.64056036104,64.43,1,0.33899545632891714
2601201,59.53,744.6785,92.31,744.0,77742.0,19341.166936790924,66.19,0,0.33899545632891714
2601300,80.78,776.4797,94.74,144.0,12263.0,16065.970806491072,80.0,0,0.33899545632891714
2601409,61.78,756.7639,92.95,435.0,40121.0,16087.261035368012,67.68,0,0.33899545632891714
2601508,71.24,767.8419,98.08,102.0,10561.0,10485.086639522773,73.96,0,0.33899545632891714
2601607,51.55,748.0974,92.19,177.0,18301.0,39090.21364952735,60.84,1,0.33899545632891714
2601706,49.69,739.2467,88.07,672.0,79507.0,43136.17668884501,59.56,1,0.33899545632891714
2601805,70.45,759.1978,89.8,88.0,11649.0,10773.285260537386,73.43,0,0.33899545632891714
2601904,51.47,737.3829,92.59,475.0,61794.0,17634.15541962003,60.78,1,0.33899545632891714
2602001,45.23,739.1773,90.57,336.0,34478.0,11260.716978943097,56.45,1,0.33899545632891714
2602100,59.98,752.9412,95.0,418.0,44103.0,18177.24417840056,66.49,0,0.33899545632891714
2602209,60.94,757.9271,95.97,357.0,37497.0,11175.347361122225,67.12,0,0.33899545632891714
2602308,56.71,755.7631,96.19,404.0,37316.0,19728.561474970524,64.31,0,0.33899545632891714
2602407,67.02,762.7352,92.86,104.0,9079.0,24997.026104196495,71.15,0,0.33899545632891714
2602506,71.45,763.8806,93.91,108.0,7720.0,12394.170984455957,74.1,0,0.33899545632891714
2602605,52.96,741.3244,89.11,409.0,48645.0,10895.981087470449,61.79,1,0.33899545632891714
2602704,62.99,759.9618,98.2,164.0,12808.0,12743.363522798252,68.48,0,0.33899545632891714
2602803,52.54,741.7373,93.38,522.0,52097.0,12420.350500028793,61.51,1,0.33899545632891714
2602902,55.12,742.1995,89.41,2211.0,203440.0,78144.02280770744,63.25,1,0.33899545632891714
2603009,68.25,761.0153,93.95,295.0,30294.0,17699.049316696375,71.96,0,0.33899545632891714
2603108,56.69,747.8081,95.15,216.0,19899.0,14590.58244132871,64.3,0,0.33899545632891714
2603207,45.78,738.6179,95.67,376.0,28827.0,17456.273632358552,56.84,1,0.33899545632891714
2603306,57.35,740.1319,96.83,61.0,11080.0,12123.736462093864,64.74,0,0.33899545632891714
2603405,74.41,761.1064,98.61,71.0,5228.0,11906.847742922724,76.11,0,0.33899545632891714
2603454,58.66,747.0586,88.24,1231.0,147771.0,16488.7021134052,65.61,1,0.33899545632891714
2603504,55.71,747.1674,96.45,163.0,17419.0,12012.51506975142,63.64,0,0.33899545632891714
2603603,56.1,753.1764,95.65,66.0,7750.0,55160.645161290326,63.9,0,0.33899545632891714
2603702,48.26,732.2627,94.93,281.0,24344.0,14993.26322707854,58.57,1,0.33899545632891714
2603801,50.95,733.3878,96.73,207.0,18415.0,14449.63345099104,60.43,1,0.33899545632891714
2603900,91.81,781.4989,96.9,281.0,18907.0,11259.903739355792,80.0,0,0.33899545632891714
2603926,84.31,772.758,98.46,64.0,12239.0,8747.364980799084,80.0,0,0.33899545632891714
2604007,65.28,755.1203,90.5,600.0,79293.0,24434.313243287554,70.0,0,0.33899545632891714
2604106,54.95,741.1174,90.37,3330.0,377911.0,29738.308755236023,63.13,1,0.33899545632891714
2604155,79.46,769.9315,97.78,88.0,13119.0,9576.263434713012,79.62,0,0.33899545632891714
2604205,44.6,738.4264,84.19,277.0,32156.0,12130.706555541732,56.0,1,0.33899545632891714
2604304,46.94,732.3271,97.66,125.0,10518.0,12697.661152310326,57.65,1,0.33899545632891714
2604403,62.99,759.5011,94.32,166.0,12984.0,14654.420825631545,68.48,0,0.33899545632891714
2604502,55.33,744.9221,94.31,282.0,20546.0,15824.44271391025,63.39,1,0.33899545632891714
2604601,45.57,727.222,94.07,254.0,24587.0,11997.681701712287,56.69,1,0.33899545632891714
2604700,51.81,741.4865,94.22,163.0,17131.0,12368.221353102565,61.01,1,0.33899545632891714
2604809,61.81,758.8461,89.66,104.0,10356.0,14268.15372730784,67.7,0,0.33899545632891714
2604908,76.43,774.0696,95.18,79.0,15859.0,10334.195094268238,77.49,0,0.33899545632891714
2605004,77.97,775.3211,97.04,328.0,23518.0,15129.220171783318,78.56,0,0.33899545632891714
2605103,82.05,773.8279,94.04,347.0,37245.0,20394.925493354807,80.0,0,0.33899545632891714
2605152,64.93,747.7276,92.17,153.0,17188.0,18143.70491040261,69.76,0,0.33899545632891714
2605202,54.51,748.8628,93.25,456.0,59872.0,26428.096606093,62.84,1,0.33899545632891714
2605301,56.65,748.9803,94.99,322.0,31843.0,13827.685833621204,64.27,0,0.33899545632891714
2605400,85.66,779.8834,93.36,211.0,21427.0,12812.899612638259,80.0,0,0.33899545632891714
2605509,58.16,745.6028,95.92,94.0,15026.0,11408.4253959803,65.28,0,0.33899545632891714
2605608,74.26,767.2583,97.01,162.0,20347.0,12074.458151078785,76.0,0,0.33899545632891714
2605707,33.42,709.8937,87.2,252.0,30069.0,19397.352755329408,47.6,1,0.33899545632891714
2605806,68.03,751.7687,86.21,100.0,13672.0,11119.953188999414,71.82,0,0.33899545632891714
2605905,58.54,753.4276,93.37,183.0,18214.0,13626.001976501591,65.53,0,0.33899545632891714
2606002,52.28,736.781,89.82,1544.0,142526.0,26904.810350392207,61.33,1,0.33899545632891714
2606101,70.58,760.1192,98.37,241.0,28916.0,21652.856550006916,73.52,0,0.33899545632891714
2606200,53.14,739.0293,89.28,733.0,81055.0,171409.82049225835,61.91,1,0.33899545632891714
2606309,52.49,743.7574,93.85,122.0,6967.0,13071.76690110521,61.47,1,0.33899545632891714
2606408,42.26,726.8136,92.53,446.0,86516.0,18929.943594248463,54.32,1,0.33899545632891714
2606507,66.34,757.8402,91.13,185.0,17165.0,13749.665016020972,70.7,0,0.33899545632891714
2606606,50.76,741.1079,95.49,254.0,27346.0,15554.560081913261,60.3,1,0.33899545632891714
2606705,39.34,726.036,95.31,61.0,7140.0,13886.974789915967,52.17,1,0.33899545632891714
2606804,62.61,744.926,91.21,1142.0,115196.0,32733.914372026804,68.23,0,0.33899545632891714
2606903,72.59,756.3603,93.27,97.0,11058.0,11038.885874480016,74.87,0,0.33899545632891714
2607000,54.35,748.0924,96.8,272.0,25740.0,10730.53613053613,62.73,1,0.33899545632891714
2607109,78.57,765.5953,100.0,56.0,4779.0,13696.798493408663,78.99,0,0.33899545632891714
2607208,68.37,757.2988,93.96,1430.0,98932.0,181663.39505923257,72.04,0,0.33899545632891714
2607307,72.0,756.3346,98.39,429.0,29009.0,14220.931435071874,74.47,0,0.33899545632891714
2607406,64.79,748.3716,87.23,41.0,4352.0,18940.716911764706,69.67,0,0.33899545632891714
2607505,59.5,746.0752,94.9,242.0,31611.0,12345.354465217804,66.17,0,0.33899545632891714
2607604,53.17,744.9843,86.25,207.0,24540.0,12155.460472697636,61.93,1,0.33899545632891714
2607653,48.56,733.3779,90.94,311.0,34935.0,16797.56690997567,58.78,1,0.33899545632891714
2607703,65.28,760.2442,91.45,107.0,13791.0,12346.385323761871,70.0,0,0.33899545632891714
2607752,77.69,771.5316,96.38,346.0,27749.0,117432.1236801326,78.37,0,0.33899545632891714
2607802,48.29,742.0696,92.99,146.0,16554.0,13486.106077081067,58.59,1,0.33899545632891714
2607901,57.25,745.33,88.41,4898.0,644037.0,31490.88949858471,64.67,1,0.33899545632891714
2607950,57.65,744.7254,89.77,79.0,10247.0,12621.645359617447,64.94,1,0.33899545632891714
2608008,51.9,739.2801,96.2,177.0,15843.0,12143.154705548191,61.07,1,0.33899545632891714
2608057,76.14,764.2778,88.76,79.0,14020.0,13096.576319543508,77.29,0,0.33899545632891714
2608107,56.99,743.4917,94.92,187.0,27725.0,12799.963931469792,64.5,1,0.33899545632891714
2608206,49.58,737.1402,95.8,114.0,13269.0,12396.638782123746,59.49,1,0.33899545632891714
2608255,44.05,731.7654,96.15,175.0,11519.0,12396.041323031512,55.61,1,0.33899545632891714
2608305,60.68,748.5208,94.93,206.0,15329.0,16123.034770696066,66.95,0,0.33899545632891714
2608404,53.46,737.4392,91.93,148.0,13648.0,10709.701055099647,62.13,1,0.33899545632891714
2608453,48.37,738.691,95.49,127.0,17981.0,18237.083588232024,58.65,1,0.33899545632891714
2608503,70.34,760.3976,96.95,127.0,19434.0,28356.179890912834,73.36,0,0.33899545632891714
2608602,72.63,765.0423,95.56,86.0,11984.0,12531.708945260349,74.9,0,0.33899545632891714
2608701,70.94,765.9971,94.74,90.0,14076.0,11994.245524296677,73.76,0,0.33899545632891714
2608750,54.74,754.9826,95.06,327.0,24088.0,29625.083028894056,62.99,0,0.33899545632891714
2608800,47.71,741.2816,92.0,483.0,39582.0,17848.18857056238,58.19,1,0.33899545632891714
2608909,72.23,761.426,93.01,399.0,56510.0,17539.19660237126,74.63,0,0.33899545632891714
2609006,72.61,765.035,96.33,236.0,23879.0,15042.840989991204,74.88,0,0.33899545632891714
2609105,86.88,782.7165,96.27,129.0,11284.0,24079.58170861397,80.0,0,0.33899545632891714
2609154,56.89,752.1709,94.97,189.0,25432.0,7201.714375589809,64.43,0,0.33899545632891714
2609204,69.2,756.3264,89.47,102.0,9359.0,11758.20066246394,72.6,0,0.33899545632891714
2609303,35.45,726.3764,93.61,205.0,14166.0,15615.346604546095,49.2,1,0.33899545632891714
2609402,53.38,737.0446,93.84,457.0,55292.0,20225.511828112565,62.08,1,0.33899545632891714
2609501,54.74,735.1721,94.78,236.0,30648.0,25355.22709475333,62.99,1,0.33899545632891714
2609600,59.57,746.3942,95.05,2783.0,349976.0,20072.56783322285,66.22,0,0.33899545632891714
2609709,61.24,757.1449,97.69,211.0,21841.0,26686.964882560325,67.32,0,0.33899545632891714
2609808,45.91,734.5782,96.64,144.0,13613.0,14126.864027032985,56.93,1,0.33899545632891714
2609907,36.16,730.2536,91.34,643.0,65245.0,15582.864587324699,49.75,1,0.33899545632891714
2610004,43.01,734.206,89.27,341.0,54584.0,21179.319947237287,54.86,1,0.33899545632891714
2610103,60.56,758.6821,92.54,62.0,7032.0,12992.320819112629,66.87,0,0.33899545632891714
2610202,76.82,773.9755,97.9,280.0,22991.0,10436.475142447043,77.76,0,0.33899545632891714
2610301,74.14,761.3752,92.0,138.0,12199.0,25113.86179195016,75.92,0,0.33899545632891714
2610400,48.66,731.12,95.96,190.0,18612.0,14407.69396088545,58.85,1,0.33899545632891714
2610509,74.89,765.6972,93.27,208.0,28340.0,10356.386732533521,76.43,0,0.33899545632891714
2610608,62.99,750.0669,94.7,590.0,56665.0,20329.674402188302,68.48,0,0.33899545632891714
2610707,51.23,738.1822,86.68,1815.0,342167.0,20454.962050694543,60.62,1,0.33899545632891714
2610806,47.04,742.6864,93.41,156.0,22795.0,18689.88813336258,57.72,1,0.33899545632891714
2610905,59.65,748.3499,91.64,548.0,62610.0,17283.884363520207,66.27,0,0.33899545632891714
2611002,51.87,739.8999,92.83,414.0,34161.0,45917.947366880355,61.05,1,0.33899545632891714
2611101,66.17,755.8114,89.86,4872.0,386791.0,27346.887595626577,70.58,0,0.33899545632891714
2611200,62.55,748.4054,94.69,107.0,10500.0,12648.285714285716,68.19,0,0.33899545632891714
2611309,46.95,734.7231,89.02,154.0,25464.0,24970.350298460573,57.66,1,0.33899545632891714
2611408,77.53,768.7232,89.87,71.0,13857.0,23121.815688821534,78.26,0,0.33899545632891714
2611507,48.12,739.6498,95.07,212.0,17928.0,11795.124944221327,58.48,1,0.33899545632891714
2611533,80.26,773.107,97.26,142.0,6554.0,11581.019224900823,80.0,0,0.33899545632891714
2611606,62.39,749.1934,91.2,10104.0,1488920.0,44563.378153292324,68.08,1,0.33899545632891714
2611705,63.97,748.8881,97.62,164.0,20641.0,14017.101884598616,69.13,0,0.33899545632891714
2611804,61.57,756.9955,93.0,239.0,33507.0,17955.919658578805,67.54,0,0.33899545632891714
2611903,93.31,786.7315,94.72,233.0,20009.0,18718.826528062375,80.0,0,0.33899545632891714
2612000,67.71,759.971,96.15,75.0,10887.0,18756.22301827868,71.61,0,0.33899545632891714
2612109,93.42,786.0216,94.34,50.0,5727.0,13378.55770909726,80.0,0,0.33899545632891714
2612208,75.94,761.086,95.82,756.0,62372.0,22285.143974860515,77.15,0,0.33899545632891714
2612307,58.09,756.0296,96.1,148.0,13836.0,18202.804278693264,65.23,0,0.33899545632891714
2612406,41.8,731.5844,93.78,181.0,18624.0,14480.992268041236,53.98,1,0.33899545632891714
2612455,69.26,759.3348,95.17,138.0,13841.0,11279.893071309876,72.64,0,0.33899545632891714
2612471,75.38,763.8544,97.03,98.0,11567.0,12425.261519840926,76.77,0,0.33899545632891714
2612505,52.81,735.4564,87.8,1065.0,98254.0,21634.691717385558,61.69,1,0.33899545632891714
2612554,58.92,753.3768,96.77,150.0,12106.0,10998.678341318355,65.78,0,0.33899545632891714
2612604,45.6,736.7032,92.76,410.0,40578.0,19268.88954605944,56.71,1,0.33899545632891714
2612703,83.17,773.746,91.67,121.0,14013.0,10806.750874188254,80.0,0,0.33899545632891714
2612802,68.31,762.027,97.06,132.0,10244.0,11981.550175712611,72.0,0,0.33899545632891714
2612901,34.56,721.072,91.59,98.0,13113.0,9843.36154960726,48.5,1,0.33899545632891714
2613008,55.89,744.2843,95.27,664.0,49370.0,38668.78671257849,63.76,1,0.33899545632891714
2613107,45.1,730.865,91.93,353.0,37126.0,15514.248774443788,56.36,1,0.33899545632891714
2613206,60.81,747.9292,94.42,237.0,23817.0,15719.318134105893,67.04,0,0.33899545632891714
2613305,68.5,761.1377,98.47,258.0,19854.0,13015.563614385013,72.13,0,0.33899545632891714
2613404,41.77,722.8264,90.82,277.0,18825.0,20689.030544488716,53.96,1,0.33899545632891714
2613503,46.7,735.5636,93.98,484.0,34843.0,15208.305829004392,57.48,1,0.33899545632891714
2613602,67.52,754.883,95.05,288.0,31004.0,15205.328344729713,71.48,0,0.33899545632891714
2613701,44.07,734.5089,92.57,885.0,111249.0,16099.551456642308,55.62,1,0.33899545632891714
2613800,48.62,734.9121,94.71,161.0,16677.0,23038.436169574863,58.82,1,0.33899545632891714
2613909,76.13,761.6589,92.96,951.0,92228.0,21719.141692327707,77.29,0,0.33899545632891714
2614006,53.72,743.8323,96.63,258.0,18207.0,10764.486186631515,62.31,1,0.33899545632891714
2614105,59.14,748.4688,93.22,275.0,32729.0,12345.840080662409,65.93,0,0.33899545632891714
2614204,60.3,751.0437,94.52,431.0,37596.0,22912.46409192467,66.7,0,0.33899545632891714
2614303,44.18,742.1413,94.55,104.0,10540.0,10100.759013282732,55.7,1,0.33899545632891714
2614402,74.63,767.4042,96.67,87.0,5271.0,11961.866818440525,76.26,0,0.33899545632891714
2614501,55.41,738.9299,85.63,304.0,64183.0,17636.352305127526,63.44,1,0.33899545632891714
2614600,72.93,759.6641,96.07,318.0,27623.0,12968.287296817867,75.1,0,0.33899545632891714
2614709,45.92,730.4166,92.86,117.0,13738.0,16141.286941330616,56.94,1,0.33899545632891714
2614808,56.04,744.1483,93.5,187.0,23902.0,10969.709647728223,63.86,1,0.33899545632891714
2614857,44.9,743.1211,88.79,206.0,23561.0,18347.990322991383,56.21,1,0.33899545632891714
2615003,59.65,744.5851,92.95,277.0,24736.0,16255.174644243209,66.27,0,0.33899545632891714
2615102,68.26,766.1604,96.7,88.0,6653.0,13771.381331730046,71.97,0,0.33899545632891714
2615201,62.03,744.6284,94.87,148.0,8920.0,14053.699551569509,67.85,0,0.33899545632891714
2615300,74.11,763.8144,92.87,443.0,46147.0,19616.984852753158,75.9,0,0.33899545632891714
2615409,50.21,734.8244,92.66,543.0,41137.0,19757.27447310208,59.92,1,0.33899545632891714
2615508,59.32,741.9354,96.38,133.0,13867.0,14319.60770173794,66.05,0,0.33899545632891714
2615607,59.68,746.964,94.64,424.0,30321.0,21576.16833217902,66.29,0,0.33899545632891714
2615706,82.65,774.9707,87.42,132.0,14705.0,13750.765045902752,80.0,0,0.33899545632891714
2615805,68.57,753.1549,95.69,200.0,25536.0,10805.568609022555,72.18,0,0.33899545632891714
2615904,77.11,769.7234,92.96,132.0,7985.0,11902.56731371321,77.96,0,0.33899545632891714
2616001,53.25,746.6358,91.61,142.0,16872.0,17251.363205310572,61.99,1,0.33899545632891714
2616100,53.39,748.2075,91.67,88.0,9169.0,11257.60715454248,62.08,1,0.33899545632891714
2616183,83.71,775.82,96.34,79.0,7558.0,12364.646731939665,80.0,0,0.33899545632891714
2616209,55.05,743.9697,90.72,215.0,21959.0,10421.057425201512,63.2,1,0.33899545632891714
2616308,57.45,742.2293,95.44,314.0,26355.0,23357.27565926769,64.81,0,0.33899545632891714
2616407,46.09,733.9228,92.35,1014.0,134084.0,45463.977804958085,57.06,1,0.33899545632891714
2616506,62.65,758.1434,89.56,163.0,11611.0,17339.591766428388,68.26,0,0.33899545632891714
2700102,47.14,731.1263,98.48,195.0,19174.0,12832.58579326171,57.79,1,0.33899545632891714
2700201,53.44,741.5831,97.22,140.0,13966.0,19830.445367320634,62.12,1,0.33899545632891714
2700300,39.44,723.2521,91.11,2388.0,234696.0,29318.52268466442,52.24,1,0.33899545632891714
2700409,32.36,717.2369,96.5,441.0,37512.0,43642.22115589678,46.74,1,0.33899545632891714
2700508,30.57,715.0634,92.2,189.0,16365.0,21906.56889703636,45.27,1,0.33899545632891714
2700607,31.79,713.4384,92.04,104.0,7944.0,38322.759315206444,46.28,1,0.33899545632891714
2700706,33.15,717.5115,96.18,151.0,16774.0,18405.44890902588,47.38,1,0.33899545632891714
2700904,83.89,767.9163,99.17,119.0,5787.0,33934.16277864178,80.0,0,0.33899545632891714
2701001,73.6,764.2886,97.45,268.0,21187.0,26690.470571576912,75.55,0,0.33899545632891714
2701100,76.44,760.9248,96.61,114.0,9603.0,88437.67572633552,77.5,0,0.33899545632891714
2701209,30.55,713.2199,95.0,152.0,10477.0,18620.12026343419,45.25,1,0.33899545632891714
2701308,26.75,709.3663,87.5,224.0,16359.0,13677.364142062474,41.98,1,0.33899545632891714
2701357,41.23,736.7166,89.16,74.0,6665.0,16474.868717179295,53.57,1,0.33899545632891714
2701407,65.49,752.3308,96.1,443.0,32106.0,27555.129882265002,70.13,0,0.33899545632891714
2701506,51.51,743.8971,92.98,53.0,8143.0,13934.667812845388,60.81,1,0.33899545632891714
2701605,45.5,737.4177,95.41,187.0,15376.0,15292.728928199793,56.64,1,0.33899545632891714
2701704,41.23,722.851,95.31,183.0,14817.0,16916.582304110143,53.57,1,0.33899545632891714
2701803,43.52,721.7953,97.77,175.0,8999.0,10845.760640071117,55.23,1,0.33899545632891714
2701902,43.85,722.1415,93.18,82.0,5910.0,49017.42808798646,55.46,1,0.33899545632891714
2702009,74.97,766.5515,96.55,84.0,10810.0,21682.238667900092,76.49,0,0.33899545632891714
2702108,84.66,769.8869,99.47,188.0,15717.0,23357.44735000318,80.0,0,0.33899545632891714
2702207,34.53,719.4743,88.24,75.0,5581.0,20724.24296721018,48.48,1,0.33899545632891714
2702306,94.13,797.3695,97.47,810.0,50414.0,47622.0692664736,80.0,0,0.33899545632891714
2702355,45.7,738.5745,94.95,301.0,24686.0,18236.5308271895,56.78,1,0.33899545632891714
2702405,31.11,718.3048,95.0,646.0,51318.0,17755.77769983242,45.72,1,0.33899545632891714
2702504,46.47,731.2317,98.72,77.0,9721.0,14404.588005349246,57.32,1,0.33899545632891714
2702553,34.55,720.4538,94.57,122.0,15429.0,11475.986778145052,48.49,1,0.33899545632891714
2702603,35.2,723.2311,98.54,270.0,22712.0,22031.745332863684,49.0,1,0.33899545632891714
2702702,37.55,722.9243,93.22,55.0,3963.0,55250.56775170325,50.82,1,0.33899545632891714
2702801,34.71,718.3464,95.89,140.0,9618.0,26157.205240174677,48.62,1,0.33899545632891714
2702900,35.73,722.4348,96.35,422.0,36238.0,16634.80324521221,49.42,1,0.33899545632891714
2703007,93.46,797.2188,100.0,96.0,13731.0,16304.930449348192,80.0,0,0.33899545632891714
2703106,29.74,710.4958,91.96,263.0,24594.0,13364.84508416687,44.57,1,0.33899545632891714
2703205,47.93,736.1091,90.6,270.0,21721.0,32115.095990055703,58.34,1,0.33899545632891714
2703304,65.05,751.121,98.6,212.0,15167.0,13848.420913826068,69.84,0,0.33899545632891714
2703403,38.18,732.1413,93.98,78.0,5083.0,15426.323037576234,51.3,1,0.33899545632891714
2703502,54.29,743.3947,89.16,74.0,5352.0,27046.52466367713,62.69,1,0.33899545632891714
2703601,23.07,701.5798,93.7,119.0,9219.0,35718.94999457642,38.6,1,0.33899545632891714
2703700,36.05,727.3613,96.0,72.0,4985.0,16364.493480441324,49.67,1,0.33899545632891714
2703759,50.22,738.427,95.35,123.0,9470.0,48217.634635691655,59.93,1,0.33899545632891714
2703809,33.47,713.2773,95.44,251.0,17150.0,31585.830903790087,47.64,1,0.33899545632891714
2703908,34.6,714.7543,97.92,47.0,4092.0,22660.80156402737,48.53,1,0.33899545632891714
2704005,53.3,734.9036,92.33,277.0,23907.0,29509.43238382064,62.02,1,0.33899545632891714
2704104,45.57,736.555,94.64,159.0,18457.0,18084.19569810912,56.69,1,0.33899545632891714
2704203,43.45,728.5189,94.96,358.0,24740.0,32578.940986257076,55.18,1,0.33899545632891714
2704302,39.23,723.3367,84.26,5181.0,957916.0,35232.29176671024,52.09,1,0.33899545632891714
2704401,40.07,727.1303,97.86,229.0,17503.0,16936.125235673884,52.71,1,0.33899545632891714
2704500,32.4,716.6258,92.05,405.0,32174.0,37916.51644184745,46.77,1,0.33899545632891714
2704609,68.8,753.3895,94.64,106.0,9534.0,14057.47849800713,72.33,0,0.33899545632891714
2704708,40.6,726.1152,93.16,845.0,60370.0,52769.30594666225,53.1,1,0.33899545632891714
2704807,46.59,742.3002,96.75,119.0,13679.0,16248.556181007383,57.41,1,0.33899545632891714
2704906,58.97,740.9585,100.0,39.0,3155.0,16357.21077654517,65.82,0,0.33899545632891714
2705002,40.11,731.6107,97.12,135.0,21861.0,18341.978866474543,52.74,1,0.33899545632891714
2705101,35.25,723.3518,96.74,297.0,23857.0,21586.578362744684,49.04,1,0.33899545632891714
2705200,30.81,714.8679,94.24,229.0,15405.0,22801.233365790325,45.47,1,0.33899545632891714
2705309,30.02,710.5135,94.67,71.0,4845.0,18601.651186790506,44.81,1,0.33899545632891714
2705408,35.28,723.3282,97.44,114.0,7184.0,15201.559020044544,49.07,1,0.33899545632891714
2705507,53.15,743.9838,97.01,389.0,25187.0,42894.70758724739,61.92,1,0.33899545632891714
2705606,27.37,706.8064,94.57,122.0,10119.0,23777.349540468425,42.53,1,0.33899545632891714
2705705,40.12,723.7819,96.5,248.0,20715.0,16563.408158339367,52.75,1,0.33899545632891714
2705804,34.23,721.6577,95.49,127.0,8349.0,12048.389028626185,48.24,1,0.33899545632891714
2705903,88.26,773.946,96.3,26.0,4306.0,16896.888063167673,80.0,0,0.33899545632891714
2706000,50.0,739.4009,99.51,202.0,10824.0,12484.66371027347,59.77,1,0.33899545632891714
2706109,20.41,697.211,94.44,102.0,11446.0,13148.261401362923,35.99,1,0.33899545632891714
2706208,33.73,718.1835,87.5,56.0,4325.0,11288.323699421964,47.84,1,0.33899545632891714
2706307,32.18,717.6673,97.27,642.0,71574.0,19102.6350350686,46.59,1,0.33899545632891714
2706406,47.65,735.8728,97.55,279.0,23823.0,11847.248457373127,58.15,1,0.33899545632891714
2706422,41.46,724.1111,93.94,93.0,10573.0,11303.319776789935,53.73,1,0.33899545632891714
2706448,53.42,734.8127,97.99,195.0,13835.0,21869.100108420676,62.1,1,0.33899545632891714
2706505,42.03,729.4286,97.51,196.0,13804.0,27411.69226311214,54.15,1,0.33899545632891714
2706604,37.1,715.2238,96.51,83.0,6576.0,16451.794403892945,50.47,1,0.33899545632891714
2706703,40.85,728.3142,90.52,630.0,58593.0,19785.23031761473,53.29,1,0.33899545632891714
2706802,31.74,713.1882,94.78,218.0,15908.0,30203.922554689463,46.24,1,0.33899545632891714
2706901,37.59,725.0707,96.0,552.0,35370.0,27073.932711337286,50.85,1,0.33899545632891714
2707008,29.05,718.4654,96.88,31.0,2731.0,19702.673013548152,43.99,1,0.33899545632891714
2707107,24.74,706.9956,85.29,313.0,22609.0,15845.061701092483,40.17,1,0.33899545632891714
2707206,33.38,716.9087,93.84,259.0,12728.0,11533.705216844752,47.56,1,0.33899545632891714
2707305,36.55,715.386,93.25,290.0,24071.0,22621.411657180837,50.05,1,0.33899545632891714
2707404,30.12,711.7192,86.54,135.0,9295.0,48585.04572350726,44.89,1,0.33899545632891714
2707503,67.71,756.3131,94.35,117.0,19846.0,14831.754509724882,71.61,0,0.33899545632891714
2707602,57.48,744.0222,100.0,206.0,11080.0,17600.902527075814,64.83,0,0.33899545632891714
2707701,36.89,719.4216,92.79,1390.0,93927.0,21641.924047398512,50.31,1,0.33899545632891714
2707800,64.36,750.7535,98.13,105.0,6474.0,38164.349706518384,69.39,0,0.33899545632891714
2707909,31.87,717.1098,91.87,113.0,6919.0,28898.395721925128,46.34,1,0.33899545632891714
2708006,34.79,717.6887,96.12,495.0,46087.0,18731.247423351488,48.68,1,0.33899545632891714
2708105,98.87,792.7793,100.0,101.0,11323.0,99563.80817804468,80.0,0,0.33899545632891714
2708204,67.19,756.7788,95.31,61.0,6425.0,19289.338521400776,71.26,0,0.33899545632891714
2708303,79.22,770.7405,96.98,193.0,20813.0,39253.97588045933,79.45,0,0.33899545632891714
2708402,49.03,735.7591,93.99,438.0,30604.0,13760.554175924717,59.11,1,0.33899545632891714
2708501,39.59,725.7126,92.36,399.0,30873.0,34104.33064490008,52.35,1,0.33899545632891714
2708600,50.08,732.302,93.9,570.0,51990.0,30663.704558568956,59.83,1,0.33899545632891714
2708709,34.51,715.3854,97.48,155.0,8482.0,36372.317849563784,48.46,1,0.33899545632891714
2708808,36.66,724.405,91.12,318.0,31730.0,23224.33028679483,50.14,1,0.33899545632891714
2708907,42.93,729.563,93.65,280.0,24278.0,15206.524425405716,54.8,1,0.33899545632891714
2708956,51.9,742.1602,97.7,170.0,12303.0,11162.48069576526,61.07,1,0.33899545632891714
2709004,42.05,732.5903,98.53,67.0,5796.0,16022.946859903383,54.17,1,0.33899545632891714
2709103,44.02,723.6677,91.54,249.0,19032.0,34928.48886086592,55.59,1,0.33899545632891714
2709152,52.48,740.7483,89.21,430.0,38053.0,24751.162851811947,61.47,1,0.33899545632891714
2709202,31.62,721.2311,92.61,188.0,23695.0,15096.644861785186,46.14,1,0.33899545632891714
2709301,89.35,785.5604,100.0,773.0,59280.0,28576.214574898786,80.0,0,0.33899545632891714
2709400,40.03,722.168,90.32,252.0,23972.0,24896.295678291335,52.68,1,0.33899545632891714
2800100,41.18,710.481,100.0,17.0,2170.0,22770.5069124424,53.53,1,0.33899545632891714
2800209,21.43,699.9624,85.71,84.0,20131.0,17997.069196761215,37.01,1,0.33899545632891714
2800308,29.69,712.4347,88.95,2583.0,602757.0,36983.190572652,44.53,1,0.33899545632891714
2800407,31.03,712.3106,93.55,116.0,10318.0,19750.62996704788,45.65,1,0.33899545632891714
2800506,27.09,713.5041,79.92,203.0,18081.0,19569.38222443449,42.28,1,0.33899545632891714
2800605,22.14,703.7321,85.89,280.0,41511.0,59718.67697718677,37.7,1,0.33899545632891714
2800670,22.76,702.1021,88.96,145.0,24636.0,17723.494073713264,38.3,1,0.33899545632891714
2800704,27.27,717.8335,90.59,77.0,7841.0,15677.337074352761,42.44,1,0.33899545632891714
2801009,39.18,720.0098,87.39,97.0,18149.0,19526.47528789465,52.05,1,0.33899545632891714
2801108,45.45,733.2876,95.65,22.0,3791.0,25094.961751516752,56.6,1,0.33899545632891714
2801207,22.69,702.9067,85.04,432.0,26834.0,110604.34523365881,38.24,1,0.33899545632891714
2801306,33.52,718.1303,85.25,364.0,31645.0,18804.266076789383,47.68,1,0.33899545632891714
2801405,33.52,714.9567,84.43,179.0,19939.0,36299.16244545865,47.68,1,0.33899545632891714
2801504,24.85,707.1952,89.67,165.0,13853.0,33524.65169999278,40.27,1,0.33899545632891714
2801603,22.22,706.5567,87.8,36.0,5391.0,15757.55889445372,37.78,1,0.33899545632891714
2801702,24.74,703.0935,95.1,194.0,17100.0,34497.89473684211,40.17,1,0.33899545632891714
2801900,44.12,734.2267,91.89,34.0,3824.0,21618.985355648536,55.66,1,0.33899545632891714
2802007,39.34,723.8002,93.85,61.0,4340.0,55483.179723502304,52.17,1,0.33899545632891714
2802106,33.96,715.4485,88.17,477.0,65078.0,22637.834598481822,48.03,1,0.33899545632891714
2802205,29.58,711.0389,92.21,71.0,6017.0,28146.418480970584,44.44,1,0.33899545632891714
2802304,19.23,702.0812,81.25,78.0,14530.0,37922.84927735719,34.77,1,0.33899545632891714
2802403,19.42,705.7267,90.35,103.0,11095.0,19609.373591707976,34.97,1,0.33899545632891714
2802502,20.0,681.3745,95.24,20.0,3037.0,16594.33651629898,35.57,1,0.33899545632891714
2802700,26.97,704.8234,83.96,89.0,8321.0,14228.097584424948,42.18,1,0.33899545632891714
2802809,38.33,721.9103,90.45,180.0,16549.0,19511.027856668083,51.41,1,0.33899545632891714
2802908,26.63,707.6382,87.73,522.0,103440.0,28448.240525908735,41.88,1,0.33899545632891714
2803005,59.05,749.6835,95.27,503.0,40678.0,21283.543930380056,65.87,0,0.33899545632891714
2803104,19.35,709.7681,93.94,31.0,4745.0,21314.646996838776,34.9,1,0.33899545632891714
2803203,24.31,704.838,80.85,325.0,34411.0,16342.622998459796,39.77,1,0.33899545632891714
2803302,42.14,728.7416,93.53,159.0,16209.0,33874.39077055956,54.23,1,0.33899545632891714
2803401,26.06,704.267,89.19,165.0,13407.0,22273.43924815395,41.37,1,0.33899545632891714
2803500,35.6,718.3879,88.04,677.0,101579.0,21439.71687061302,49.32,1,0.33899545632891714
2803609,16.28,695.3122,78.9,172.0,23975.0,26612.42961418144,31.57,1,0.33899545632891714
2803708,38.3,717.9644,85.45,47.0,6838.0,19935.361216730038,51.39,1,0.33899545632891714
2803807,40.0,718.6217,86.96,60.0,3579.0,18788.488404582284,52.66,1,0.33899545632891714
2803906,34.29,715.5669,91.3,105.0,11533.0,19463.019162403536,48.29,1,0.33899545632891714
2804003,21.39,702.4329,86.5,173.0,15719.0,20418.792544054966,36.97,1,0.33899545632891714
2804102,43.16,730.9262,96.94,95.0,11050.0,25352.036199095026,54.97,1,0.33899545632891714
2804201,24.77,697.0917,90.08,109.0,14356.0,23488.5065477849,40.19,1,0.33899545632891714
2804300,10.0,676.0386,88.89,40.0,7822.0,14388.136026591665,23.62,1,0.33899545632891714
2804409,21.18,701.0656,89.01,170.0,16426.0,23298.733714842325,36.76,1,0.33899545632891714
2804458,38.1,723.5673,89.36,42.0,9232.0,22704.18110918544,51.24,1,0.33899545632891714
2804508,29.55,710.9861,85.56,308.0,41147.0,25477.43456388072,44.41,1,0.33899545632891714
2804607,32.7,712.3836,89.79,211.0,24996.0,21627.86045767323,47.02,1,0.33899545632891714
2804706,19.15,694.0713,85.45,47.0,6268.0,18492.342054881945,34.69,1,0.33899545632891714
2804805,19.85,699.297,86.35,1582.0,192330.0,14829.080226693704,35.42,1,0.33899545632891714
2804904,16.9,691.3618,73.96,71.0,12502.0,17551.751719724845,32.27,1,0.33899545632891714
2805000,47.62,733.2586,84.0,21.0,2778.0,26822.174226061918,58.13,1,0.33899545632891714
2805109,14.81,689.1903,88.52,54.0,7396.0,17383.720930232557,29.87,1,0.33899545632891714
2805208,16.22,693.9081,90.24,37.0,5677.0,24910.516117667783,31.5,1,0.33899545632891714
2805307,25.81,713.9668,80.52,62.0,7913.0,19630.481486162007,41.14,1,0.33899545632891714
2805406,16.91,692.0193,88.4,343.0,33439.0,22833.786895541132,32.28,1,0.33899545632891714
2805505,30.77,713.8477,94.89,130.0,21794.0,17840.82775075709,45.43,1,0.33899545632891714
2805604,23.53,698.5287,89.77,272.0,26576.0,23999.39795304033,39.04,1,0.33899545632891714
2805703,19.64,705.0591,88.19,112.0,26618.0,23100.157787963035,35.2,1,0.33899545632891714
2805802,37.96,717.8031,89.26,108.0,18313.0,22898.432807295365,51.13,1,0.33899545632891714
2805901,11.32,681.9556,94.64,106.0,8748.0,27499.19981710105,25.46,1,0.33899545632891714
2806008,33.67,723.3361,89.91,98.0,17033.0,21844.126108143017,47.8,1,0.33899545632891714
2806107,39.18,714.9185,83.62,97.0,9295.0,42160.08606777838,52.05,1,0.33899545632891714
2806206,33.77,717.5173,83.89,151.0,20279.0,15826.372109078355,47.88,1,0.33899545632891714
2806305,25.9,712.0219,92.05,139.0,13616.0,17499.85311398355,41.22,1,0.33899545632891714
2806404,28.89,709.8376,88.24,90.0,7346.0,21864.27988020692,43.85,1,0.33899545632891714
2806503,25.0,709.7878,93.02,40.0,3937.0,15033.27406654813,40.4,1,0.33899545632891714
2806602,34.57,722.2711,84.38,81.0,11092.0,20550.126217093402,48.51,1,0.33899545632891714
2806701,55.87,747.4768,88.32,741.0,95612.0,14568.652470401203,63.75,1,0.33899545632891714
2806800,29.59,713.921,95.15,98.0,10327.0,15623.608017817372,44.44,1,0.33899545632891714
2806909,34.78,711.4127,76.67,23.0,3243.0,18967.314215232807,48.68,1,0.33899545632891714
2807006,38.64,724.4672,97.78,44.0,3434.0,23041.05998835178,51.64,1,0.33899545632891714
2807105,33.19,712.7836,92.24,226.0,42578.0,21733.923622528066,47.41,1,0.33899545632891714
2807204,47.06,739.0233,83.33,85.0,7834.0,25782.61424559612,57.74,1,0.33899545632891714
2807303,17.39,704.034,92.0,23.0,3274.0,16330.788026878436,32.81,1,0.33899545632891714
2807402,41.9,727.4486,89.66,494.0,50905.0,22591.29751497888,54.06,1,0.33899545632891714
2807501,42.86,728.3879,94.33,133.0,12012.0,17385.364635364636,54.75,1,0.33899545632891714
2807600,25.4,705.2585,90.87,189.0,23917.0,30182.38073336957,40.77,1,0.33899545632891714
2900108,34.57,727.106,89.39,59.0,7301.0,11622.243528283796,48.51,1,0.33899545632891714
2900207,28.28,715.1441,92.65,189.0,17639.0,12712.682124837007,43.32,1,0.33899545632891714
2900306,19.7,714.6653,86.99,127.0,13795.0,13515.47662196448,35.26,1,0.33899545632891714
2900355,44.68,729.4789,97.1,134.0,14201.0,19399.61974508837,56.06,1,0.33899545632891714
2900405,21.0,709.3402,81.32,74.0,14497.0,12057.52914396082,36.58,1,0.33899545632891714
2900504,68.05,753.1457,92.16,47.0,10604.0,9707.0916635232,71.83,0,0.33899545632891714
2900603,29.26,718.4935,90.77,59.0,4447.0,16959.298403418034,44.16,1,0.33899545632891714
2900702,33.57,721.9653,86.23,1065.0,151055.0,37769.203270332,47.72,1,0.33899545632891714
2900801,45.33,736.2272,78.09,253.0,24530.0,17899.796167957604,56.52,1,0.33899545632891714
2900900,31.19,728.7959,82.19,60.0,5218.0,15276.159448064393,45.78,1,0.33899545632891714
2901007,51.07,735.0809,92.58,262.0,36521.0,16668.902823033324,60.51,1,0.33899545632891714
2901106,37.49,727.0823,88.68,141.0,24138.0,21598.68257519264,50.77,1,0.33899545632891714
2901155,32.19,718.1304,89.96,224.0,15137.0,13121.22613463698,46.6,1,0.33899545632891714
2901205,36.54,721.3813,86.41,159.0,25438.0,11789.252299709096,50.04,1,0.33899545632891714
2901304,44.8,736.8983,85.9,134.0,13080.0,13639.755351681955,56.14,1,0.33899545632891714
2901353,32.96,724.6774,83.06,103.0,15012.0,16800.29309885425,47.23,1,0.33899545632891714
2901403,38.05,731.2744,92.16,141.0,13732.0,16698.0774832508,51.2,1,0.33899545632891714
2901502,38.74,727.8025,94.17,97.0,11031.0,10747.167074607923,51.72,1,0.33899545632891714
2901601,44.12,729.0056,87.37,83.0,14752.0,13413.096529284165,55.66,1,0.33899545632891714
2901700,33.89,726.5598,83.54,66.0,11146.0,12452.269872600036,47.97,1,0.33899545632891714
2901809,32.58,724.0025,81.25,65.0,10862.0,9988.952310808323,46.92,1,0.33899545632891714
2901908,17.78,706.3398,94.64,247.0,15922.0,12043.587489008918,33.23,1,0.33899545632891714
2901957,37.0,713.9923,84.34,70.0,6913.0,13124.403298133953,50.4,1,0.33899545632891714
2902005,41.95,721.8611,91.74,111.0,13936.0,12485.93570608496,54.09,1,0.33899545632891714
2902054,36.67,723.0583,92.79,103.0,11557.0,28175.30500995068,50.14,1,0.33899545632891714
2902104,20.27,709.1481,87.32,365.0,48294.0,13310.390524702862,35.84,1,0.33899545632891714
2902203,21.73,712.838,88.89,104.0,9833.0,14110.546120207464,37.3,1,0.33899545632891714
2902252,16.86,704.987,75.79,72.0,10191.0,13254.145814934744,32.22,1,0.33899545632891714
2902302,47.9,734.6146,88.57,93.0,8677.0,12374.092428258617,58.32,1,0.33899545632891714
2902401,42.65,731.5784,75.35,107.0,11179.0,16103.497629483854,54.6,1,0.33899545632891714
2902500,39.85,726.038,90.48,152.0,13614.0,26640.66402232996,52.55,1,0.33899545632891714
2902609,36.29,725.0766,79.89,143.0,18220.0,12442.590559824368,49.85,1,0.33899545632891714
2902658,40.8,728.8451,90.76,108.0,11958.0,12717.929419635393,53.25,1,0.33899545632891714
2902708,26.84,708.2513,76.95,534.0,51092.0,10931.124246457372,42.06,1,0.33899545632891714
2902807,47.58,736.5408,93.96,249.0,26026.0,22648.082686544225,58.1,1,0.33899545632891714
2902906,36.09,724.9972,91.89,453.0,36539.0,14799.255589917624,49.7,1,0.33899545632891714
2903003,39.25,729.1849,95.08,116.0,13836.0,10361.087019369761,52.1,1,0.33899545632891714
2903102,38.14,719.723,81.25,52.0,5775.0,18688.658008658007,51.27,1,0.33899545632891714
2903201,37.98,728.3763,83.87,2023.0,159734.0,59470.73885334368,51.14,1,0.33899545632891714
2903235,24.29,718.0683,96.21,127.0,13453.0,10223.593250576081,39.75,1,0.33899545632891714
2903276,42.08,734.9611,87.31,117.0,15203.0,19053.344734591858,54.19,1,0.33899545632891714
2903300,39.29,726.9474,93.9,77.0,5833.0,19350.07714726556,52.13,1,0.33899545632891714
2903409,35.8,718.6122,79.83,186.0,20121.0,21488.395208985643,49.47,1,0.33899545632891714
2903508,47.6,735.1854,85.06,148.0,18412.0,11818.16206821638,58.11,1,0.33899545632891714
2903607,22.22,713.4693,93.81,91.0,15146.0,15492.803380430476,37.78,1,0.33899545632891714
2903706,44.22,730.442,91.72,133.0,13690.0,10585.098612125641,55.73,1,0.33899545632891714
2903805,33.4,715.5796,84.66,138.0,16873.0,11097.552302495113,47.58,1,0.33899545632891714
2903904,33.88,723.431,86.56,702.0,65550.0,23709.443173150266,47.96,1,0.33899545632891714
2903953,41.85,721.0712,88.89,88.0,9730.0,9492.908530318602,54.02,1,0.33899545632891714
2904001,45.05,729.2219,93.85,122.0,13622.0,10745.558655116723,56.32,1,0.33899545632891714
2904050,40.18,727.0495,92.51,173.0,15844.0,16726.142388285785,52.79,1,0.33899545632891714
2904100,39.47,719.9962,93.53,159.0,19322.0,11441.413932305144,52.26,1,0.33899545632891714
2904209,62.08,743.9033,96.47,82.0,11024.0,11994.28519593614,67.88,0,0.33899545632891714
2904308,53.47,743.3517,84.66,149.0,12943.0,13032.218187437224,62.14,1,0.33899545632891714
2904407,41.09,727.6814,81.91,77.0,9108.0,16129.007465963987,53.46,1,0.33899545632891714
2904506,43.67,739.373,,37.0,11765.0,12006.20484487888,64.62,1,0.33899545632891714
2904605,53.28,738.8477,86.08,668.0,70510.0,27398.08537796057,62.01,1,0.33899545632891714
2904704,24.27,711.7285,83.19,99.0,14804.0,16072.142664144823,39.73,1,0.33899545632891714
2904803,48.46,735.3759,95.45,63.0,6205.0,15718.291700241742,58.71,1,0.33899545632891714
2904852,28.03,718.0413,,125.0,16559.0,11234.25327616402,,1,0.33899545632891714
2904902,24.85,722.3517,85.91,250.0,29250.0,17826.188034188035,40.27,1,0.33899545632891714
2905008,51.82,738.7727,87.15,251.0,22462.0,19143.13062060369,61.02,1,0.33899545632891714
2905107,35.37,718.9312,94.23,49.0,10384.0,12268.971494607087,49.14,1,0.33899545632891714
2905156,24.86,711.4236,88.71,55.0,11266.0,10128.972128528316,40.28,1,0.33899545632891714
2905206,49.15,734.4812,87.23,451.0,52012.0,23393.505344920406,59.19,1,0.33899545632891714
2905305,21.63,708.5645,82.63,176.0,17466.0,15871.636321997023,37.2,1,0.33899545632891714
2905404,36.91,725.9563,79.89,282.0,17761.0,81207.42075333597,50.33,1,0.33899545632891714
2905503,21.3,705.8964,82.35,112.0,13080.0,10608.180428134558,36.88,1,0.33899545632891714
2905602,34.0,724.4822,80.95,238.0,22579.0,20849.461889366223,48.06,1,0.33899545632891714
2905701,33.55,720.8822,84.94,2617.0,300372.0,91283.06899444689,47.7,1,0.33899545632891714
2905800,25.96,713.8083,79.67,243.0,30469.0,18302.60264531163,41.28,1,0.33899545632891714
2905909,36.68,722.3653,75.1,187.0,30671.0,12501.092236966517,50.15,1,0.33899545632891714
2906006,36.78,721.7432,88.44,589.0,71377.0,22665.3683959819,50.23,1,0.33899545632891714
2906105,37.3,728.6901,84.15,69.0,10225.0,10764.694376528118,50.63,1,0.33899545632891714
2906204,29.21,720.6543,94.12,352.0,24206.0,12627.282491944143,44.12,1,0.33899545632891714
2906303,28.98,715.7965,84.7,299.0,32683.0,15634.397087170699,43.93,1,0.33899545632891714
2906402,30.92,718.0962,89.06,57.0,7772.0,10931.677817807515,45.56,1,0.33899545632891714
2906501,32.66,721.1869,76.46,575.0,72382.0,79439.99889475283,46.98,1,0.33899545632891714
2906600,46.72,738.9026,82.99,122.0,13016.0,13067.609096496619,57.5,1,0.33899545632891714
2906709,38.1,731.4995,81.57,208.0,25247.0,11449.162276706144,51.24,1,0.33899545632891714
2906808,29.69,720.1431,85.29,348.0,37439.0,13635.3267982585,44.53,1,0.33899545632891714
2906824,18.85,706.1288,87.23,164.0,16105.0,12646.19683328159,34.38,1,0.33899545632891714
2906857,35.87,716.9949,81.25,78.0,10744.0,15296.165301563664,49.53,1,0.33899545632891714
2906873,26.2,717.2455,85.71,258.0,33235.0,24101.57965999699,41.49,1,0.33899545632891714
2906899,46.59,732.8299,94.02,110.0,9940.0,12414.688128772637,57.41,1,0.33899545632891714
2906907,40.91,728.5295,86.43,223.0,20580.0,20083.527696793,53.33,1,0.33899545632891714
2907004,26.67,718.4729,89.31,117.0,8365.0,16741.42259414226,41.91,1,0.33899545632891714
2907103,28.55,718.6228,83.52,294.0,28869.0,13060.202985901833,43.56,1,0.33899545632891714
2907202,13.13,700.3841,86.93,665.0,72086.0,15748.911022944816,27.82,1,0.33899545632891714
2907301,44.01,729.7349,91.86,237.0,24712.0,17478.876659112982,55.58,1,0.33899545632891714
2907400,10.48,713.6702,81.82,27.0,3434.0,27105.998835177637,24.3,1,0.33899545632891714
2907509,43.47,734.6776,79.49,283.0,48148.0,19287.21857605716,55.19,1,0.33899545632891714
2907558,46.92,734.4948,92.16,47.0,8841.0,11891.641217056896,57.64,1,0.33899545632891714
2907608,30.85,721.9348,85.58,89.0,16348.0,11053.401027648644,45.5,1,0.33899545632891714
2907707,34.56,722.343,98.36,120.0,10579.0,13005.104452216658,48.5,1,0.33899545632891714
2907806,30.93,726.5168,85.16,155.0,30749.0,16365.475300009755,45.57,1,0.33899545632891714
2907905,27.9,714.5755,83.1,177.0,17230.0,12455.948926291352,42.99,1,0.33899545632891714
2908002,37.24,731.433,75.56,136.0,17333.0,14806.611665608954,50.58,1,0.33899545632891714
2908101,48.62,737.5069,92.86,182.0,19151.0,38286.0947209023,58.82,1,0.33899545632891714
2908200,31.68,726.4823,83.54,198.0,20800.0,20702.01923076923,46.19,1,0.33899545632891714
2908309,53.85,741.8403,88.16,67.0,15794.0,14974.483981258703,62.39,1,0.33899545632891714
2908408,28.58,720.3283,87.94,503.0,67825.0,16543.501658680427,43.58,1,0.33899545632891714
2908507,34.3,725.7686,90.17,321.0,35308.0,74613.94018352781,48.3,1,0.33899545632891714
2908606,40.59,730.3302,79.34,192.0,23654.0,15442.715819734507,53.1,1,0.33899545632891714
2908804,24.0,722.2871,100.0,40.0,4333.0,14684.283406415878,39.48,1,0.33899545632891714
2908903,30.95,716.8614,83.23,139.0,26692.0,12207.552824816425,45.58,1,0.33899545632891714
2909000,69.32,749.2125,91.8,56.0,7546.0,10475.748741054864,72.68,0,0.33899545632891714
2909109,47.33,741.7331,97.44,152.0,13990.0,14852.466047176556,57.93,1,0.33899545632891714
2909208,28.7,704.847,74.17,112.0,17056.0,15131.801125703563,43.69,1,0.33899545632891714
2909307,36.71,723.6467,82.86,348.0,32457.0,117274.02409341591,50.18,1,0.33899545632891714
2909406,40.77,732.5343,86.96,120.0,13063.0,16417.13235857001,53.23,1,0.33899545632891714
2909505,57.33,735.9276,89.66,26.0,4415.0,13069.762174405436,64.73,1,0.33899545632891714
2909604,50.31,741.3349,86.62,123.0,19729.0,13286.02564752395,59.99,1,0.33899545632891714
2909703,44.52,733.6461,89.02,146.0,13993.0,15616.736939898521,55.94,1,0.33899545632891714
2909802,34.64,721.5735,78.04,437.0,60348.0,21196.642805063962,48.56,1,0.33899545632891714
2909901,29.66,714.6036,87.76,430.0,34180.0,14626.448215330605,44.5,1,0.33899545632891714
2910008,37.81,723.1272,84.03,100.0,10820.0,14351.848428835492,51.02,1,0.33899545632891714
2910057,35.5,721.4005,77.76,626.0,71485.0,33263.17409246695,49.24,1,0.33899545632891714
2910107,48.34,737.4465,90.32,140.0,11884.0,14914.422753281724,58.63,1,0.33899545632891714
2910206,85.87,763.54,80.43,37.0,4407.0,13805.309734513272,80.0,0,0.33899545632891714
2910305,29.96,724.4102,86.36,38.0,7808.0,13336.321721311477,44.76,1,0.33899545632891714
2910404,41.87,733.7464,81.73,170.0,19107.0,13336.892238446642,54.03,1,0.33899545632891714
2910503,19.58,707.4415,,261.0,38098.0,20756.62764449577,40.71,1,0.33899545632891714
2910602,19.87,703.8273,85.12,309.0,32554.0,24911.83879093199,35.44,1,0.33899545632891714
2910701,33.07,721.3308,77.14,432.0,61456.0,15613.577193439209,47.32,1,0.33899545632891714
2910727,34.62,719.3496,81.36,1183.0,113710.0,37503.23630287573,48.55,1,0.33899545632891714
2910750,42.51,726.2539,89.6,112.0,17896.0,16701.553419758606,54.5,1,0.33899545632891714
2910776,55.73,740.0552,93.15,68.0,5631.0,14764.6954359794,63.66,1,0.33899545632891714
2910800,31.96,723.2547,72.75,3913.0,616272.0,35449.37138146792,46.42,1,0.33899545632891714
2910859,18.28,705.0,84.97,164.0,17897.0,11266.022238363972,33.77,1,0.33899545632891714
2910909,36.52,727.0563,,59.0,4873.0,18180.176482659554,,1,0.33899545632891714
2911006,15.12,704.0523,87.84,65.0,11059.0,12123.971425987884,30.23,1,0.33899545632891714
2911105,19.66,704.8998,90.0,261.0,25899.0,205989.9223908259,35.22,1,0.33899545632891714
2911204,33.26,717.8284,77.96,237.0,32178.0,18604.108397041455,47.47,1,0.33899545632891714
2911253,60.47,750.6536,94.12,32.0,4360.0,14758.944954128441,66.81,0,0.33899545632891714
2911303,45.07,729.2883,90.24,74.0,10884.0,51772.050716648286,56.33,1,0.33899545632891714
2911402,35.91,721.6445,85.42,82.0,15524.0,19171.283174439577,49.56,1,0.33899545632891714
2911501,27.74,707.6161,93.18,82.0,5555.0,16483.168316831685,42.85,1,0.33899545632891714
2911600,36.92,730.598,83.97,131.0,20605.0,13824.168891045865,50.34,1,0.33899545632891714
2911659,29.2,721.3091,86.25,69.0,8050.0,10718.757763975156,44.11,1,0.33899545632891714
2911709,48.58,738.7852,87.72,843.0,87817.0,23093.626518783374,58.8,1,0.33899545632891714
2911808,22.69,714.8869,72.92,140.0,19049.0,16737.72901464644,38.24,1,0.33899545632891714
2911857,31.4,721.8674,88.6,101.0,12687.0,13441.396705288878,45.96,1,0.33899545632891714
2911907,22.93,711.0383,83.99,278.0,24607.0,12587.353192181086,38.47,1,0.33899545632891714
2912004,65.01,749.4766,95.0,76.0,10429.0,11624.316808898264,69.82,0,0.33899545632891714
2912103,34.21,724.8224,,120.0,21665.0,12260.881606277406,45.54,1,0.33899545632891714
2912202,27.86,714.8454,88.75,292.0,20785.0,24909.983160933363,42.96,1,0.33899545632891714
2912301,58.94,746.8533,93.53,130.0,13934.0,16111.884598823022,65.8,0,0.33899545632891714
2912400,29.8,721.9039,83.91,146.0,16603.0,12117.147503463228,44.62,1,0.33899545632891714
2912509,44.17,734.0973,88.03,125.0,13863.0,11184.44781071918,55.69,1,0.33899545632891714
2912608,20.08,701.0713,81.82,45.0,3725.0,13120.536912751679,35.65,1,0.33899545632891714
2912707,31.23,717.3457,85.77,211.0,25344.0,15204.821654040403,45.82,1,0.33899545632891714
2912806,60.48,741.4847,93.97,109.0,8896.0,54651.753597122304,66.82,0,0.33899545632891714
2912905,32.79,722.8394,82.2,194.0,18792.0,14590.517241379308,47.09,1,0.33899545632891714
2913002,62.17,741.1523,93.65,59.0,14637.0,9915.96638655462,67.94,0,0.33899545632891714
2913101,26.1,716.6637,82.14,92.0,16969.0,10705.993281866935,41.4,1,0.33899545632891714
2913200,42.38,727.9317,87.68,356.0,26309.0,20686.0389980615,54.41,1,0.33899545632891714
2913309,28.43,708.3592,,63.0,6190.0,11655.57350565428,,1,0.33899545632891714
2913408,57.17,745.4138,92.67,139.0,15527.0,15275.713273652349,64.62,1,0.33899545632891714
2913457,30.3,723.3475,90.0,72.0,13151.0,18859.022127594853,45.04,1,0.33899545632891714
2913507,49.55,739.9796,89.25,166.0,21491.0,13148.666883811828,59.47,1,0.33899545632891714
2913606,32.25,716.3518,78.25,1543.0,178649.0,40494.94259693589,46.65,1,0.33899545632891714
2913705,29.49,715.6142,84.27,284.0,33790.0,21546.52263983427,44.36,1,0.33899545632891714
2913804,34.83,726.3542,89.89,80.0,13709.0,10314.683784375227,48.71,1,0.33899545632891714
2913903,33.64,724.1461,71.8,275.0,40706.0,17563.45501891613,47.77,1,0.33899545632891714
2914000,29.98,719.9394,84.29,483.0,56876.0,14050.988114494692,44.77,1,0.33899545632891714
2914109,66.75,747.9186,86.41,89.0,9935.0,13896.72873678913,70.97,0,0.33899545632891714
2914208,40.34,736.6295,97.01,65.0,6101.0,13327.32338960826,52.91,1,0.33899545632891714
2914307,27.38,714.4934,,90.0,10752.0,11968.75,,1,0.33899545632891714
2914406,38.87,731.6245,89.08,212.0,23879.0,29109.803593115288,51.82,1,0.33899545632891714
2914505,33.6,722.0184,,226.0,28043.0,13752.629889812077,,1,0.33899545632891714
2914604,42.02,732.3384,85.95,667.0,74507.0,26348.83970633632,54.14,1,0.33899545632891714
2914653,31.1,716.9435,86.79,335.0,28165.0,23776.424640511275,45.71,1,0.33899545632891714
2914703,42.22,725.5993,88.95,668.0,65073.0,19473.314585158205,54.29,1,0.33899545632891714
2914802,31.6,718.2445,79.28,1232.0,186708.0,27595.85556055445,46.12,1,0.33899545632891714
2914901,32.32,717.6315,77.57,249.0,27704.0,20326.12619116373,46.71,1,0.33899545632891714
2915007,41.31,724.4274,85.83,109.0,13472.0,11218.972684085513,53.62,1,0.33899545632891714
2915106,37.75,726.2379,90.53,86.0,13803.0,11798.159820328914,50.97,1,0.33899545632891714
2915205,36.92,721.883,92.25,238.0,15310.0,48780.07838014369,50.34,1,0.33899545632891714
2915304,32.81,717.6955,84.3,102.0,6347.0,24203.403182605958,47.11,1,0.33899545632891714
2915353,20.89,721.2445,92.37,109.0,12311.0,14125.659978880676,36.47,1,0.33899545632891714
2915403,20.17,706.6598,85.87,79.0,6037.0,18253.60278283916,35.74,1,0.33899545632891714
2915502,34.37,717.5126,77.4,113.0,18781.0,20382.035035408124,48.35,1,0.33899545632891714
2915601,44.07,731.8283,89.0,688.0,59605.0,23412.566059894303,55.62,1,0.33899545632891714
2915700,59.67,748.8294,70.49,43.0,7051.0,16863.70727556375,66.28,1,0.33899545632891714
2915809,22.21,709.898,87.46,258.0,24394.0,16557.26818070017,37.77,1,0.33899545632891714
2915908,22.47,709.5108,,83.0,5914.0,18697.497463645585,,1,0.33899545632891714
2916104,38.25,731.0964,79.34,192.0,19789.0,15084.84511597352,51.35,1,0.33899545632891714
2916203,30.59,726.2712,85.58,89.0,10341.0,13123.682429165458,45.28,1,0.33899545632891714
2916302,14.97,711.6374,82.65,81.0,9174.0,35874.863745367344,30.06,1,0.33899545632891714
2916401,39.63,727.6262,84.07,628.0,65897.0,29416.695752462172,52.38,1,0.33899545632891714
2916500,28.08,715.2838,84.21,288.0,31679.0,16883.834717004956,43.15,1,0.33899545632891714
2916609,31.02,716.0291,75.95,60.0,10279.0,12082.79015468431,45.64,1,0.33899545632891714
2916708,34.36,727.0091,97.33,73.0,8153.0,12971.666871090396,48.34,1,0.33899545632891714
2916807,38.17,728.162,87.5,161.0,17052.0,22023.223082336383,51.29,1,0.33899545632891714
2916856,51.6,742.5141,96.04,218.0,15737.0,32623.81648344665,60.87,1,0.33899545632891714
2916906,32.86,719.9003,87.18,68.0,10999.0,13820.438221656514,47.15,1,0.33899545632891714
2917003,27.79,718.1027,88.6,272.0,33872.0,12685.344827586208,42.9,1,0.33899545632891714
2917102,47.4,735.6661,83.07,157.0,16617.0,16917.133056508395,57.97,1,0.33899545632891714
2917201,57.52,744.4461,90.25,213.0,17914.0,19090.711175616834,64.85,1,0.33899545632891714
2917300,44.09,732.063,88.21,172.0,21902.0,19216.1903022555,55.64,1,0.33899545632891714
2917334,49.03,737.8975,88.18,97.0,11118.0,16131.768303651736,59.11,1,0.33899545632891714
2917359,40.89,732.9008,90.24,111.0,9275.0,164727.22371967655,53.32,1,0.33899545632891714
2917409,63.77,753.4238,86.55,103.0,14436.0,10438.902743142145,69.0,0,0.33899545632891714
2917508,30.73,717.6861,80.73,645.0,82590.0,24580.96621867054,45.4,1,0.33899545632891714
2917607,46.31,736.3326,93.02,573.0,45964.0,17558.719867722568,57.21,1,0.33899545632891714
2917706,30.56,719.716,88.82,270.0,32703.0,24637.0057792863,45.26,1,0.33899545632891714
2917805,25.85,712.167,79.14,148.0,17659.0,14786.850897559321,41.18,1,0.33899545632891714
2917904,50.51,737.8448,84.85,84.0,9285.0,23457.942918686047,60.12,1,0.33899545632891714
2918001,37.87,728.3645,76.43,921.0,158813.0,24448.294535082136,51.06,1,0.33899545632891714
2918100,27.04,712.6987,82.06,215.0,37626.0,16580.449689044806,42.24,1,0.33899545632891714
2918209,42.04,735.2568,,83.0,13629.0,14376.916868442291,,1,0.33899545632891714
2918308,24.15,717.0162,78.57,99.0,14355.0,17626.12330198537,39.62,1,0.33899545632891714
2918357,34.64,728.7683,88.96,266.0,24854.0,13995.13156835922,48.56,1,0.33899545632891714
2918407,31.18,717.4032,87.69,2999.0,237821.0,25900.168614209848,45.77,1,0.33899545632891714
2918506,23.19,707.5725,91.76,167.0,16354.0,9284.45640210346,38.71,1,0.33899545632891714
2918555,35.85,711.9588,84.71,72.0,5888.0,15353.940217391304,49.51,1,0.33899545632891714
2918605,32.1,723.0332,91.04,61.0,7379.0,11821.113972082936,46.53,1,0.33899545632891714
2918704,67.65,761.2286,84.85,28.0,4075.0,17411.779141104296,71.57,0,0.33899545632891714
2918803,46.61,738.9532,85.45,141.0,21052.0,16366.18848565457,57.42,1,0.33899545632891714
2918902,58.38,742.1224,72.0,36.0,3845.0,34363.0689206762,65.43,1,0.33899545632891714
2919009,50.0,723.9171,87.5,28.0,3527.0,18792.17465267933,59.77,1,0.33899545632891714
2919058,55.06,746.9618,96.49,55.0,7494.0,13657.592740859354,63.21,0,0.33899545632891714
2919108,22.24,696.9731,91.78,67.0,9015.0,9234.83083749307,37.8,1,0.33899545632891714
2919157,25.08,716.7217,90.62,338.0,25736.0,14835.716506061548,40.48,1,0.33899545632891714
2919207,29.63,717.7195,79.08,1508.0,203331.0,43861.880382233896,44.48,1,0.33899545632891714
2919306,36.17,722.207,89.8,132.0,10774.0,19525.710042695377,49.76,1,0.33899545632891714
2919405,75.0,766.0613,97.41,113.0,11834.0,13960.790941355417,76.51,0,0.33899545632891714
2919504,38.43,727.3093,88.21,404.0,43903.0,16069.311892125825,51.48,1,0.33899545632891714
2919553,29.41,717.2975,83.37,1549.0,107909.0,107118.25704992168,44.29,1,0.33899545632891714
2919603,18.56,701.2403,90.67,136.0,10454.0,10387.602831452075,34.07,1,0.33899545632891714
2919702,49.05,733.7715,88.65,203.0,21599.0,12485.8095282189,59.12,1,0.33899545632891714
2919801,43.5,732.2315,92.71,267.0,41859.0,13129.458419933588,55.21,1,0.33899545632891714
2919900,4.65,673.2983,87.76,43.0,7256.0,11159.316427783904,14.66,1,0.33899545632891714
2919926,40.71,730.0458,71.15,111.0,18504.0,38393.752702118465,53.18,1,0.33899545632891714
2919959,60.98,743.0762,88.46,69.0,6973.0,11739.566900903486,67.15,1,0.33899545632891714
2920007,29.83,721.9905,87.41,118.0,8731.0,24154.850532585042,44.65,1,0.33899545632891714
2920106,40.81,723.5388,92.47,135.0,17674.0,11994.002489532648,53.26,1,0.33899545632891714
2920205,25.23,719.831,93.48,215.0,15398.0,15475.581244317444,40.62,1,0.33899545632891714
2920304,70.36,753.5474,88.78,87.0,8670.0,12844.86735870819,73.37,0,0.33899545632891714
2920403,39.54,727.7613,92.81,142.0,13860.0,11935.930735930735,52.32,1,0.33899545632891714
2920452,30.7,724.0366,94.31,116.0,13919.0,8462.317695236725,45.38,1,0.33899545632891714
2920502,52.47,744.1412,92.15,270.0,27620.0,25066.944243301958,61.46,1,0.33899545632891714
2920601,47.43,738.7933,77.89,222.0,35859.0,13363.785939373654,58.0,1,0.33899545632891714
2920809,21.15,704.3369,86.76,59.0,9267.0,12899.320168339267,36.73,1,0.33899545632891714
2920908,22.32,706.8705,85.06,131.0,13544.0,14273.257531010038,37.88,1,0.33899545632891714
2921005,54.01,739.5018,85.12,635.0,42566.0,40756.87168162383,62.5,1,0.33899545632891714
2921054,41.7,730.3265,90.0,108.0,10330.0,11932.333010648596,53.91,1,0.33899545632891714
2921104,51.46,737.3441,88.73,252.0,22194.0,22780.57132558349,60.77,1,0.33899545632891714
2921203,47.8,735.3213,86.49,192.0,24661.0,13795.061027533353,58.25,1,0.33899545632891714
2921302,33.87,723.1544,87.04,94.0,11071.0,16354.800830999908,47.96,1,0.33899545632891714
2921401,33.73,719.9177,71.26,124.0,15734.0,10626.0963518495,47.84,1,0.33899545632891714
2921450,52.17,738.8108,88.75,71.0,10187.0,10093.452439383527,61.26,1,0.33899545632891714
2921500,30.9,719.2473,85.11,263.0,47780.0,12365.110925073252,45.54,1,0.33899545632891714
2921609,31.78,727.9679,94.74,90.0,7996.0,12839.794897448724,46.27,1,0.33899545632891714
2921708,36.21,723.1423,88.22,262.0,33594.0,46595.255105078286,49.79,1,0.33899545632891714
2921807,68.97,756.1473,94.12,112.0,11143.0,11921.38562326124,72.44,0,0.33899545632891714
2921906,41.65,734.2322,91.46,75.0,12137.0,49401.91151025789,53.87,1,0.33899545632891714
2922003,49.09,738.6925,76.56,369.0,37977.0,82350.02764831344,59.15,1,0.33899545632891714
2922052,22.47,715.0967,89.43,110.0,13152.0,21552.311435523116,38.02,1,0.33899545632891714
2922102,26.61,711.3384,91.76,156.0,17305.0,12682.866223634788,41.86,1,0.33899545632891714
2922201,45.91,731.1362,95.59,65.0,7190.0,12006.815020862308,56.93,1,0.33899545632891714
2922250,30.98,722.8737,94.74,108.0,10443.0,25561.33295030164,45.61,1,0.33899545632891714
2922300,23.34,716.9981,85.78,193.0,28707.0,13097.014665412618,38.86,1,0.33899545632891714
2922409,58.37,744.9749,87.59,127.0,20037.0,25536.85681489245,65.42,1,0.33899545632891714
2922607,36.06,724.649,86.02,80.0,12063.0,16664.842908065988,49.67,1,0.33899545632891714
2922656,31.25,718.8869,87.97,117.0,18523.0,9963.936727311991,45.83,1,0.33899545632891714
2922706,29.48,725.5183,85.39,187.0,13715.0,16621.655122129057,44.35,1,0.33899545632891714
2922730,46.81,730.8046,89.61,69.0,7967.0,15287.93774319066,57.56,1,0.33899545632891714
2922755,50.34,745.4623,86.0,43.0,6501.0,19672.05045377634,60.01,1,0.33899545632891714
2922805,32.97,725.5386,95.19,99.0,7780.0,11547.557840616966,47.23,1,0.33899545632891714
2922854,31.91,718.967,85.0,68.0,7538.0,12352.746086495092,46.37,1,0.33899545632891714
2922904,22.14,718.147,90.43,255.0,24236.0,14104.72025086648,37.7,1,0.33899545632891714
2923001,56.37,743.7275,85.55,515.0,39509.0,17711.00255637956,64.09,1,0.33899545632891714
2923035,60.58,749.9673,92.72,140.0,11162.0,12307.113420533955,66.89,0,0.33899545632891714
2923050,21.75,714.342,86.89,106.0,11101.0,11780.380145932799,37.32,1,0.33899545632891714
2923100,34.5,725.6326,89.13,164.0,22633.0,13080.413555427915,48.45,1,0.33899545632891714
2923209,38.11,722.7511,87.41,236.0,20715.0,20281.148925899106,51.24,1,0.33899545632891714
2923308,35.94,727.7343,87.64,78.0,7716.0,14256.480041472263,49.58,1,0.33899545632891714
2923357,22.65,706.2107,86.04,191.0,19243.0,16527.152730863174,38.2,1,0.33899545632891714
2923407,45.51,730.0914,94.22,163.0,20078.0,14525.301324833154,56.65,1,0.33899545632891714
2923506,43.73,728.6839,92.23,95.0,10339.0,14887.223135699775,55.38,1,0.33899545632891714
2923605,46.89,735.5812,93.2,137.0,20351.0,15254.926047860055,57.62,1,0.33899545632891714
2923704,21.13,711.0039,83.11,251.0,29252.0,11206.515793791876,36.71,1,0.33899545632891714
2923803,51.85,736.2962,96.39,187.0,26604.0,21049.428657344757,61.04,1,0.33899545632891714
2923902,44.65,730.7919,82.22,111.0,9370.0,14445.997865528281,56.04,1,0.33899545632891714
2924009,24.79,713.9979,77.28,1041.0,112870.0,37732.71019757242,40.21,1,0.33899545632891714
2924058,37.89,729.3179,,111.0,13243.0,12537.264970172919,,1,0.33899545632891714
2924108,20.72,708.0435,92.68,38.0,6235.0,11054.370489174018,36.3,1,0.33899545632891714
2924207,29.14,718.1314,89.47,102.0,13954.0,12815.680091729973,44.06,1,0.33899545632891714
2924306,42.2,732.4724,90.61,280.0,20086.0,10987.354376182417,54.27,1,0.33899545632891714
2924405,23.9,717.2307,79.84,408.0,35357.0,10384.902565262888,39.38,1,0.33899545632891714
2924504,71.04,757.0657,95.48,148.0,14731.0,19361.414703686103,73.83,0,0.33899545632891714
2924603,34.17,720.5313,89.66,208.0,19083.0,11271.969816066656,48.19,1,0.33899545632891714
2924652,44.93,732.9143,100.0,47.0,10325.0,12817.917675544797,56.24,1,0.33899545632891714
2924678,47.67,722.4736,,70.0,10974.0,14306.633861855296,,1,0.33899545632891714
2924702,64.26,754.4948,92.19,59.0,9171.0,10066.186893468543,69.32,0,0.33899545632891714
2924801,43.07,733.8389,90.8,148.0,17566.0,12462.199703973585,54.9,1,0.33899545632891714
2924900,53.78,747.5726,97.18,69.0,8022.0,11009.224632261281,62.35,1,0.33899545632891714
2925006,40.09,727.2035,89.84,168.0,23334.0,13922.773635038999,52.73,1,0.33899545632891714
2925105,44.01,731.9678,83.86,447.0,48293.0,14119.458306586877,55.58,1,0.33899545632891714
2925204,60.54,744.6196,92.33,313.0,32136.0,94490.88249937764,66.86,0,0.33899545632891714
2925253,23.17,712.8619,88.05,221.0,17938.0,13736.759950942134,38.69,1,0.33899545632891714
2925303,46.72,733.8326,83.59,2221.0,168326.0,29763.043142473532,57.5,1,0.33899545632891714
2925402,27.88,715.7007,88.54,139.0,10274.0,14720.946077477127,42.98,1,0.33899545632891714
2925501,34.88,723.9468,83.04,421.0,35003.0,22197.583064308772,48.75,1,0.33899545632891714
2925600,21.28,709.155,89.26,108.0,15130.0,11086.120290812954,36.86,1,0.33899545632891714
2925709,30.41,719.3305,94.07,111.0,12621.0,9667.538229934236,45.13,1,0.33899545632891714
2925808,27.35,716.9387,91.72,299.0,25988.0,12375.057718947206,42.51,1,0.33899545632891714
2925907,38.46,727.4141,84.56,126.0,25272.0,10996.517885406774,51.51,1,0.33899545632891714
2925931,38.72,728.0174,77.88,88.0,9461.0,12434.414966705424,51.7,1,0.33899545632891714
2925956,48.41,733.9164,92.83,207.0,19662.0,21476.24860136304,58.68,1,0.33899545632891714
2926004,25.1,714.7749,86.74,373.0,40586.0,14127.605578278224,40.5,1,0.33899545632891714
2926103,18.48,709.4261,91.54,119.0,13651.0,12859.717236832466,33.98,1,0.33899545632891714
2926301,38.41,721.2749,81.0,179.0,33386.0,16950.60803929791,51.47,1,0.33899545632891714
2926400,42.15,737.4403,91.2,228.0,30711.0,13242.812021751164,54.24,1,0.33899545632891714
2926509,28.72,717.885,88.59,163.0,14064.0,14202.716154721276,43.7,1,0.33899545632891714
2926608,34.39,725.7924,87.69,506.0,53566.0,17154.164955382144,48.37,1,0.33899545632891714
2926657,47.25,730.1323,85.9,67.0,9740.0,13765.2977412731,57.87,1,0.33899545632891714
2926707,50.44,741.1559,89.71,122.0,13184.0,15051.27427184466,60.08,1,0.33899545632891714
2926806,62.54,753.1729,84.68,94.0,13146.0,10935.797961357066,68.18,0,0.33899545632891714
2926905,36.5,722.3714,91.38,53.0,10497.0,11355.911212727446,50.01,1,0.33899545632891714
2927002,40.97,728.7702,91.77,301.0,35362.0,36080.877778406204,53.38,1,0.33899545632891714
2927101,23.27,710.5706,81.33,135.0,10308.0,15766.201008925107,38.79,1,0.33899545632891714
2927200,38.25,723.7625,88.3,234.0,28282.0,19020.790608867832,51.35,1,0.33899545632891714
2927309,47.81,735.8171,87.71,207.0,14987.0,16686.52832454794,58.26,1,0.33899545632891714
2927408,39.16,726.7501,84.13,13442.0,2417678.0,31724.148956147175,52.03,2,0.33899545632891714
2927507,21.01,710.8043,74.04,77.0,20952.0,10962.772050400916,36.59,1,0.33899545632891714
2927606,25.65,715.4167,86.26,182.0,14965.0,10797.193451386567,41.0,1,0.33899545632891714
2927705,40.45,726.1732,82.19,443.0,29185.0,22254.651362001026,52.99,1,0.33899545632891714
2927804,45.13,734.0277,72.6,53.0,4681.0,16606.921597949156,56.38,1,0.33899545632891714
2927903,47.34,744.0374,96.3,104.0,10300.0,11043.495145631068,57.93,1,0.33899545632891714
2928000,25.08,714.1193,86.22,244.0,37834.0,17923.904424591638,40.48,1,0.33899545632891714
2928059,33.46,718.619,73.97,108.0,13896.0,11884.355210132413,47.63,1,0.33899545632891714
2928109,32.33,715.49,88.11,326.0,38604.0,18048.93275308258,46.72,1,0.33899545632891714
2928208,29.91,722.7404,91.36,222.0,24755.0,17234.61926883458,44.72,1,0.33899545632891714
2928307,26.96,719.0038,,33.0,8716.0,9692.748967416244,31.5,1,0.33899545632891714
2928406,46.95,735.3221,88.68,282.0,27390.0,14216.867469879515,57.66,1,0.33899545632891714
2928505,26.63,723.7739,88.17,82.0,10441.0,15838.42543817642,41.88,1,0.33899545632891714
2928604,43.81,731.0287,76.41,392.0,56012.0,24562.075983717772,55.44,1,0.33899545632891714
2928703,33.47,715.8678,70.98,538.0,103055.0,29386.385910436176,47.64,1,0.33899545632891714
2928802,32.65,723.4781,85.85,467.0,52276.0,24779.363378988444,46.98,1,0.33899545632891714
2928901,44.69,735.8011,90.58,471.0,32828.0,259713.11075910807,56.06,1,0.33899545632891714
2928950,25.27,715.8756,89.13,41.0,8426.0,12938.523617374793,40.65,1,0.33899545632891714
2929008,32.07,729.5016,81.55,84.0,11026.0,17963.54072192998,46.51,1,0.33899545632891714
2929057,54.89,734.682,88.08,170.0,15194.0,18196.91983677768,63.09,1,0.33899545632891714
2929107,45.9,732.6989,91.01,172.0,20283.0,13947.197160183405,56.92,1,0.33899545632891714
2929206,30.02,719.9263,85.78,398.0,38733.0,684319.2368264787,44.81,1,0.33899545632891714
2929255,33.19,723.7604,90.05,172.0,18600.0,10406.075268817203,47.41,1,0.33899545632891714
2929305,36.4,724.2595,77.69,289.0,39513.0,42350.26446992129,49.94,1,0.33899545632891714
2929354,31.3,716.9313,82.35,70.0,5315.0,13434.995296331135,45.87,1,0.33899545632891714
2929370,23.18,710.8977,75.79,72.0,10187.0,15138.019043879456,38.7,1,0.33899545632891714
2929404,28.76,718.1383,86.57,58.0,10334.0,20085.929940003873,43.74,1,0.33899545632891714
2929503,49.95,738.6326,78.12,257.0,40958.0,23367.571658772402,59.74,1,0.33899545632891714
2929602,56.84,757.028,86.78,105.0,17963.0,19139.62033067973,64.4,1,0.33899545632891714
2929701,15.36,713.7112,84.26,91.0,16008.0,22051.03698150925,30.51,1,0.33899545632891714
2929750,43.18,728.7719,77.01,67.0,11438.0,15699.597831788777,54.98,1,0.33899545632891714
2929800,15.02,703.2179,82.18,83.0,10478.0,11540.179423554111,30.12,1,0.33899545632891714
2929909,48.67,737.9442,83.59,438.0,46160.0,18670.3856152513,58.86,1,0.33899545632891714
2930006,59.03,747.8722,88.66,86.0,9360.0,13240.705128205129,65.86,1,0.33899545632891714
2930105,19.93,705.9006,84.72,438.0,74523.0,16914.53645183366,35.5,1,0.33899545632891714
2930154,36.17,719.9535,73.91,340.0,34222.0,15226.63783531062,49.76,1,0.33899545632891714
2930204,26.41,712.2319,85.65,406.0,38154.0,41049.273994862924,41.68,1,0.33899545632891714
2930303,28.99,720.4764,87.57,155.0,17066.0,15317.707722957928,43.93,1,0.33899545632891714
2930402,31.84,722.6546,90.38,94.0,17996.0,9738.719715492332,46.32,1,0.33899545632891714
2930501,25.2,714.2228,80.97,532.0,80435.0,17662.57226331821,40.59,1,0.33899545632891714
2930600,32.84,724.9014,82.22,111.0,13335.0,11529.808773903262,47.13,1,0.33899545632891714
2930709,42.62,731.1524,85.05,1132.0,114559.0,74270.21011007427,54.58,1,0.33899545632891714
2930766,44.05,732.13,86.27,88.0,13786.0,12201.436239663426,55.61,1,0.33899545632891714
2930774,26.44,714.4613,87.75,308.0,25475.0,35664.14131501472,41.71,1,0.33899545632891714
2930808,25.49,717.7908,97.18,172.0,17054.0,10390.700129001994,40.85,1,0.33899545632891714
2930907,35.84,727.9399,89.43,110.0,11979.0,28546.87369563402,49.5,1,0.33899545632891714
2931004,58.73,741.9954,89.5,162.0,21006.0,15023.183852232696,65.66,1,0.33899545632891714
2931053,63.45,748.1557,93.78,196.0,17158.0,17335.062361580603,68.78,0,0.33899545632891714
2931103,18.93,709.4098,92.0,69.0,7717.0,10864.455099131786,34.46,1,0.33899545632891714
2931202,38.83,725.9364,94.92,112.0,18044.0,14114.4978940368,51.79,1,0.33899545632891714
2931301,33.06,717.8532,85.89,140.0,15818.0,11016.87950436212,47.31,1,0.33899545632891714
2931350,51.85,737.919,84.31,1370.0,145216.0,25278.00655575143,61.04,1,0.33899545632891714
2931400,41.03,724.889,80.0,56.0,7110.0,17353.164556962023,53.42,1,0.33899545632891714
2931509,28.06,718.9825,90.72,215.0,21176.0,11243.766528145068,43.13,1,0.33899545632891714
2931608,47.32,729.3854,88.02,147.0,15332.0,18237.15105661362,57.92,1,0.33899545632891714
2931707,23.25,711.509,78.86,97.0,10798.0,15268.660863122801,38.77,1,0.33899545632891714
2931806,49.49,734.6424,87.74,93.0,16277.0,10625.975302574183,59.42,1,0.33899545632891714
2931905,28.98,721.6864,82.45,249.0,48736.0,16897.38591595535,43.93,1,0.33899545632891714
2932002,44.93,735.1483,89.52,205.0,24665.0,12905.412527873505,56.24,1,0.33899545632891714
2932101,47.39,734.7596,95.97,119.0,18626.0,16379.630623859122,57.97,1,0.33899545632891714
2932200,29.79,716.6777,85.64,173.0,17596.0,17961.979995453512,44.61,1,0.33899545632891714
2932309,31.43,721.9637,80.27,118.0,16094.0,16416.863427364235,45.98,1,0.33899545632891714
2932408,33.09,718.8527,84.47,87.0,13432.0,13197.215604526506,47.33,1,0.33899545632891714
2932457,21.31,708.4102,86.59,155.0,13642.0,17516.12666764404,36.89,1,0.33899545632891714
2932507,37.89,721.971,81.91,163.0,18131.0,25024.047211957422,51.08,1,0.33899545632891714
2932606,59.24,749.5075,94.41,135.0,15355.0,15133.18137414523,66.0,0,0.33899545632891714
2932705,30.01,715.2062,73.68,210.0,21420.0,17933.986928104576,44.8,1,0.33899545632891714
2932804,33.84,721.9871,89.4,135.0,16277.0,18303.065675493028,47.93,1,0.33899545632891714
2932903,31.04,716.6715,81.15,581.0,85655.0,25619.68361450003,45.66,1,0.33899545632891714
2933000,32.24,721.6298,95.0,114.0,24362.0,14390.07470651014,46.64,1,0.33899545632891714
2933059,32.58,722.6879,88.7,102.0,13800.0,11022.46376811594,46.92,1,0.33899545632891714
2933109,44.82,723.0173,92.73,51.0,8101.0,19091.593630416,56.16,1,0.33899545632891714
2933158,32.8,721.7309,88.96,145.0,13377.0,42839.20161471182,47.1,1,0.33899545632891714
2933174,44.14,735.8531,86.46,83.0,9913.0,17445.273882780188,55.67,1,0.33899545632891714
2933208,39.14,730.642,82.71,421.0,42529.0,16678.736861905993,52.02,1,0.33899545632891714
2933257,67.84,750.9646,88.89,64.0,6003.0,19379.310344827583,71.69,0,0.33899545632891714
2933307,47.86,736.1256,90.75,3043.0,370879.0,34152.83960536995,58.3,1,0.33899545632891714
2933406,53.42,743.2173,88.37,76.0,9503.0,12134.168157423972,62.1,1,0.33899545632891714
2933455,54.03,733.7137,92.57,162.0,12968.0,17773.904996915484,62.52,1,0.33899545632891714
2933505,38.38,727.2394,86.85,185.0,24474.0,17345.754678434256,51.45,1,0.33899545632891714
2933604,31.02,719.3144,85.19,489.0,44757.0,17429.22894742722,45.64,1,0.33899545632891714
3100104,61.41,755.0958,89.83,53.0,6272.0,30356.664540816328,67.44,0,0.33899545632891714
3100203,52.32,741.9979,90.23,120.0,22675.0,28311.84123484013,61.36,1,0.33899545632891714
3100302,85.71,780.7886,93.33,14.0,13927.0,23803.54706684857,80.0,0,0.33899545632891714
3100401,87.39,793.4194,94.12,32.0,3909.0,21761.575850601177,80.0,0,0.33899545632891714
3100708,96.84,808.9528,96.0,24.0,2108.0,156992.40986717268,80.0,0,0.33899545632891714
3100807,100.0,819.7858,93.48,43.0,4357.0,25589.625889373427,80.0,0,0.33899545632891714
3100906,77.78,751.2788,,9.0,18448.0,19667.49783174328,71.23,0,0.33899545632891714
3101003,42.77,737.7778,96.72,118.0,14037.0,19832.58531025148,54.69,1,0.33899545632891714
3101102,48.78,739.3567,76.34,100.0,25269.0,31397.20606276465,58.93,1,0.33899545632891714
3101201,55.3,749.8801,92.5,37.0,6233.0,24774.907749077487,63.37,1,0.33899545632891714
3101300,67.0,756.9583,96.0,24.0,2749.0,23222.99017824664,71.13,0,0.33899545632891714
3101409,69.57,768.9497,94.74,36.0,2952.0,30794.71544715447,72.84,0,0.33899545632891714
3101508,68.94,763.7614,90.27,297.0,30717.0,34044.958817592866,72.42,0,0.33899545632891714
3101607,59.05,751.209,94.01,377.0,78970.0,46472.06534126884,65.87,0,0.33899545632891714
3101631,72.01,764.3029,94.03,63.0,6931.0,25532.24642908671,74.48,0,0.33899545632891714
3101706,39.24,729.7689,90.38,423.0,40364.0,20164.42869884055,52.09,1,0.33899545632891714
3101805,46.13,734.3338,80.33,49.0,6903.0,16365.782992901637,57.08,1,0.33899545632891714
3101904,42.26,729.0633,95.03,172.0,18300.0,33804.262295081964,54.32,1,0.33899545632891714
3102001,61.55,758.0872,94.19,146.0,13915.0,23877.542220625226,67.53,0,0.33899545632891714
3102050,93.75,789.1133,94.51,86.0,5795.0,22722.691975841244,80.0,0,0.33899545632891714
3102100,78.1,775.0737,,50.0,10891.0,20466.16472316592,,0,0.33899545632891714
3102209,39.52,734.7779,100.0,22.0,3975.0,16336.85534591195,52.3,1,0.33899545632891714
3102308,49.04,737.5979,95.08,58.0,15059.0,26729.06567501162,59.11,1,0.33899545632891714
3102407,41.82,737.0056,90.91,10.0,4159.0,22844.19331570089,54.0,1,0.33899545632891714
3102506,66.97,756.5999,,36.0,4541.0,15766.791455626513,,0,0.33899545632891714
3102605,56.29,746.5623,94.24,376.0,40553.0,36575.46913915124,64.03,0,0.33899545632891714
3102704,60.31,750.0883,94.85,92.0,9110.0,16075.192096597146,66.71,0,0.33899545632891714
3102803,63.11,761.0494,,83.0,11927.0,28572.314915737403,,0,0.33899545632891714
3102852,59.72,752.6785,95.15,98.0,7718.0,25116.999222596525,66.32,0,0.33899545632891714
3102902,78.03,771.7719,96.08,49.0,11095.0,37194.77242000901,78.61,0,0.33899545632891714
3103108,78.57,772.5117,100.0,14.0,1538.0,23271.78153446034,78.99,0,0.33899545632891714
3103207,84.62,777.0033,92.86,26.0,2181.0,34712.97569922054,80.0,0,0.33899545632891714
3103306,80.0,771.7323,100.0,15.0,2049.0,19602.733040507566,80.0,0,0.33899545632891714
3103405,44.27,731.5875,90.72,88.0,34297.0,31544.828993789542,55.77,1,0.33899545632891714
3103504,47.93,738.372,91.0,718.0,117808.0,58217.89691701752,58.34,1,0.33899545632891714
3103603,75.0,756.1207,100.0,16.0,2915.0,26663.1217838765,76.51,0,0.33899545632891714
3103751,62.72,752.8626,92.86,117.0,8479.0,142592.87651845734,68.3,0,0.33899545632891714
3103801,84.21,773.5598,100.0,19.0,2631.0,94825.9217027746,80.0,0,0.33899545632891714
3103900,74.0,770.7165,95.05,96.0,9199.0,50543.21121861072,75.83,0,0.33899545632891714
3104007,68.79,762.9242,91.88,1176.0,111691.0,79211.7538566223,72.32,0,0.33899545632891714
3104106,86.77,790.8201,95.51,85.0,9177.0,50160.0740982892,80.0,0,0.33899545632891714
3104205,78.83,771.1018,91.65,373.0,41416.0,73836.99536411048,79.17,0,0.33899545632891714
3104304,70.75,766.3222,95.78,159.0,13881.0,27379.58360348678,73.63,0,0.33899545632891714
3104403,55.13,753.2314,96.67,29.0,2688.0,19111.607142857145,63.26,0,0.33899545632891714
3104452,56.47,752.687,97.44,38.0,4719.0,18311.082856537403,64.15,0,0.33899545632891714
3104502,45.28,735.2087,90.91,90.0,17272.0,31528.94858730894,56.48,1,0.33899545632891714
3104601,74.88,763.5143,93.28,125.0,14138.0,32077.80449851464,76.43,0,0.33899545632891714
3104700,67.11,754.3683,90.83,109.0,13736.0,18906.23179965056,71.21,0,0.33899545632891714
3104809,48.19,741.9111,92.16,47.0,4538.0,25090.788893785808,58.52,1,0.33899545632891714
3104908,70.29,760.0798,93.81,91.0,18366.0,24607.42676685179,73.33,0,0.33899545632891714
3105004,74.25,765.9441,90.91,50.0,7492.0,17635.477843032568,76.0,0,0.33899545632891714
3105103,65.95,756.3404,93.18,164.0,23546.0,36567.39998301198,70.44,0,0.33899545632891714
3105202,62.73,760.1066,100.0,21.0,4741.0,13987.977219995782,68.31,0,0.33899545632891714
3105301,73.41,766.5497,97.73,86.0,5943.0,19159.010600706715,75.43,0,0.33899545632891714
3105400,58.76,752.6837,93.35,337.0,30778.0,50268.69842095003,65.68,0,0.33899545632891714
3105509,63.54,744.0055,92.31,36.0,4964.0,14875.302175664787,68.84,0,0.33899545632891714
3105608,59.28,752.6381,90.8,543.0,125317.0,32785.79123343202,66.02,0,0.33899545632891714
3105905,73.7,769.1092,95.11,175.0,20080.0,39930.77689243028,75.62,0,0.33899545632891714
3106002,63.8,757.5696,93.44,57.0,10167.0,40103.668732172715,69.02,0,0.33899545632891714
3106101,33.6,726.1356,,50.0,3244.0,24432.182490752162,61.99,1,0.33899545632891714
3106200,57.61,748.4681,85.1,12640.0,2315560.0,56227.29318177892,64.91,2,0.33899545632891714
3106309,57.1,749.3222,93.73,299.0,23928.0,97365.17886994318,64.57,0,0.33899545632891714
3106408,93.05,797.151,97.37,74.0,8627.0,31136.663961979837,80.0,0,0.33899545632891714
3106606,59.47,744.622,95.65,44.0,4451.0,14104.695574028308,66.15,0,0.33899545632891714
3106655,68.3,767.044,93.33,56.0,4201.0,16672.458938348012,72.0,0,0.33899545632891714
3106705,53.93,743.7451,87.43,4196.0,411846.0,127752.42444991576,62.45,1,0.33899545632891714
3106903,45.18,739.9702,80.34,94.0,13978.0,25575.26112462441,56.41,1,0.33899545632891714
3107000,88.0,774.2556,100.0,25.0,2383.0,31738.98447335292,80.0,0,0.33899545632891714
3107109,53.83,737.6018,97.08,266.0,39848.0,35476.41035936559,62.38,1,0.33899545632891714
3107208,50.0,734.2787,100.0,37.0,5348.0,19808.90052356021,59.77,1,0.33899545632891714
3107307,68.82,768.8928,80.0,76.0,48032.0,29895.71535642905,72.34,0,0.33899545632891714
3107406,42.86,735.2154,86.45,268.0,51737.0,42391.55729941821,54.75,1,0.33899545632891714
3107505,47.71,732.4296,87.65,71.0,6783.0,22474.568774878368,58.19,1,0.33899545632891714
3107604,51.25,750.3486,96.0,48.0,4474.0,45385.11399195351,60.63,1,0.33899545632891714
3107703,,,,,5631.0,31687.622091990765,80.0,0,0.33899545632891714
3107802,93.18,785.3032,98.18,54.0,14536.0,15228.948816730875,80.0,0,0.33899545632891714
3107901,56.55,749.1447,94.94,150.0,12649.0,16582.891928215668,64.21,0,0.33899545632891714
3108008,67.28,763.4957,97.18,138.0,17151.0,27308.20360328844,71.32,0,0.33899545632891714
3108107,69.27,755.5753,83.05,49.0,7434.0,19218.186709712132,72.64,0,0.33899545632891714
3108206,81.81,770.5492,96.0,48.0,5528.0,85621.56295224313,80.0,0,0.33899545632891714
3108255,64.3,753.2188,87.27,48.0,10204.0,12492.551940415524,69.35,0,0.33899545632891714
3108305,65.55,756.836,91.2,114.0,17404.0,26729.832222477595,70.17,0,0.33899545632891714
3108404,65.49,762.7554,100.0,65.0,14828.0,23349.54140814675,70.13,0,0.33899545632891714
3108552,76.74,772.2012,96.69,234.0,15020.0,31089.81358189081,77.71,0,0.33899545632891714
3108602,75.06,771.5401,98.53,67.0,32025.0,15947.79078844653,76.55,0,0.33899545632891714
3108701,53.68,756.2158,100.0,39.0,4260.0,14172.769953051644,62.28,0,0.33899545632891714
3108800,72.23,767.9635,75.68,28.0,4441.0,50495.383922539964,74.63,0,0.33899545632891714
3108909,50.86,740.0038,90.79,138.0,14246.0,19509.055173382003,60.36,1,0.33899545632891714
3109006,70.28,763.3733,85.68,407.0,38915.0,73116.53604008738,73.32,0,0.33899545632891714
3109105,63.01,757.6958,93.27,97.0,10911.0,23528.640821189623,68.49,0,0.33899545632891714
3109204,82.01,772.7571,95.1,97.0,9150.0,20956.065573770495,80.0,0,0.33899545632891714
3109253,100.0,813.2615,97.92,47.0,4041.0,13974.758723088344,80.0,0,0.33899545632891714
3109303,52.14,742.5957,91.8,280.0,24030.0,60180.565959217645,61.24,1,0.33899545632891714
3109402,37.7,730.2993,95.19,277.0,23910.0,35635.549979088246,50.93,1,0.33899545632891714
3109451,40.49,730.2625,88.61,70.0,6627.0,79944.01690055832,53.02,1,0.33899545632891714
3109501,71.99,760.0695,93.97,109.0,11410.0,28070.113935144607,74.47,0,0.33899545632891714
3109600,52.4,738.1184,94.44,34.0,3693.0,18441.646357974547,61.41,1,0.33899545632891714
3109709,61.69,753.1627,91.03,132.0,11883.0,51312.37902886477,67.62,0,0.33899545632891714
3109907,55.11,744.3194,87.68,121.0,11435.0,31647.92304328815,63.24,1,0.33899545632891714
3110004,73.48,766.5534,86.22,363.0,38776.0,25895.682896637092,75.47,0,0.33899545632891714
3110103,58.54,749.0733,100.0,41.0,5304.0,19563.3484162896,65.53,0,0.33899545632891714
3110202,64.21,762.8336,96.15,25.0,4088.0,31383.561643835612,69.29,0,0.33899545632891714
3110301,51.38,740.4577,83.97,131.0,14217.0,26206.231975803614,60.72,1,0.33899545632891714
3110400,91.3,784.6252,100.0,23.0,2838.0,31448.555320648342,80.0,0,0.33899545632891714
3110509,54.64,745.5168,80.55,236.0,26097.0,50515.76809594972,62.93,1,0.33899545632891714
3110608,65.17,759.0967,91.02,294.0,29536.0,82998.4764355363,69.92,0,0.33899545632891714
3110707,69.29,761.8226,94.06,95.0,12313.0,36965.727280110455,72.66,0,0.33899545632891714
3110806,61.46,766.9136,82.35,28.0,2923.0,20926.103318508383,67.47,0,0.33899545632891714
3110905,41.96,733.3453,96.79,151.0,15935.0,35264.95136491999,54.1,1,0.33899545632891714
3111002,69.98,759.9979,87.24,171.0,20696.0,27278.16969462698,73.12,0,0.33899545632891714
3111101,77.26,786.7721,89.73,131.0,18011.0,37625.2290267059,78.07,0,0.33899545632891714
3111150,84.73,778.3793,100.0,29.0,3714.0,14134.894991922456,80.0,0,0.33899545632891714
3111200,69.49,760.7255,94.58,436.0,52277.0,27891.730588977945,72.79,0,0.33899545632891714
3111309,67.54,763.4829,90.0,99.0,11377.0,21479.739825964665,71.49,0,0.33899545632891714
3111408,75.96,772.0133,87.34,138.0,8466.0,124600.99220411056,77.17,0,0.33899545632891714
3111507,58.27,752.6895,88.81,119.0,12979.0,40439.09392094922,65.35,0,0.33899545632891714
3111606,65.56,759.2635,93.58,248.0,26105.0,32221.79659069144,70.18,0,0.33899545632891714
3111705,75.97,764.6336,91.3,21.0,4715.0,21641.35737009544,77.18,0,0.33899545632891714
3111804,45.48,748.0675,94.81,73.0,10608.0,88401.30090497738,56.63,1,0.33899545632891714
3111903,50.78,744.7123,94.55,52.0,5272.0,18099.962063732928,60.31,1,0.33899545632891714
3112000,88.88,786.264,90.38,94.0,14001.0,31618.59867152346,80.0,0,0.33899545632891714
3112059,60.18,757.3979,95.56,43.0,3974.0,15925.767488676396,66.62,0,0.33899545632891714
3112109,60.15,752.2179,95.31,61.0,5048.0,25672.741679873216,66.6,0,0.33899545632891714
3112208,83.06,774.0597,91.89,34.0,4362.0,16089.867033470886,80.0,0,0.33899545632891714
3112307,56.35,748.7344,91.83,191.0,39626.0,28058.017463281685,64.07,1,0.33899545632891714
3112406,54.82,745.6089,,93.0,6562.0,35558.97592197501,,1,0.33899545632891714
3112505,,,,,10663.0,16835.88108412267,78.27,0,0.33899545632891714
3112604,51.19,746.8247,91.3,147.0,14655.0,58817.74138519277,60.59,1,0.33899545632891714
3112653,40.45,730.633,92.5,37.0,4585.0,15516.684841875682,52.99,1,0.33899545632891714
3112703,61.87,750.7466,87.35,145.0,14108.0,41139.637085341645,67.74,0,0.33899545632891714
3112802,83.44,775.863,89.55,60.0,10380.0,42758.09248554913,80.0,0,0.33899545632891714
3112901,59.39,749.8904,93.69,104.0,8936.0,22031.3339301701,66.1,0,0.33899545632891714
3113008,42.04,722.7175,86.67,26.0,19548.0,14007.724575404134,54.16,1,0.33899545632891714
3113107,70.0,755.2786,76.92,10.0,2933.0,16810.77395158541,73.13,0,0.33899545632891714
3113206,71.8,765.6234,86.17,162.0,23812.0,37097.63984545607,74.34,0,0.33899545632891714
3113305,50.83,741.9718,91.23,104.0,31240.0,24977.68886043534,60.34,1,0.33899545632891714
3113404,50.26,741.816,90.06,933.0,87360.0,32870.29532967033,59.95,1,0.33899545632891714
3113503,64.55,756.8695,94.12,80.0,8512.0,23487.077067669168,69.51,0,0.33899545632891714
3113602,97.42,803.4296,94.05,79.0,6816.0,29280.516431924883,80.0,0,0.33899545632891714
3113701,56.45,743.1554,93.52,202.0,18615.0,33834.64947622885,64.14,1,0.33899545632891714
3113800,29.75,719.3339,90.91,20.0,2605.0,17477.543186180425,44.58,1,0.33899545632891714
3113909,74.34,765.1196,94.93,131.0,11547.0,31847.059842383303,76.06,0,0.33899545632891714
3114006,79.05,783.0739,98.81,83.0,11019.0,28594.427806516018,79.32,0,0.33899545632891714
3114105,56.53,752.1164,95.08,116.0,13797.0,23937.667608900487,64.19,0,0.33899545632891714
3114204,67.21,760.9596,94.87,222.0,23479.0,33212.35998125985,71.27,0,0.33899545632891714
3114303,70.42,760.9684,96.75,298.0,29011.0,41200.544621005836,73.41,0,0.33899545632891714
3114402,63.2,750.5354,90.12,155.0,20954.0,40263.768254271265,68.62,0,0.33899545632891714
3114501,76.93,771.6034,96.05,219.0,18003.0,30071.71027051047,77.84,0,0.33899545632891714
3114550,52.21,748.3168,92.38,97.0,9422.0,72650.39269794099,61.28,1,0.33899545632891714
3114600,70.36,772.778,91.67,33.0,4049.0,43049.39491232403,73.37,0,0.33899545632891714
3114709,76.96,778.3738,100.0,35.0,3341.0,25807.841963483985,77.86,0,0.33899545632891714
3114808,80.29,766.9422,100.0,41.0,4422.0,23477.159656264135,80.0,0,0.33899545632891714
3114907,68.75,763.6118,94.12,16.0,2214.0,37016.260162601626,72.3,0,0.33899545632891714
3115003,63.9,757.3868,83.33,30.0,2712.0,37351.40117994101,69.08,0,0.33899545632891714
3115102,70.66,771.1192,94.52,138.0,17155.0,30305.566890119502,73.57,0,0.33899545632891714
3115201,68.75,762.6309,100.0,32.0,3560.0,24578.93258426966,72.3,0,0.33899545632891714
3115300,36.0,726.3108,82.48,193.0,66261.0,32290.729086491294,49.63,1,0.33899545632891714
3115359,67.35,751.5861,83.72,36.0,5473.0,325175.22382605524,71.37,0,0.33899545632891714
3115458,35.9,728.5675,92.13,82.0,7030.0,15630.156472261737,49.55,1,0.33899545632891714
3115474,61.25,745.0643,96.3,52.0,4739.0,14945.769149609621,67.33,0,0.33899545632891714
3115508,76.39,764.7028,88.89,144.0,21056.0,22079.739741641337,77.47,0,0.33899545632891714
3115706,71.27,763.7164,96.23,51.0,6171.0,16210.338680926916,73.98,0,0.33899545632891714
3115805,78.29,773.7235,95.51,85.0,10207.0,43977.95630449691,78.79,0,0.33899545632891714
3115904,28.81,719.742,78.95,30.0,3075.0,20261.463414634145,43.78,1,0.33899545632891714
3116001,89.1,800.8592,95.0,19.0,6075.0,23001.81069958848,80.0,0,0.33899545632891714
3116100,41.12,739.028,92.5,74.0,10337.0,11745.76763084067,53.49,1,0.33899545632891714
3116159,49.17,736.5995,91.43,160.0,12355.0,47036.58437879401,59.2,1,0.33899545632891714
3116209,77.53,762.567,90.57,48.0,2800.0,16825.0,78.26,0,0.33899545632891714
3116308,73.1,758.9857,94.74,18.0,5581.0,14493.99749148898,75.22,0,0.33899545632891714
3116407,74.97,769.0921,93.85,61.0,4658.0,56243.6668097896,76.49,0,0.33899545632891714
3116506,70.05,755.0706,97.5,78.0,7166.0,15776.30477253698,73.16,0,0.33899545632891714
3116605,61.05,753.5314,97.33,365.0,30159.0,47293.013694088,67.2,0,0.33899545632891714
3116704,76.92,775.8518,98.77,80.0,7117.0,21021.357313474775,77.83,0,0.33899545632891714
3116803,64.06,753.7535,98.65,73.0,8163.0,16507.166482910696,69.19,0,0.33899545632891714
3116902,35.71,727.5478,95.12,39.0,2773.0,81280.20194734944,49.4,1,0.33899545632891714
3117009,58.27,750.0958,86.49,32.0,6660.0,12639.039039039038,65.35,1,0.33899545632891714
3117108,70.87,766.1218,87.14,122.0,10371.0,31415.099797512292,73.71,0,0.33899545632891714
3117207,57.92,758.8812,100.0,31.0,2772.0,28423.520923520922,65.12,0,0.33899545632891714
3117306,55.38,747.7502,91.52,313.0,28381.0,62796.87114618936,63.42,1,0.33899545632891714
3117405,90.0,787.9043,100.0,10.0,4409.0,20740.98435019279,80.0,0,0.33899545632891714
3117504,58.74,754.6624,87.3,213.0,23163.0,137909.64037473555,65.66,0,0.33899545632891714
3117603,73.98,772.8057,,23.0,5415.0,57902.67774699908,,0,0.33899545632891714
3117702,89.94,796.3749,96.86,154.0,12541.0,28072.24304281955,80.0,0,0.33899545632891714
3117801,61.94,753.1572,89.62,95.0,10880.0,28357.8125,67.79,0,0.33899545632891714
3117876,52.52,748.3602,95.06,77.0,7350.0,220002.3129251701,61.49,0,0.33899545632891714
3117900,73.46,777.4884,92.03,127.0,11083.0,24727.69105837769,75.46,0,0.33899545632891714
3118007,56.15,748.2226,88.84,597.0,52890.0,145467.83891094726,63.94,0,0.33899545632891714
3118205,68.73,759.1624,74.03,57.0,6694.0,100331.4908873618,72.28,0,0.33899545632891714
3118304,64.98,759.4468,91.17,1001.0,131621.0,26459.668290014517,69.8,0,0.33899545632891714
3118403,66.9,761.725,91.76,167.0,20824.0,24052.58355743373,71.07,0,0.33899545632891714
3118502,62.5,749.6791,94.12,16.0,1563.0,23198.336532309662,68.16,0,0.33899545632891714
3118601,53.73,744.5503,84.28,4204.0,621863.0,72511.77992580358,62.31,1,0.33899545632891714
3118700,71.3,764.0921,91.4,85.0,9023.0,31011.85858361964,74.0,0,0.33899545632891714
3118809,65.6,755.2763,79.49,31.0,25377.0,14105.528628285456,70.21,0,0.33899545632891714
3118908,69.28,761.5464,87.27,48.0,7547.0,21747.979329534915,72.65,0,0.33899545632891714
3119005,47.14,745.2467,90.7,39.0,3200.0,40995.9375,57.79,1,0.33899545632891714
3119104,40.03,730.6662,93.64,221.0,23532.0,23238.313785483595,52.68,1,0.33899545632891714
3119203,56.22,750.2708,90.57,48.0,10884.0,14704.244762954795,63.99,1,0.33899545632891714
3119302,41.88,749.9643,88.46,92.0,28894.0,71010.76348030733,54.04,1,0.33899545632891714
3119401,47.39,737.958,84.25,808.0,104736.0,22798.712954476017,57.97,1,0.33899545632891714
3119500,65.72,752.545,96.55,84.0,8200.0,14151.707317073171,70.29,0,0.33899545632891714
3119609,100.0,821.8855,88.89,24.0,2762.0,26227.371469949318,80.0,0,0.33899545632891714
3119708,72.49,771.579,95.65,44.0,3486.0,25771.944922547333,74.8,0,0.33899545632891714
3119807,84.09,774.0039,96.97,32.0,2960.0,61253.37837837837,80.0,0,0.33899545632891714
3119906,73.8,759.7687,92.5,37.0,4272.0,15328.417602996255,75.69,0,0.33899545632891714
3119955,69.55,763.6439,98.55,68.0,6133.0,82848.1982716452,72.83,0,0.33899545632891714
3120003,46.69,738.2188,89.47,34.0,2875.0,22171.130434782608,57.48,1,0.33899545632891714
3120102,48.47,725.0972,97.73,43.0,4245.0,18081.978798586573,58.72,1,0.33899545632891714
3120151,52.99,745.8511,88.89,56.0,5265.0,17531.244064577397,61.81,1,0.33899545632891714
3120201,67.27,761.1487,95.8,114.0,12197.0,28127.326391735678,71.31,0,0.33899545632891714
3120300,26.36,727.064,91.53,54.0,5121.0,14537.590314391718,41.64,1,0.33899545632891714
3120409,72.12,757.5942,91.11,41.0,4667.0,36140.561388472255,74.55,0,0.33899545632891714
3120508,55.83,753.3952,96.05,73.0,10374.0,30535.280508964723,63.72,0,0.33899545632891714
3120607,81.48,775.112,94.83,55.0,5434.0,18529.996319470003,80.0,0,0.33899545632891714
3120706,62.42,748.2752,100.0,74.0,3521.0,52043.73757455269,68.1,0,0.33899545632891714
3120805,97.18,814.0255,92.45,98.0,15362.0,27418.37000390574,80.0,0,0.33899545632891714
3120839,98.0,798.0211,88.0,44.0,3983.0,20994.978659302036,80.0,0,0.33899545632891714
3120870,79.25,784.8483,95.58,108.0,7406.0,12793.275722387254,79.47,0,0.33899545632891714
3120904,65.34,756.6522,87.76,839.0,80665.0,33550.18905349284,70.03,0,0.33899545632891714
3121001,80.04,783.8564,98.9,90.0,5465.0,16112.534309240622,80.0,0,0.33899545632891714
3121100,63.46,751.5516,95.83,69.0,7952.0,17835.010060362172,68.79,0,0.33899545632891714
3121209,79.23,770.4471,86.17,81.0,8393.0,42373.40641010366,79.45,0,0.33899545632891714
3121258,50.98,752.8901,81.02,111.0,10494.0,67510.86335048599,60.45,1,0.33899545632891714
3121308,62.69,748.0797,83.33,40.0,4928.0,23599.431818181816,68.28,0,0.33899545632891714
3121407,80.91,778.3665,90.63,58.0,7653.0,32633.607735528552,80.0,0,0.33899545632891714
3121506,68.18,781.1539,91.67,22.0,2994.0,20721.776887107546,71.92,0,0.33899545632891714
3121605,59.54,748.5891,91.7,210.0,47702.0,25181.7743490839,66.2,0,0.33899545632891714
3121704,78.42,764.3818,92.0,23.0,3549.0,15597.351366582137,78.88,0,0.33899545632891714
3121803,82.4,774.8318,97.5,39.0,6847.0,15306.411567109684,80.0,0,0.33899545632891714
3121902,43.0,727.4878,88.24,45.0,4226.0,20587.553241836253,54.85,1,0.33899545632891714
3122009,49.17,743.4128,93.33,140.0,20706.0,21385.58871824592,59.2,1,0.33899545632891714
3122108,41.39,728.2288,89.47,34.0,4178.0,16831.258975586403,53.68,1,0.33899545632891714
3122207,67.53,758.8212,96.88,62.0,6516.0,14059.852670349906,71.49,0,0.33899545632891714
3122306,64.73,753.4114,89.56,841.0,231091.0,40414.08795669238,69.63,0,0.33899545632891714
3122355,50.93,744.7114,97.12,101.0,6321.0,34280.33538996994,60.41,1,0.33899545632891714
3122405,64.28,755.1229,92.41,73.0,5851.0,26848.231071611688,69.33,0,0.33899545632891714
3122454,42.46,736.6011,95.92,94.0,10213.0,11603.152844413984,54.46,1,0.33899545632891714
3122470,55.56,758.937,94.44,34.0,3697.0,23109.81877197728,63.54,0,0.33899545632891714
3122504,74.74,763.2474,100.0,56.0,4904.0,17412.52039151713,76.33,0,0.33899545632891714
3122702,66.83,760.429,96.36,53.0,5228.0,24641.545524100995,71.02,0,0.33899545632891714
3122801,94.28,786.29,91.89,34.0,3095.0,16382.552504038771,80.0,0,0.33899545632891714
3122900,47.11,734.2479,92.54,62.0,6093.0,20782.373215164946,57.77,1,0.33899545632891714
3123007,54.67,751.6821,94.44,85.0,10007.0,48563.705406215646,62.95,0,0.33899545632891714
3123106,42.55,738.3948,100.0,47.0,5029.0,37874.32889242394,54.53,1,0.33899545632891714
3123205,65.78,756.5119,91.51,97.0,12630.0,31579.17656373713,70.33,0,0.33899545632891714
3123304,76.7,773.5738,90.0,45.0,4987.0,15399.639061560056,77.68,0,0.33899545632891714
3123403,38.46,744.828,92.86,13.0,1461.0,92215.60574948664,51.51,1,0.33899545632891714
3123528,78.2,766.8422,96.0,48.0,7817.0,19727.900729179997,78.73,0,0.33899545632891714
3123601,57.91,748.1694,89.37,227.0,26336.0,36009.34082624544,65.11,1,0.33899545632891714
3123700,58.22,746.7768,84.26,91.0,13622.0,13866.172368227868,65.32,1,0.33899545632891714
3123809,44.66,739.5356,94.34,50.0,6354.0,18328.45451683979,56.04,1,0.33899545632891714
3123858,78.64,770.7689,95.12,78.0,5179.0,15886.271480980884,79.04,0,0.33899545632891714
3123908,83.15,780.4013,98.91,91.0,14746.0,28299.674487996745,80.0,0,0.33899545632891714
3124005,54.48,749.8351,87.57,148.0,20255.0,28482.3006665021,62.82,1,0.33899545632891714
3124104,50.73,742.0935,85.63,697.0,85598.0,15358.898572396552,60.28,1,0.33899545632891714
3124203,71.63,760.5556,91.27,115.0,24102.0,23682.640444776367,74.22,0,0.33899545632891714
3124302,64.25,758.1521,95.0,114.0,30443.0,15510.856354498572,69.31,0,0.33899545632891714
3124401,66.49,761.8214,93.55,87.0,6611.0,22849.19074270156,70.8,0,0.33899545632891714
3124500,72.45,755.982,97.56,40.0,11502.0,49781.25543383759,74.78,0,0.33899545632891714
3124609,87.26,768.3224,96.0,24.0,2186.0,23666.971637694416,80.0,0,0.33899545632891714
3124708,100.0,792.8943,77.27,17.0,2772.0,59125.54112554113,80.0,0,0.33899545632891714
3124807,46.84,735.4772,96.88,62.0,6840.0,67003.36257309941,57.58,1,0.33899545632891714
3124906,56.5,750.7961,87.1,81.0,10801.0,22512.267382649756,64.17,1,0.33899545632891714
3125002,35.65,723.136,94.74,54.0,3875.0,18471.225806451606,49.36,1,0.33899545632891714
3125101,57.68,748.1387,86.53,694.0,53482.0,377790.639841442,64.96,0,0.33899545632891714
3125200,71.98,768.167,78.57,22.0,2578.0,26425.911559348333,74.46,0,0.33899545632891714
3125309,14.74,705.3426,84.38,27.0,3188.0,24926.59974905897,29.78,1,0.33899545632891714
3125408,82.12,778.2594,94.92,56.0,5133.0,17594.77888174557,80.0,0,0.33899545632891714
3125507,80.13,770.1557,92.11,35.0,3032.0,19631.266490765174,80.0,0,0.33899545632891714
3125606,52.21,749.1304,91.75,89.0,6489.0,14080.443828016645,61.28,1,0.33899545632891714
3125705,52.03,739.7602,99.11,111.0,13978.0,22597.438832450996,61.16,1,0.33899545632891714
3125804,63.45,753.6814,93.75,30.0,2789.0,19978.486912872002,68.78,0,0.33899545632891714
3125903,38.1,739.3517,92.31,12.0,9590.0,17054.1188738269,51.24,1,0.33899545632891714
3125952,66.12,755.8692,87.18,102.0,10445.0,17689.037817137385,70.55,0,0.33899545632891714
3126000,57.15,755.1801,96.39,80.0,8045.0,22735.73648228713,64.61,0,0.33899545632891714
3126109,66.93,759.2618,92.34,458.0,68248.0,43506.974563357166,71.09,0,0.33899545632891714
3126208,61.08,742.5797,91.18,93.0,7949.0,67456.03220530885,67.22,0,0.33899545632891714
3126307,70.59,763.0085,,17.0,3477.0,28350.589588725918,66.05,0,0.33899545632891714
3126406,59.25,761.7227,90.63,29.0,3093.0,22942.45069511801,66.0,0,0.33899545632891714
3126604,31.48,700.7583,100.0,54.0,4503.0,23631.356873195647,46.02,1,0.33899545632891714
3126703,41.63,733.1154,89.26,108.0,23476.0,22700.545237689556,53.86,1,0.33899545632891714
3126752,88.58,794.4066,97.83,45.0,5034.0,18891.14024632499,80.0,0,0.33899545632891714
3126802,51.82,746.3618,92.96,66.0,5640.0,16149.468085106382,61.02,1,0.33899545632891714
3126901,53.11,743.6368,86.6,84.0,8226.0,21092.754680282036,61.89,1,0.33899545632891714
3127008,52.87,739.9748,93.26,180.0,14540.0,74995.46079779917,61.73,1,0.33899545632891714
3127057,37.26,728.2134,84.85,28.0,4345.0,13301.726121979289,50.6,1,0.33899545632891714
3127073,43.91,729.2152,,58.0,4647.0,12360.017215407792,,1,0.33899545632891714
3127107,53.92,745.2123,88.53,602.0,58588.0,68730.26899706425,62.44,1,0.33899545632891714
3127206,51.4,744.233,86.0,43.0,4686.0,23719.16346564234,60.73,1,0.33899545632891714
3127305,47.26,735.5721,82.93,68.0,6222.0,20379.620700739317,57.88,1,0.33899545632891714
3127354,57.14,739.0669,93.33,14.0,2928.0,18917.349726775956,64.6,1,0.33899545632891714
3127370,67.76,752.6876,86.96,20.0,2830.0,20156.18374558304,71.64,0,0.33899545632891714
3127388,75.0,768.8928,100.0,32.0,4053.0,25772.0207253886,76.51,0,0.33899545632891714
3127404,62.15,754.7293,92.73,51.0,4727.0,26274.59276496721,67.92,0,0.33899545632891714
3127503,66.42,763.1686,96.77,60.0,5230.0,17753.346080305928,70.75,0,0.33899545632891714
3127602,74.24,767.8363,94.26,115.0,11331.0,18176.418674432967,75.99,0,0.33899545632891714
3127701,52.06,742.6624,83.4,1206.0,257171.0,33488.48042741989,61.18,1,0.33899545632891714
3127800,71.57,765.8674,89.52,111.0,13901.0,58805.76936911014,74.18,0,0.33899545632891714
3128006,57.63,749.7172,83.09,226.0,32244.0,39834.75995534052,64.93,1,0.33899545632891714
3128105,58.55,749.998,93.37,155.0,13772.0,36292.622712750504,65.54,0,0.33899545632891714
3128253,42.0,725.8185,86.57,58.0,5051.0,16579.885171253216,54.13,1,0.33899545632891714
3128303,73.63,763.7389,91.27,115.0,19150.0,42362.872062663184,75.58,0,0.33899545632891714
3128402,80.48,779.4112,96.1,74.0,7714.0,29320.715582058598,80.0,0,0.33899545632891714
3128501,88.16,792.5465,84.21,32.0,3149.0,22954.271197205464,80.0,0,0.33899545632891714
3128600,79.05,770.9621,97.4,75.0,6539.0,136087.32222052303,79.32,0,0.33899545632891714
3128709,53.45,746.6033,90.22,452.0,50911.0,47760.994676985334,62.12,1,0.33899545632891714
3128808,61.83,754.1555,83.61,51.0,7131.0,18839.293226756417,67.71,0,0.33899545632891714
3128907,60.59,747.1544,91.43,96.0,8478.0,42383.109223873565,66.89,0,0.33899545632891714
3129004,44.72,739.9595,98.31,58.0,7778.0,17469.786577526356,56.09,1,0.33899545632891714
3129103,76.93,771.1543,92.73,51.0,5192.0,45910.63174114022,77.84,0,0.33899545632891714
3129202,48.35,731.9848,92.42,61.0,6134.0,25585.7515487447,58.64,1,0.33899545632891714
3129301,37.09,731.3699,94.83,110.0,12030.0,17171.15544472153,50.47,1,0.33899545632891714
3129400,89.43,788.4019,94.74,54.0,5198.0,23254.136206233165,80.0,0,0.33899545632891714
3129509,52.52,746.2364,92.09,198.0,22229.0,76543.02937604031,61.49,1,0.33899545632891714
3129608,56.95,751.0897,92.11,70.0,6286.0,19682.468978682784,64.47,0,0.33899545632891714
3129657,64.3,754.314,72.97,27.0,5081.0,12239.322967919701,69.35,1,0.33899545632891714
3129707,32.8,724.7824,88.79,103.0,10948.0,81825.8129338692,47.1,1,0.33899545632891714
3129806,51.6,741.4052,82.28,1351.0,170537.0,18973.196432445744,60.87,1,0.33899545632891714
3129905,38.1,728.3704,81.82,36.0,3365.0,22562.852897473997,51.24,1,0.33899545632891714
3130002,60.59,748.2154,100.0,32.0,2698.0,27000.0,66.89,0,0.33899545632891714
3130051,53.99,747.0206,93.65,59.0,10677.0,11855.764727919828,62.49,1,0.33899545632891714
3130101,51.87,743.6566,83.95,502.0,45847.0,30576.133661962613,61.05,1,0.33899545632891714
3130200,68.89,764.1387,93.52,101.0,10830.0,76779.96306555862,72.39,0,0.33899545632891714
3130309,98.44,807.0663,92.65,63.0,6826.0,83455.75739818341,80.0,0,0.33899545632891714
3130408,72.8,758.0282,94.67,71.0,7003.0,85943.8811937741,75.01,0,0.33899545632891714
3130507,45.97,727.8,89.78,123.0,12741.0,24689.19237108547,56.97,1,0.33899545632891714
3130556,65.59,761.2864,89.55,60.0,6986.0,18600.77297452047,70.2,0,0.33899545632891714
3130606,81.42,765.6235,100.0,59.0,7301.0,24012.190110943706,80.0,0,0.33899545632891714
3130655,56.13,741.8991,98.31,58.0,6346.0,15257.642609517807,63.93,0,0.33899545632891714
3130705,43.12,736.7134,90.28,65.0,6171.0,348422.78398962884,54.94,1,0.33899545632891714
3130903,68.56,768.2776,91.67,121.0,22692.0,23940.595804688877,72.17,0,0.33899545632891714
3131000,46.98,737.6511,85.71,54.0,6239.0,25286.103542234327,57.68,1,0.33899545632891714
3131109,40.65,732.7521,95.16,59.0,7371.0,14831.3661646995,53.14,1,0.33899545632891714
3131158,62.96,759.9066,98.02,198.0,17136.0,13158.555088702147,68.46,0,0.33899545632891714
3131208,78.85,771.6202,96.64,230.0,19522.0,21688.915070177234,79.18,0,0.33899545632891714
3131307,64.66,754.7389,89.24,1476.0,227731.0,74079.67733861443,69.58,0,0.33899545632891714
3131406,75.16,766.9418,95.0,38.0,3775.0,61065.16556291391,76.62,0,0.33899545632891714
3131505,52.86,742.609,90.41,66.0,9135.0,24456.814449917896,61.72,1,0.33899545632891714
3131604,38.41,733.8809,91.18,31.0,7180.0,63400.27855153203,51.47,1,0.33899545632891714
3131703,57.17,748.2202,87.68,918.0,113343.0,65590.28788720962,64.62,1,0.33899545632891714
3131802,64.78,752.812,89.13,82.0,10362.0,17611.175448755068,69.66,0,0.33899545632891714
3131901,59.98,750.1775,92.59,537.0,53365.0,134178.656422749,66.49,0,0.33899545632891714
3132008,78.57,779.1218,90.32,28.0,4252.0,17032.6904985889,78.99,0,0.33899545632891714
3132107,49.49,741.1214,93.59,146.0,17208.0,17018.24732682473,59.42,1,0.33899545632891714
3132206,56.99,752.5766,95.95,166.0,13846.0,33656.6517405749,64.5,0,0.33899545632891714
3132305,57.48,744.7649,80.28,57.0,10463.0,13728.280607856257,64.83,1,0.33899545632891714
3132404,59.76,751.8503,89.87,692.0,93073.0,48327.21627109903,66.34,0,0.33899545632891714
3132503,59.11,751.9504,94.66,248.0,32948.0,20332.03836348185,65.91,0,0.33899545632891714
3132602,48.03,739.5991,90.0,27.0,3690.0,19962.059620596207,58.41,1,0.33899545632891714
3132701,51.6,735.5887,92.98,106.0,21042.0,19725.073662199407,60.87,1,0.33899545632891714
3132800,77.78,774.256,81.82,18.0,2142.0,20139.122315592904,78.43,0,0.33899545632891714
3132909,61.13,751.7545,96.53,139.0,10770.0,32355.338904363973,67.25,0,0.33899545632891714
3133006,57.59,748.6124,86.87,86.0,14786.0,73576.55890707427,64.9,1,0.33899545632891714
3133105,89.82,796.8881,95.1,97.0,15236.0,42614.59700708848,80.0,0,0.33899545632891714
3133204,41.07,732.816,91.51,97.0,11128.0,16065.600287562906,53.45,1,0.33899545632891714
3133303,49.69,736.523,91.3,189.0,19151.0,19630.93311054253,59.56,1,0.33899545632891714
3133402,63.86,749.0984,95.45,105.0,13690.0,52218.55368882396,69.06,0,0.33899545632891714
3133501,72.37,764.6406,90.48,57.0,21046.0,31642.68744654566,74.72,0,0.33899545632891714
3133600,52.0,743.8018,90.1,182.0,12596.0,134876.7068910765,61.14,1,0.33899545632891714
3133709,72.38,763.3639,87.18,136.0,12966.0,187766.08051827856,74.73,0,0.33899545632891714
3133758,74.33,763.5287,97.66,125.0,14406.0,62415.8683881716,76.05,0,0.33899545632891714
3133808,69.8,758.5282,92.04,590.0,97669.0,50947.27088431335,73.0,0,0.33899545632891714
3133907,,,,,5642.0,14885.856079404466,77.49,0,0.33899545632891714
3134004,52.26,739.4132,93.55,87.0,13745.0,20633.903237540922,61.32,1,0.33899545632891714
3134103,55.54,746.8757,91.3,42.0,6055.0,27072.33691164327,63.53,1,0.33899545632891714
3134202,62.99,752.9315,92.55,584.0,102217.0,48673.557236076194,68.48,0,0.33899545632891714
3134301,59.21,755.9474,90.7,39.0,6638.0,16716.932811087674,65.98,0,0.33899545632891714
3134400,55.84,746.6934,90.34,374.0,38295.0,74812.24702963834,63.73,1,0.33899545632891714
3134509,51.36,743.6356,85.71,36.0,4217.0,52582.8788238084,60.71,1,0.33899545632891714
3134608,69.36,762.0513,96.1,222.0,20406.0,18317.602665882583,72.7,0,0.33899545632891714
3134707,45.37,741.2674,90.48,133.0,11042.0,14462.053975729035,56.55,1,0.33899545632891714
3134806,70.85,769.5899,89.8,88.0,7495.0,24856.437625083392,73.7,0,0.33899545632891714
3134905,59.84,751.8568,92.82,168.0,25525.0,66949.65719882469,66.39,0,0.33899545632891714
3135001,62.35,758.8851,100.0,27.0,3092.0,50882.600258732215,68.06,0,0.33899545632891714
3135050,42.81,732.7617,90.66,233.0,37660.0,25754.48751991503,54.72,1,0.33899545632891714
3135076,51.85,735.3935,,36.0,4296.0,19751.62942271881,,1,0.33899545632891714
3135100,49.64,739.3661,96.12,297.0,70699.0,27796.164019293054,59.53,1,0.33899545632891714
3135209,20.14,707.1135,79.87,123.0,65150.0,15970.667689946275,35.71,1,0.33899545632891714
3135308,71.03,767.3019,96.3,52.0,4506.0,28045.938748335553,73.82,0,0.33899545632891714
3135357,74.95,788.9037,74.03,57.0,8127.0,12321.397809769902,76.48,0,0.33899545632891714
3135407,67.57,762.3512,93.65,59.0,6197.0,272673.0676133613,71.51,0,0.33899545632891714
3135506,57.46,758.4406,94.79,91.0,12419.0,19779.53136323376,64.81,0,0.33899545632891714
3135605,39.93,727.6228,84.51,60.0,6484.0,24257.24861196792,52.61,1,0.33899545632891714
3135704,52.44,749.1596,91.53,54.0,5883.0,27494.985551589325,61.44,1,0.33899545632891714
3135803,43.97,730.5188,90.51,143.0,24007.0,15993.168659141083,55.55,1,0.33899545632891714
3135902,62.05,755.6994,93.33,70.0,5138.0,22011.093810821327,67.86,0,0.33899545632891714
3136009,43.01,731.88,95.2,119.0,13888.0,15202.044930875576,54.86,1,0.33899545632891714
3136108,95.06,782.0861,90.0,18.0,4329.0,27734.81173481173,80.0,0,0.33899545632891714
3136207,60.91,752.6444,91.81,415.0,80187.0,53454.412810056485,67.1,0,0.33899545632891714
3136306,60.09,767.8827,88.24,135.0,46801.0,54758.06072519818,66.56,0,0.33899545632891714
3136405,52.38,751.2003,91.3,42.0,3854.0,21696.938245978203,61.4,1,0.33899545632891714
3136520,34.09,726.249,,42.0,3969.0,15684.303350970016,,1,0.33899545632891714
3136553,79.09,784.144,96.49,55.0,4268.0,26665.885660731023,79.35,0,0.33899545632891714
3136579,90.34,800.6545,96.67,29.0,3630.0,16428.37465564738,80.0,0,0.33899545632891714
3136603,47.99,736.9978,85.87,79.0,5909.0,24892.367574885768,58.39,1,0.33899545632891714
3136652,47.58,742.2326,89.97,359.0,30716.0,69160.99101445501,58.1,1,0.33899545632891714
3136702,43.63,732.5133,82.67,2442.0,540756.0,43035.35605707565,55.31,1,0.33899545632891714
3136801,63.23,762.4065,96.55,28.0,3768.0,16910.56263269639,68.64,0,0.33899545632891714
3136900,78.5,772.3177,93.17,150.0,11084.0,27366.29375676651,78.94,0,0.33899545632891714
3136959,36.81,728.5402,,48.0,5789.0,15524.442908965279,,1,0.33899545632891714
3137007,23.8,712.4303,86.11,93.0,14383.0,11686.991587290551,39.29,1,0.33899545632891714
3137106,91.73,781.1354,90.0,36.0,6631.0,40025.48635198311,80.0,0,0.33899545632891714
3137205,72.57,765.797,96.62,286.0,51412.0,48073.30973313623,74.86,0,0.33899545632891714
3137304,41.04,734.9455,97.78,44.0,3313.0,19881.678237247208,53.43,1,0.33899545632891714
3137403,63.91,759.5879,95.37,103.0,12769.0,29524.55164852377,69.09,0,0.33899545632891714
3137502,60.53,750.9163,94.17,210.0,18904.0,37753.01523487092,66.85,0,0.33899545632891714
3137536,81.75,775.8205,99.17,120.0,8969.0,34814.806555914816,80.0,0,0.33899545632891714
3137601,61.7,752.0993,86.03,591.0,75145.0,37599.04185241865,67.63,0,0.33899545632891714
3137700,72.03,764.4031,85.97,190.0,20835.0,24388.720902327812,74.49,0,0.33899545632891714
3137809,65.73,758.3086,92.81,142.0,20414.0,26399.92162241599,70.29,0,0.33899545632891714
3138005,40.25,732.0611,92.31,48.0,5963.0,19485.996981385208,52.84,1,0.33899545632891714
3138104,80.16,772.7134,94.03,63.0,7124.0,32473.610331274565,80.0,0,0.33899545632891714
3138203,56.24,746.0839,88.47,798.0,104761.0,37386.83288628401,64.0,1,0.33899545632891714
3138351,52.94,755.1545,100.0,34.0,4341.0,16965.21538815941,61.78,0,0.33899545632891714
3138401,58.67,753.4157,90.07,272.0,51145.0,26289.627529572786,65.62,0,0.33899545632891714
3138500,56.17,751.0094,94.44,51.0,4737.0,24868.693265780028,63.95,0,0.33899545632891714
3138609,46.49,740.6301,92.36,145.0,17221.0,25114.51135241856,57.34,1,0.33899545632891714
3138625,65.19,755.6225,91.74,111.0,8687.0,89243.81259353057,69.94,0,0.33899545632891714
3138658,64.02,755.0864,94.78,109.0,8790.0,12601.023890784985,69.16,0,0.33899545632891714
3138674,81.62,768.6456,93.85,61.0,6956.0,22336.112708453133,80.0,0,0.33899545632891714
3138682,50.0,737.5379,100.0,16.0,6210.0,13279.87117552335,59.77,1,0.33899545632891714
3138708,67.26,771.7453,100.0,66.0,5586.0,29741.13856068744,71.31,0,0.33899545632891714
3138807,54.44,744.9912,95.79,91.0,17875.0,48318.09790209791,62.79,1,0.33899545632891714
3138906,62.01,753.0564,93.26,83.0,6487.0,21096.038230306767,67.83,0,0.33899545632891714
3139003,59.94,750.1896,93.75,240.0,37684.0,37319.764356225445,66.46,0,0.33899545632891714
3139102,69.45,757.9031,91.67,44.0,5191.0,78696.01232903101,72.76,0,0.33899545632891714
3139201,77.21,773.4885,96.23,51.0,17516.0,15572.162594199588,78.03,0,0.33899545632891714
3139250,40.12,730.7905,100.0,55.0,5997.0,13337.168584292143,52.75,1,0.33899545632891714
3139300,24.02,712.8232,87.93,102.0,18886.0,16720.26898231494,39.5,1,0.33899545632891714
3139409,48.41,739.7141,85.93,458.0,91886.0,40383.06161983328,58.68,1,0.33899545632891714
3139508,68.6,758.6537,90.91,210.0,20613.0,28520.20569543492,72.2,0,0.33899545632891714
3139607,49.94,744.9207,91.53,227.0,26535.0,23022.31015639721,59.73,1,0.33899545632891714
3139706,70.06,760.9702,92.31,48.0,7333.0,33206.327560343656,73.17,0,0.33899545632891714
3139805,54.82,743.3052,84.38,27.0,12721.0,22711.34344784215,63.05,1,0.33899545632891714
3139904,60.99,756.5293,91.96,103.0,14247.0,19192.110619779603,67.16,0,0.33899545632891714
3140001,53.77,744.2222,89.68,539.0,61387.0,75862.08806424814,62.34,1,0.33899545632891714
3140100,63.09,752.9263,97.96,48.0,4224.0,17806.344696969696,68.55,0,0.33899545632891714
3140159,70.35,770.6437,86.0,172.0,15900.0,15124.339622641508,73.37,0,0.33899545632891714
3140209,65.47,755.1194,95.35,41.0,3387.0,32776.79362267493,70.12,0,0.33899545632891714
3140308,61.76,755.4575,94.44,34.0,4592.0,14760.235191637632,67.67,0,0.33899545632891714
3140407,76.82,770.1361,97.06,33.0,3200.0,19290.625,77.76,0,0.33899545632891714
3140506,56.02,753.3848,94.74,72.0,14003.0,41723.773477112045,63.85,0,0.33899545632891714
3140530,76.55,765.0838,91.84,90.0,8396.0,35588.97093854217,77.58,0,0.33899545632891714
3140555,54.87,756.4367,92.86,65.0,9112.0,12362.159789288853,63.08,0,0.33899545632891714
3140605,37.11,735.8511,94.0,47.0,3963.0,19364.118092354274,50.48,1,0.33899545632891714
3140704,56.77,750.744,89.73,437.0,37841.0,28963.135223699162,64.35,1,0.33899545632891714
3140803,58.84,748.8416,77.04,104.0,14121.0,62258.97599320161,65.73,1,0.33899545632891714
3140852,37.68,730.8031,87.59,120.0,8895.0,22549.63462619449,50.92,1,0.33899545632891714
3140902,85.52,783.9683,88.35,91.0,18552.0,25986.200948684775,80.0,0,0.33899545632891714
3141009,69.02,756.4343,98.55,68.0,12038.0,19030.486791825882,72.48,0,0.33899545632891714
3141108,47.48,738.7988,89.91,294.0,37618.0,50386.14493061832,58.03,1,0.33899545632891714
3141207,91.3,787.1769,95.83,23.0,3814.0,33723.91190351336,80.0,0,0.33899545632891714
3141306,82.24,769.2697,92.31,36.0,3900.0,70047.4358974359,80.0,0,0.33899545632891714
3141405,70.27,772.4671,85.13,166.0,20156.0,16407.769398690216,73.31,0,0.33899545632891714
3141504,79.65,773.5532,88.89,40.0,5606.0,17506.42169104531,79.75,0,0.33899545632891714
3141603,98.41,831.0504,100.0,68.0,10373.0,18257.7846331823,80.0,0,0.33899545632891714
3141702,53.17,740.8206,91.18,31.0,5040.0,14595.63492063492,61.93,1,0.33899545632891714
3141801,70.15,767.4145,94.89,297.0,24405.0,16887.03134603565,73.23,0,0.33899545632891714
3141900,51.89,743.4661,95.12,39.0,3741.0,53199.411921946,61.07,1,0.33899545632891714
3142007,58.98,747.3822,89.74,70.0,13651.0,14193.978463116257,65.82,1,0.33899545632891714
3142106,47.26,740.881,85.45,47.0,8968.0,22978.256021409456,57.88,1,0.33899545632891714
3142205,96.19,806.6366,96.97,64.0,13633.0,27053.253135773488,80.0,0,0.33899545632891714
3142254,40.71,721.127,91.3,21.0,3985.0,14534.253450439148,53.18,1,0.33899545632891714
3142304,77.89,771.3155,94.12,80.0,5125.0,20318.43902439024,78.51,0,0.33899545632891714
3142403,81.44,781.6297,92.39,85.0,7548.0,21214.096449390567,80.0,0,0.33899545632891714
3142502,,,,,2169.0,19278.469340710002,80.0,0,0.33899545632891714
3142601,62.69,753.816,91.18,93.0,8340.0,33594.12470023981,68.28,0,0.33899545632891714
3142700,48.49,743.6216,93.51,72.0,14060.0,14720.056899004268,58.73,1,0.33899545632891714
3142809,74.78,772.2833,91.67,143.0,20170.0,44805.20575111552,76.36,0,0.33899545632891714
3142908,80.0,767.8774,100.0,10.0,20328.0,16034.927194018102,80.0,0,0.33899545632891714
3143005,50.21,739.7567,89.66,26.0,13046.0,37259.006592058875,59.92,1,0.33899545632891714
3143104,63.64,753.2853,94.84,147.0,47692.0,41037.51153233247,68.91,0,0.33899545632891714
3143153,49.86,746.1027,97.62,41.0,4381.0,12024.195389180552,59.68,1,0.33899545632891714
3143203,42.15,731.4882,89.8,176.0,20890.0,30279.32024892293,54.24,1,0.33899545632891714
3143302,61.58,753.8768,88.28,2117.0,414240.0,32170.33362302047,67.55,0,0.33899545632891714
3143401,53.93,744.4917,95.73,202.0,24089.0,30041.844825439,62.45,1,0.33899545632891714
3143450,54.21,739.3089,87.34,69.0,6888.0,15199.186991869921,62.64,1,0.33899545632891714
3143500,86.32,788.5704,98.17,107.0,9067.0,62940.66394617845,80.0,0,0.33899545632891714
3143609,96.43,806.2308,100.0,31.0,2411.0,26068.021567814183,80.0,0,0.33899545632891714
3143708,,,,,3133.0,17900.734120651134,65.33,0,0.33899545632891714
3143807,77.93,776.5322,89.58,86.0,7547.0,21191.06929905923,78.54,0,0.33899545632891714
3143906,58.49,749.4688,88.69,823.0,104108.0,30846.72647635148,65.5,1,0.33899545632891714
3144003,61.47,754.5276,83.56,122.0,27635.0,23986.57499547675,67.47,0,0.33899545632891714
3144102,43.36,734.1866,92.31,156.0,21891.0,33933.26024393586,55.11,1,0.33899545632891714
3144201,58.67,756.8814,96.15,25.0,2459.0,16525.41683611224,65.62,0,0.33899545632891714
3144300,51.97,734.7837,95.9,117.0,35038.0,30677.806952451625,61.12,1,0.33899545632891714
3144359,79.54,773.6134,86.17,81.0,6303.0,17147.54878629224,79.67,0,0.33899545632891714
3144375,49.23,738.8448,91.11,41.0,3520.0,26363.352272727276,59.24,1,0.33899545632891714
3144409,70.18,757.5992,94.59,35.0,4691.0,28557.876785333614,73.25,0,0.33899545632891714
3144508,87.42,780.546,91.94,57.0,8179.0,101107.59261523414,80.0,0,0.33899545632891714
3144607,53.67,742.7433,94.72,233.0,25018.0,30274.882084898873,62.27,1,0.33899545632891714
3144656,49.26,741.7488,95.7,89.0,10588.0,15755.194559879108,59.27,1,0.33899545632891714
3144672,50.0,739.6664,100.0,24.0,3151.0,42379.56204379562,59.77,1,0.33899545632891714
3144706,60.32,752.2747,96.82,152.0,17438.0,27570.535611882093,66.71,0,0.33899545632891714
3144805,56.76,747.3635,88.72,857.0,111697.0,111440.33411819476,64.35,1,0.33899545632891714
3144904,83.33,778.1525,100.0,36.0,3663.0,19633.08763308763,80.0,0,0.33899545632891714
3145000,72.34,770.2122,95.28,222.0,14598.0,108346.89683518292,74.7,0,0.33899545632891714
3145059,41.56,726.7719,95.74,45.0,6706.0,23695.347450044737,53.81,1,0.33899545632891714
3145109,69.3,764.2498,95.48,190.0,16387.0,30082.138280344177,72.66,0,0.33899545632891714
3145208,54.95,746.3576,95.23,1459.0,105552.0,37293.068819160224,63.13,1,0.33899545632891714
3145307,75.6,767.5697,93.0,93.0,26975.0,15447.636700648747,76.92,0,0.33899545632891714
3145356,44.96,742.216,94.19,81.0,10275.0,14694.793187347932,56.26,1,0.33899545632891714
3145372,68.05,762.1771,97.62,41.0,4571.0,20256.83657842923,71.83,0,0.33899545632891714
3145406,,,,,1945.0,22969.665809768638,80.0,0,0.33899545632891714
3145455,68.23,754.3925,84.48,49.0,5385.0,38042.154131847725,71.95,0,0.33899545632891714
3145505,62.27,750.2377,92.86,26.0,2555.0,21587.47553816047,68.0,0,0.33899545632891714
3145604,49.74,738.8731,96.54,223.0,39262.0,37268.529366817784,59.6,1,0.33899545632891714
3145703,71.43,762.4895,87.5,14.0,2027.0,21910.212136161812,74.09,0,0.33899545632891714
3145851,73.86,762.9336,82.81,53.0,4917.0,17105.755541997154,75.73,0,0.33899545632891714
3145877,62.75,758.2892,90.74,98.0,8437.0,17421.83240488325,68.32,0,0.33899545632891714
3145901,65.37,757.6015,92.73,370.0,38724.0,111320.29232517302,70.05,0,0.33899545632891714
3146008,63.84,758.7531,93.64,221.0,32094.0,38131.457593319625,69.04,0,0.33899545632891714
3146107,55.48,750.1014,90.26,352.0,74821.0,90426.61819542642,63.49,0,0.33899545632891714
3146206,51.25,746.071,95.4,83.0,5757.0,15175.09119332986,60.63,1,0.33899545632891714
3146255,47.09,737.683,74.24,49.0,5058.0,13532.621589561091,57.76,1,0.33899545632891714
3146305,48.95,736.0099,95.08,116.0,17334.0,14692.569516557056,59.05,1,0.33899545632891714
3146404,78.95,769.7243,94.74,36.0,4224.0,23424.952651515152,79.25,0,0.33899545632891714
3146503,67.53,761.7542,91.86,79.0,8142.0,83087.20216163104,71.49,0,0.33899545632891714
3146552,62.52,762.5824,92.19,59.0,5551.0,13263.015672851738,68.17,0,0.33899545632891714
3146602,80.0,768.3198,100.0,10.0,1474.0,22970.827679782906,80.0,0,0.33899545632891714
3146701,26.99,743.7125,81.25,39.0,5707.0,20055.896267741366,42.2,1,0.33899545632891714
3146750,38.71,720.8829,84.91,45.0,6301.0,13170.607840025392,51.7,1,0.33899545632891714
3146909,47.1,733.7481,85.47,153.0,13920.0,27185.416666666668,57.77,1,0.33899545632891714
3147006,65.69,759.2041,91.71,675.0,94023.0,72311.2642651266,70.27,0,0.33899545632891714
3147105,53.51,743.0303,88.61,498.0,97139.0,53134.477398367286,62.16,1,0.33899545632891714
3147204,62.45,760.3905,96.52,194.0,21723.0,36882.56686461354,68.12,0,0.33899545632891714
3147303,60.77,751.3543,96.09,172.0,20445.0,37638.34678405478,67.01,0,0.33899545632891714
3147402,48.84,741.5365,95.81,206.0,24107.0,45967.27091716098,58.98,1,0.33899545632891714
3147501,35.29,740.1365,,17.0,1600.0,18751.25,80.0,1,0.33899545632891714
3147600,85.63,782.4065,96.92,63.0,15515.0,47660.13535288432,80.0,0,0.33899545632891714
3147709,80.61,781.5002,100.0,62.0,8473.0,36652.30732916322,80.0,0,0.33899545632891714
3147808,61.11,759.5724,100.0,18.0,2233.0,21300.940438871476,67.24,0,0.33899545632891714
3147907,65.45,757.2296,94.7,732.0,111939.0,36449.369746022385,70.11,0,0.33899545632891714
3147956,76.92,791.2228,100.0,31.0,4837.0,12743.849493487702,77.83,0,0.33899545632891714
3148004,69.14,761.013,91.61,393.0,159235.0,51190.81232141175,72.56,0,0.33899545632891714
3148103,61.83,754.6843,94.55,815.0,89826.0,54502.98354596665,67.71,0,0.33899545632891714
3148202,72.64,770.8277,91.53,54.0,5576.0,27280.84648493544,74.9,0,0.33899545632891714
3148301,53.79,751.5075,93.33,42.0,8659.0,16557.68564499365,62.35,1,0.33899545632891714
3148400,70.37,754.364,87.3,55.0,4389.0,18336.978810663026,73.38,0,0.33899545632891714
3148608,64.65,754.0297,95.74,45.0,17446.0,16822.480797890632,69.58,0,0.33899545632891714
3148707,57.01,747.3558,90.34,262.0,24410.0,17569.438754608764,64.51,1,0.33899545632891714
3148756,61.37,753.1351,94.29,33.0,7320.0,17074.86338797814,67.41,0,0.33899545632891714
3148806,85.38,779.2503,96.3,26.0,3311.0,19697.372395046812,80.0,0,0.33899545632891714
3148905,81.43,775.9123,87.5,28.0,4112.0,32541.342412451362,80.0,0,0.33899545632891714
3149002,53.74,745.4314,96.97,32.0,2757.0,23754.80594849474,62.32,1,0.33899545632891714
3149101,50.09,742.4242,98.25,56.0,10760.0,20585.223048327138,59.84,1,0.33899545632891714
3149150,28.66,716.8981,89.47,85.0,10433.0,12676.698936068244,43.65,1,0.33899545632891714
3149200,59.7,741.3495,95.74,45.0,3344.0,99738.93540669855,66.3,0,0.33899545632891714
3149309,59.02,748.2617,88.42,443.0,62580.0,40178.60338766378,65.85,0,0.33899545632891714
3149507,32.02,725.3816,97.78,44.0,3351.0,23475.38048343778,46.46,1,0.33899545632891714
3149606,64.18,759.2275,94.83,55.0,4155.0,25012.03369434416,69.27,0,0.33899545632891714
3149705,80.06,783.6509,96.05,170.0,12268.0,30874.3071405282,80.0,0,0.33899545632891714
3149804,67.9,766.4454,92.91,236.0,17151.0,150305.1717101044,71.73,0,0.33899545632891714
3149903,71.24,765.3825,93.84,198.0,21384.0,37957.53834642723,73.96,0,0.33899545632891714
3149952,45.31,734.6055,78.9,86.0,6553.0,18310.39218678468,56.51,1,0.33899545632891714
3150000,88.06,788.8171,93.62,44.0,3570.0,16021.56862745098,80.0,0,0.33899545632891714
3150109,29.63,713.9055,77.42,24.0,2796.0,40942.41773962804,44.48,1,0.33899545632891714
3150158,52.84,746.0522,87.18,102.0,8529.0,25137.179036229332,61.71,1,0.33899545632891714
3150208,35.21,733.1183,96.08,49.0,3976.0,19166.750503018106,49.01,1,0.33899545632891714
3150307,29.38,688.9406,86.21,25.0,4604.0,29356.646394439616,44.27,1,0.33899545632891714
3150406,71.95,762.9394,95.83,46.0,5019.0,25591.153616258216,74.44,0,0.33899545632891714
3150505,72.81,765.6035,96.97,64.0,8563.0,36723.81174821908,75.02,0,0.33899545632891714
3150539,34.7,728.2144,85.19,69.0,4706.0,14904.802379940502,48.61,1,0.33899545632891714
3150570,47.97,734.7342,95.74,90.0,7084.0,13301.806888763413,58.37,1,0.33899545632891714
3150604,66.97,755.8144,96.15,50.0,6700.0,37099.25373134328,71.11,0,0.33899545632891714
3150703,63.4,747.9348,95.95,71.0,5537.0,115405.99602672929,68.75,0,0.33899545632891714
3150802,60.14,746.3572,89.61,69.0,17018.0,14876.95381360912,66.59,0,0.33899545632891714
3150901,66.27,752.0409,85.71,48.0,6041.0,19634.994206257245,70.65,0,0.33899545632891714
3151008,69.35,765.0074,90.18,101.0,9120.0,18812.82894736842,72.7,0,0.33899545632891714
3151107,62.67,756.5353,87.63,85.0,11077.0,63909.72284914688,68.27,0,0.33899545632891714
3151206,49.51,737.8652,91.77,524.0,55606.0,60447.775419918726,59.44,1,0.33899545632891714
3151305,74.74,764.5098,96.69,117.0,11610.0,21223.169681309217,76.33,0,0.33899545632891714
3151404,92.14,794.9876,98.21,55.0,26685.0,26339.40415964025,80.0,0,0.33899545632891714
3151503,57.27,744.6011,88.16,268.0,36062.0,43496.589207476005,64.69,1,0.33899545632891714
3151602,45.91,732.6158,92.49,160.0,11145.0,75657.33512786002,56.93,1,0.33899545632891714
3151701,81.87,767.0669,91.27,115.0,16390.0,33488.65161683953,80.0,0,0.33899545632891714
3151800,58.1,749.8888,87.46,1151.0,163742.0,65547.67866521724,65.24,1,0.33899545632891714
3152006,65.2,759.687,92.16,247.0,31047.0,39614.391084484814,69.94,0,0.33899545632891714
3152105,52.65,742.9249,87.86,333.0,57776.0,44898.556494045966,61.58,1,0.33899545632891714
3152131,61.32,753.0297,95.08,58.0,3747.0,17061.91619962637,67.38,0,0.33899545632891714
3152170,72.63,767.7923,92.52,99.0,10883.0,13729.302582008635,74.9,0,0.33899545632891714
3152204,63.54,757.5032,96.97,96.0,37438.0,16708.2910411881,68.84,0,0.33899545632891714
3152402,41.74,728.3114,86.27,88.0,13666.0,15642.177667203276,53.94,1,0.33899545632891714
3152501,58.91,748.6352,90.95,925.0,152217.0,93295.79481923832,65.78,0,0.33899545632891714
3152600,78.44,766.1734,88.14,52.0,6566.0,82639.20194943648,78.89,0,0.33899545632891714
3152709,73.21,769.2748,96.47,82.0,9048.0,28494.584438549955,75.29,0,0.33899545632891714
3152808,55.38,744.8436,91.97,355.0,28342.0,60076.0355655917,63.42,1,0.33899545632891714
3152907,62.59,758.5389,97.18,69.0,8406.0,29693.552224601477,68.22,0,0.33899545632891714
3153004,85.44,792.0752,98.21,55.0,3559.0,64673.22281539758,80.0,0,0.33899545632891714
3153103,57.14,730.0668,90.91,10.0,4850.0,16617.731958762884,64.6,1,0.33899545632891714
3153202,80.9,776.043,90.91,20.0,3465.0,18079.942279942283,80.0,0,0.33899545632891714
3153301,75.75,754.7346,97.22,35.0,3071.0,14774.666232497559,77.02,0,0.33899545632891714
3153400,77.37,771.5649,89.66,156.0,18765.0,48221.8491873168,78.15,0,0.33899545632891714
3153509,50.82,745.5178,88.76,79.0,8397.0,19132.190067881387,60.34,1,0.33899545632891714
3153608,52.93,747.7724,96.0,72.0,11466.0,29044.304901447762,61.77,1,0.33899545632891714
3153707,42.5,733.7782,97.06,33.0,3179.0,28277.44573765335,54.49,1,0.33899545632891714
3153806,61.54,760.6688,86.67,13.0,1770.0,28909.039548022603,67.52,0,0.33899545632891714
3153905,48.4,743.0286,92.41,134.0,16279.0,14292.585539652313,58.67,1,0.33899545632891714
3154002,67.06,758.6702,95.16,118.0,23423.0,21257.866199889002,71.17,0,0.33899545632891714
3154101,72.18,766.3636,83.08,54.0,11007.0,13855.819024257291,74.59,0,0.33899545632891714
3154150,39.44,733.1828,90.0,63.0,7848.0,16724.898063200817,52.24,1,0.33899545632891714
3154200,57.85,749.0498,91.3,105.0,11230.0,21717.54229741763,65.07,0,0.33899545632891714
3154309,71.54,765.7367,91.54,119.0,17226.0,21845.408104028797,74.16,0,0.33899545632891714
3154408,55.59,742.2007,92.59,50.0,4548.0,111484.60861917326,63.56,0,0.33899545632891714
3154457,69.58,757.0439,94.37,67.0,6863.0,27375.491767448642,72.85,0,0.33899545632891714
3154507,67.54,758.5585,86.96,60.0,8756.0,34459.79899497487,71.49,0,0.33899545632891714
3154606,54.99,746.346,83.86,2708.0,329794.0,19214.10031716769,63.16,1,0.33899545632891714
3154705,42.82,728.7126,94.87,37.0,4080.0,32564.460784313727,54.72,1,0.33899545632891714
3154804,40.74,725.697,83.62,97.0,10261.0,25373.940161777606,53.21,1,0.33899545632891714
3154903,59.63,756.0264,91.6,120.0,12789.0,21722.886855891782,66.26,0,0.33899545632891714
3155009,87.87,783.4924,100.0,33.0,2484.0,43333.73590982288,80.0,0,0.33899545632891714
3155108,52.94,741.37,94.44,17.0,4639.0,14681.39685276999,61.78,1,0.33899545632891714
3155306,71.24,763.7663,90.48,38.0,5568.0,24834.59051724138,73.96,0,0.33899545632891714
3155405,39.03,733.3534,93.68,89.0,8518.0,16853.25193707443,51.94,1,0.33899545632891714
3155504,78.7,777.9364,87.65,149.0,14532.0,79005.02339664189,79.08,0,0.33899545632891714
3155603,73.36,766.3998,93.28,250.0,28271.0,14301.29815004775,75.39,0,0.33899545632891714
3155702,77.01,767.2284,74.07,100.0,14631.0,18471.806438384254,77.9,0,0.33899545632891714
3155801,65.31,757.9185,87.01,154.0,17443.0,32911.82709396319,70.01,0,0.33899545632891714
3155900,71.16,765.7972,89.29,25.0,5141.0,16084.419373662711,73.91,0,0.33899545632891714
3156007,43.86,733.1112,98.18,54.0,12641.0,14037.655248793608,55.47,1,0.33899545632891714
3156106,64.3,764.243,92.31,36.0,4994.0,24992.190628754503,69.35,0,0.33899545632891714
3156205,56.55,745.4496,85.71,30.0,2291.0,81881.71104321258,64.21,1,0.33899545632891714
3156304,44.73,739.8145,94.44,102.0,8664.0,81359.41828254846,56.09,1,0.33899545632891714
3156452,55.93,748.5764,92.86,52.0,4734.0,19179.97465145754,63.79,1,0.33899545632891714
3156502,100.0,815.0363,92.16,47.0,5679.0,15103.891530198978,80.0,0,0.33899545632891714
3156601,86.74,780.9577,97.7,85.0,10298.0,13518.547290736065,80.0,0,0.33899545632891714
3156700,57.15,746.1142,86.06,1185.0,129380.0,29658.30885762869,64.61,1,0.33899545632891714
3156809,40.58,721.2769,88.0,44.0,14240.0,29145.926966292132,53.09,1,0.33899545632891714
3156908,64.01,753.214,83.53,279.0,26670.0,89506.93663292089,69.15,0,0.33899545632891714
3157005,73.01,769.2009,95.56,344.0,40178.0,22492.25944546767,75.15,0,0.33899545632891714
3157104,43.75,740.632,92.31,72.0,6110.0,19428.805237315875,55.39,1,0.33899545632891714
3157203,69.91,761.8865,91.71,343.0,30466.0,33450.0098470426,73.07,0,0.33899545632891714
3157252,61.75,749.0728,,36.0,8458.0,18115.63017261764,72.21,0,0.33899545632891714
3157278,51.99,745.6109,86.05,37.0,3095.0,23081.744749596124,61.13,1,0.33899545632891714
3157302,50.6,743.8458,94.12,48.0,4208.0,18537.785171102667,60.19,1,0.33899545632891714
3157336,63.86,758.2283,90.28,65.0,8109.0,19113.947465778765,69.06,0,0.33899545632891714
3157377,83.36,765.6647,100.0,42.0,3910.0,15132.736572890026,80.0,0,0.33899545632891714
3157401,54.55,742.5184,91.67,11.0,4673.0,19330.40873100792,62.87,1,0.33899545632891714
3157500,43.34,731.5195,97.83,45.0,4039.0,14521.416192126764,55.1,1,0.33899545632891714
3157609,33.37,716.5424,84.62,33.0,3522.0,20121.237932992615,47.56,1,0.33899545632891714
3157658,59.32,748.2603,81.4,35.0,5938.0,11624.95789828225,66.05,1,0.33899545632891714
3157708,62.9,748.9472,97.8,222.0,15734.0,57968.285242150756,68.42,0,0.33899545632891714
3157807,51.5,741.3879,86.77,2026.0,219132.0,30155.78281583703,60.8,1,0.33899545632891714
3157906,71.98,764.5411,94.94,150.0,16395.0,30349.374809393106,74.46,0,0.33899545632891714
3158003,54.64,744.8327,90.35,103.0,10485.0,31192.179303767287,62.93,1,0.33899545632891714
3158102,47.31,732.2874,85.19,23.0,4755.0,12797.47634069401,57.91,1,0.33899545632891714
3158201,61.58,756.1665,95.83,46.0,12788.0,17459.024085079764,67.55,0,0.33899545632891714
3158300,64.87,750.2415,96.61,57.0,6691.0,38604.54341652967,69.72,0,0.33899545632891714
3158409,85.23,774.1518,91.67,22.0,3489.0,17527.37173975351,80.0,0,0.33899545632891714
3158508,44.58,733.3904,88.24,45.0,7030.0,19279.23186344239,55.99,1,0.33899545632891714
3158607,58.32,762.5192,91.84,45.0,3747.0,22571.123565519083,65.39,0,0.33899545632891714
3158706,47.32,744.4202,91.43,32.0,2137.0,22612.07299953205,57.92,1,0.33899545632891714
3158805,76.26,793.5414,92.86,39.0,4214.0,30669.67252017086,77.38,0,0.33899545632891714
3158904,90.59,794.2547,88.6,101.0,8987.0,25357.405140758878,80.0,0,0.33899545632891714
3158953,69.78,760.8658,89.01,340.0,44800.0,27923.61607142857,72.98,0,0.33899545632891714
3159001,60.89,750.0688,88.73,63.0,5313.0,26320.534537925843,67.09,0,0.33899545632891714
3159100,61.36,756.5794,100.0,23.0,3469.0,18603.920438166613,67.4,0,0.33899545632891714
3159209,86.83,785.4015,96.23,51.0,8460.0,29439.83451536643,80.0,0,0.33899545632891714
3159308,41.62,726.6524,90.48,38.0,4755.0,18347.42376445846,53.85,1,0.33899545632891714
3159357,61.31,754.3023,96.25,77.0,6773.0,30777.498892662043,67.37,0,0.33899545632891714
3159407,65.38,755.345,100.0,26.0,3301.0,21891.548015752804,70.06,0,0.33899545632891714
3159506,83.38,773.637,90.63,58.0,5826.0,40086.6803982149,80.0,0,0.33899545632891714
3159605,49.69,738.4271,93.58,306.0,40635.0,61875.18149378614,59.56,1,0.33899545632891714
3159704,72.97,767.7515,92.86,39.0,3382.0,35285.6298048492,75.13,0,0.33899545632891714
3159803,70.78,767.7822,91.76,156.0,20973.0,47995.75644876745,73.65,0,0.33899545632891714
3159902,83.75,791.5314,93.5,187.0,17285.0,27617.703210876483,80.0,0,0.33899545632891714
3160009,80.0,767.7823,95.24,20.0,3769.0,21025.47094720085,80.0,0,0.33899545632891714
3160108,82.71,779.7094,97.96,48.0,4229.0,24253.014897138804,80.0,0,0.33899545632891714
3160207,46.96,738.4176,86.84,33.0,3915.0,15157.854406130267,57.67,1,0.33899545632891714
3160306,62.95,749.1346,79.8,79.0,10327.0,12689.454827152125,68.45,1,0.33899545632891714
3160405,82.37,785.1052,95.45,252.0,27295.0,34517.49404652866,80.0,0,0.33899545632891714
3160454,78.11,771.1343,87.06,74.0,6629.0,12774.777492834515,78.66,0,0.33899545632891714
3160504,60.0,754.6973,100.0,15.0,1808.0,21096.2389380531,66.5,0,0.33899545632891714
3160603,58.82,749.8054,94.44,17.0,2717.0,26383.879278616118,65.72,0,0.33899545632891714
3160702,55.96,747.5819,71.7,76.0,42406.0,29698.769042116684,63.81,1,0.33899545632891714
3160801,58.23,744.8369,98.67,74.0,4713.0,20514.109908762995,65.33,0,0.33899545632891714
3160900,68.37,767.0066,91.78,67.0,3989.0,25076.96164452244,72.04,0,0.33899545632891714
3160959,90.7,781.9213,97.4,75.0,5626.0,21439.38855314611,80.0,0,0.33899545632891714
3161007,69.05,768.7681,96.69,146.0,17392.0,23165.593376264947,72.5,0,0.33899545632891714
3161056,68.09,762.3193,93.62,44.0,3200.0,18471.25,71.86,0,0.33899545632891714
3161106,46.23,737.4676,89.09,351.0,52762.0,16286.133960047006,57.15,1,0.33899545632891714
3161205,78.67,760.5853,90.77,59.0,6187.0,37466.62356554065,79.06,0,0.33899545632891714
3161304,76.55,771.5149,83.08,54.0,5732.0,43501.74459176553,77.58,0,0.33899545632891714
3161403,59.41,754.482,84.31,43.0,4800.0,18717.291666666668,66.11,1,0.33899545632891714
3161502,81.24,769.7774,100.0,46.0,10282.0,34224.567204823965,80.0,0,0.33899545632891714
3161601,69.23,761.9295,88.46,23.0,3305.0,16176.399394856278,72.62,0,0.33899545632891714
3161650,71.16,748.6681,86.11,31.0,3143.0,18075.405663378937,73.91,0,0.33899545632891714
3161700,86.36,777.1039,90.0,45.0,7375.0,51027.661016949154,80.0,0,0.33899545632891714
3161809,61.12,752.1066,100.0,128.0,11770.0,32304.24808836024,67.24,0,0.33899545632891714
3161908,80.53,777.2031,92.5,148.0,11850.0,317824.641350211,80.0,0,0.33899545632891714
3162005,76.27,771.7084,96.65,231.0,23959.0,49638.006594599115,77.38,0,0.33899545632891714
3162104,53.04,743.1688,88.91,441.0,40910.0,38019.09068687361,61.85,1,0.33899545632891714
3162203,82.43,774.889,90.48,76.0,7652.0,38528.358599059065,80.0,0,0.33899545632891714
3162252,49.97,746.4242,90.91,50.0,4822.0,15265.450020738283,59.75,1,0.33899545632891714
3162302,78.13,767.7999,97.22,35.0,2914.0,22416.95264241592,78.68,0,0.33899545632891714
3162401,65.62,757.9722,93.09,202.0,23930.0,14972.879231090681,70.22,0,0.33899545632891714
3162450,40.91,728.6763,91.67,66.0,13024.0,9139.895577395575,53.33,1,0.33899545632891714
3162500,55.63,749.3158,86.28,346.0,90225.0,38851.16098642282,63.59,1,0.33899545632891714
3162559,76.73,772.2763,94.94,150.0,11246.0,21806.153298950736,77.7,0,0.33899545632891714
3162575,79.89,774.2097,88.16,67.0,5331.0,17399.54980303883,79.92,0,0.33899545632891714
3162609,83.42,775.8265,91.95,80.0,7070.0,18370.72135785007,80.0,0,0.33899545632891714
3162658,74.18,761.4486,85.71,30.0,3972.0,13289.778449144007,75.95,0,0.33899545632891714
3162708,70.47,766.9206,86.33,221.0,23910.0,14372.103722291928,73.45,0,0.33899545632891714
3162807,92.58,805.7363,91.11,123.0,15315.0,19114.332353901405,80.0,0,0.33899545632891714
3162906,68.55,762.1449,87.3,213.0,25565.0,26304.63524349697,72.16,0,0.33899545632891714
3162922,48.19,738.8184,88.55,379.0,34348.0,31010.36450448352,58.52,1,0.33899545632891714
3162948,85.61,781.6225,89.09,98.0,7793.0,116931.22032593352,80.0,0,0.33899545632891714
3162955,62.41,750.9725,94.62,299.0,26315.0,39001.29203876116,68.1,0,0.33899545632891714
3163003,72.52,765.6092,76.0,38.0,3806.0,13941.671045717289,74.82,0,0.33899545632891714
3163102,55.14,746.6234,87.72,50.0,4536.0,30177.24867724868,63.26,1,0.33899545632891714
3163201,77.36,768.1332,89.8,44.0,4133.0,19109.84756835229,78.14,0,0.33899545632891714
3163300,45.36,740.0841,89.66,26.0,3464.0,17421.47806004619,56.54,1,0.33899545632891714
3163409,,,,,5396.0,16182.913269088214,80.0,0,0.33899545632891714
3163508,55.27,747.6838,95.71,67.0,6197.0,25422.13974503792,63.35,0,0.33899545632891714
3163607,47.74,741.9404,96.3,26.0,2753.0,20701.779876498364,58.21,1,0.33899545632891714
3163706,64.13,758.7373,94.42,389.0,44798.0,31519.7107013706,69.23,0,0.33899545632891714
3163805,74.87,764.4115,90.57,48.0,6334.0,20483.107041364063,76.42,0,0.33899545632891714
3163904,76.97,762.282,100.0,35.0,4885.0,32238.28045035824,77.87,0,0.33899545632891714
3164001,81.45,777.7359,91.84,45.0,7166.0,22415.015350265145,80.0,0,0.33899545632891714
3164100,67.03,765.0968,100.0,34.0,5103.0,22998.62825788752,71.15,0,0.33899545632891714
3164209,50.94,738.1793,95.0,95.0,10315.0,22113.911778962676,60.42,1,0.33899545632891714
3164308,71.16,762.9773,88.14,52.0,7129.0,59499.50904755225,73.91,0,0.33899545632891714
3164407,66.97,759.1348,85.26,81.0,6387.0,112492.09331454516,71.11,0,0.33899545632891714
3164431,53.38,746.769,92.31,24.0,3113.0,20619.01702537745,62.08,1,0.33899545632891714
3164472,58.19,746.2165,96.47,82.0,6194.0,20739.42525024217,65.3,0,0.33899545632891714
3164605,71.5,760.8423,90.23,120.0,8815.0,100121.15711854791,74.14,0,0.33899545632891714
3164704,65.48,758.08,86.54,733.0,71796.0,39476.43322747786,70.13,0,0.33899545632891714
3164803,66.67,753.6709,100.0,12.0,1259.0,25063.54249404289,70.92,0,0.33899545632891714
3164902,68.42,760.7513,100.0,19.0,2300.0,20932.608695652176,72.08,0,0.33899545632891714
3165008,90.52,782.5016,88.89,72.0,11192.0,25065.314510364547,80.0,0,0.33899545632891714
3165107,68.13,766.4889,92.06,58.0,6740.0,35131.157270029675,71.89,0,0.33899545632891714
3165206,86.0,780.156,94.23,49.0,6904.0,23103.418308227116,80.0,0,0.33899545632891714
3165305,60.1,751.6821,92.96,66.0,6804.0,36498.53027630805,66.57,0,0.33899545632891714
3165404,52.93,743.2855,97.22,70.0,6311.0,27614.32419584852,61.77,1,0.33899545632891714
3165503,45.8,745.928,95.83,46.0,5104.0,16711.206896551725,56.85,1,0.33899545632891714
3165537,80.06,780.0409,89.94,483.0,36844.0,44580.447291282166,80.0,0,0.33899545632891714
3165560,76.47,773.5997,100.0,17.0,2433.0,17165.228113440196,77.52,0,0.33899545632891714
3165578,70.19,755.6955,95.35,41.0,6206.0,18648.08250080567,73.26,0,0.33899545632891714
3165602,42.11,731.5156,82.61,19.0,2240.0,21683.035714285717,54.21,1,0.33899545632891714
3165701,66.34,757.1881,96.12,99.0,7716.0,18527.21617418352,70.7,0,0.33899545632891714
3165800,35.71,728.6911,,14.0,2068.0,20984.04255319149,,1,0.33899545632891714
3165909,75.41,760.7471,86.67,26.0,4008.0,23123.502994011975,76.79,0,0.33899545632891714
3166006,79.29,772.2946,95.08,58.0,5483.0,16620.09848623017,79.49,0,0.33899545632891714
3166105,46.56,735.6782,100.0,39.0,3067.0,18281.708509944572,57.39,1,0.33899545632891714
3166204,100.0,790.1708,93.33,14.0,10384.0,13368.066255778122,80.0,0,0.33899545632891714
3166303,68.55,756.6546,95.77,68.0,7345.0,21298.57045609258,72.16,0,0.33899545632891714
3166402,64.0,751.4437,92.59,25.0,1819.0,30107.75151181968,69.15,0,0.33899545632891714
3166600,,,,,833.0,30686.67466986795,80.0,0,0.33899545632891714
3166709,51.8,741.6849,80.33,49.0,6944.0,22908.84216589862,61.01,1,0.33899545632891714
3166808,59.88,751.1193,85.22,173.0,11801.0,76136.68333192103,66.42,0,0.33899545632891714
3166907,63.81,757.9128,90.91,80.0,7621.0,26579.84516467655,69.02,0,0.33899545632891714
3166956,95.35,798.4554,95.35,41.0,4399.0,13928.392816549216,80.0,0,0.33899545632891714
3167004,38.46,720.3807,86.67,13.0,1990.0,24281.40703517588,51.51,1,0.33899545632891714
3167202,53.59,742.9244,78.67,771.0,227397.0,65543.80664652569,62.22,1,0.33899545632891714
3167301,91.67,785.9477,100.0,24.0,2323.0,19374.515712440807,80.0,0,0.33899545632891714
3167400,54.05,739.5297,92.19,59.0,6179.0,28921.02281922641,62.53,1,0.33899545632891714
3167509,8.82,685.8906,87.5,21.0,2947.0,39392.26331862912,21.89,1,0.33899545632891714
3167608,65.64,753.1614,83.56,122.0,19750.0,18796.455696202527,70.23,0,0.33899545632891714
3167707,66.54,777.4761,92.86,39.0,5137.0,15990.072026474594,70.83,0,0.33899545632891714
3167806,73.12,765.876,94.83,55.0,5613.0,18554.605380367004,75.23,0,0.33899545632891714
3167905,80.53,785.7125,98.08,51.0,4014.0,21570.752366716493,80.0,0,0.33899545632891714
3168002,69.28,766.135,96.14,374.0,33050.0,21342.602118003026,72.65,0,0.33899545632891714
3168051,44.12,707.4267,100.0,34.0,3387.0,17709.18216710954,55.66,1,0.33899545632891714
3168101,56.1,751.8624,92.42,61.0,4118.0,153403.59397765904,63.9,0,0.33899545632891714
3168309,66.07,756.7531,91.23,52.0,4224.0,20052.793560606064,70.52,0,0.33899545632891714
3168408,70.0,751.4781,90.0,18.0,14709.0,16070.297097015431,73.13,0,0.33899545632891714
3168507,75.5,766.9554,97.47,77.0,12255.0,17955.120359037126,76.85,0,0.33899545632891714
3168606,50.75,742.9897,88.24,593.0,137418.0,25762.622072799775,60.29,1,0.33899545632891714
3168705,55.91,746.9178,89.49,315.0,81579.0,56987.60710476961,63.78,1,0.33899545632891714
3168804,62.26,753.103,82.43,61.0,7744.0,38423.42458677686,68.0,0,0.33899545632891714
3168903,59.26,748.0746,85.19,69.0,7883.0,55948.75047570722,66.01,1,0.33899545632891714
3169000,58.37,747.3973,90.4,160.0,16185.0,27851.96169292555,65.42,0,0.33899545632891714
3169059,78.4,767.9545,94.87,37.0,3826.0,21608.20700470465,78.87,0,0.33899545632891714
3169109,63.11,756.395,91.89,102.0,7214.0,17413.08566675908,68.56,0,0.33899545632891714
3169208,56.82,748.9727,95.24,80.0,8609.0,19520.501800441398,64.39,0,0.33899545632891714
3169307,50.69,741.142,86.06,574.0,75485.0,47277.07491554612,60.25,1,0.33899545632891714
3169356,68.34,761.5375,92.43,281.0,28895.0,89376.39730057104,72.02,0,0.33899545632891714
3169406,61.16,752.8852,94.98,435.0,55255.0,41417.06632883902,67.27,0,0.33899545632891714
3169505,45.36,738.6561,79.31,69.0,5886.0,16056.744818212708,56.54,1,0.33899545632891714
3169604,39.03,727.8778,93.08,242.0,25470.0,54974.911660777376,51.94,1,0.33899545632891714
3169703,53.94,742.4505,97.7,85.0,20000.0,24343.45,62.45,1,0.33899545632891714
3169802,61.67,749.6256,100.0,60.0,4935.0,32184.802431610944,67.61,0,0.33899545632891714
3169901,64.51,755.2995,91.33,853.0,103365.0,43169.46742127412,69.49,0,0.33899545632891714
3170008,70.25,765.8982,93.81,91.0,11708.0,12133.327639221046,73.3,0,0.33899545632891714
3170057,68.47,755.2418,89.91,98.0,13017.0,17452.8693247292,72.11,0,0.33899545632891714
3170107,45.77,733.7057,87.79,2236.0,337836.0,70120.93737789933,56.83,1,0.33899545632891714
3170206,50.92,739.817,84.46,4879.0,713224.0,71598.38143416373,60.41,1,0.33899545632891714
3170305,63.7,753.3195,90.91,40.0,2684.0,20220.193740685543,68.95,0,0.33899545632891714
3170404,56.42,746.2023,90.14,375.0,86619.0,60281.56639998153,64.12,1,0.33899545632891714
3170438,72.25,767.5618,81.48,44.0,3828.0,49027.95193312434,74.64,0,0.33899545632891714
3170479,54.25,744.3559,94.83,55.0,3282.0,29293.723339427175,62.66,1,0.33899545632891714
3170503,55.56,755.4618,87.84,65.0,10600.0,33597.83018867925,63.54,1,0.33899545632891714
3170529,56.93,745.9802,97.39,112.0,17479.0,13209.394130098975,64.46,0,0.33899545632891714
3170578,82.74,775.5847,88.57,62.0,5780.0,15012.802768166088,80.0,0,0.33899545632891714
3170602,58.82,744.1034,89.47,17.0,2158.0,42818.35032437441,65.72,1,0.33899545632891714
3170651,61.64,758.4781,97.14,68.0,4633.0,16621.41161234621,67.59,0,0.33899545632891714
3170701,50.68,741.4143,84.18,931.0,136467.0,73780.23991148041,60.24,1,0.33899545632891714
3170750,57.22,746.4242,89.63,121.0,6969.0,51926.81876883341,64.65,1,0.33899545632891714
3170800,61.71,759.1668,92.39,328.0,33744.0,40059.091986723564,67.63,0,0.33899545632891714
3170909,46.77,734.4681,88.66,86.0,18840.0,12478.662420382167,57.53,1,0.33899545632891714
3171006,43.84,736.2407,87.18,102.0,19975.0,60233.24155193993,55.46,1,0.33899545632891714
3171071,62.13,756.6876,94.64,53.0,5181.0,22185.485427523643,67.91,0,0.33899545632891714
3171105,97.76,804.2142,,26.0,3411.0,89993.55027851071,77.6,0,0.33899545632891714
3171154,73.55,766.4888,100.0,60.0,4899.0,17923.862012655645,75.52,0,0.33899545632891714
3171204,54.07,743.4728,90.84,1487.0,129021.0,28049.93760705621,62.54,1,0.33899545632891714
3171303,62.67,753.005,82.89,315.0,76430.0,29239.356273714508,68.27,0,0.33899545632891714
3171402,50.44,747.6964,89.74,35.0,3700.0,18752.7027027027,60.08,1,0.33899545632891714
3171501,51.56,748.4932,73.81,31.0,3038.0,19092.16589861751,60.84,1,0.33899545632891714
3171600,50.12,737.0159,95.5,106.0,11804.0,13773.97492375466,59.86,1,0.33899545632891714
3171709,57.94,750.7445,95.0,57.0,8908.0,26814.436461607547,65.13,0,0.33899545632891714
3171808,44.13,737.4417,93.66,133.0,10314.0,20456.854760519684,55.67,1,0.33899545632891714
3171907,87.28,779.3459,95.65,44.0,4552.0,14883.128295254832,80.0,0,0.33899545632891714
3172004,56.33,742.1035,86.46,83.0,39160.0,52407.50766087845,64.06,1,0.33899545632891714
3172103,50.77,745.4363,97.37,37.0,4443.0,32947.55795633581,60.3,1,0.33899545632891714
3172202,48.66,743.3546,93.1,27.0,2356.0,18576.825127334465,58.85,1,0.33899545632891714
3200102,86.5,783.9138,97.36,258.0,30684.0,24123.97340633555,80.0,0,0.33899545632891714
3200136,92.32,778.4332,94.08,143.0,9711.0,32288.950674492844,80.0,0,0.33899545632891714
3200169,77.35,764.3613,89.94,143.0,12042.0,19457.482145822956,78.13,0,0.33899545632891714
3200201,66.87,751.2436,94.52,207.0,29177.0,24063.71456969531,71.05,0,0.33899545632891714
3200300,74.51,765.3925,97.58,121.0,13836.0,40863.32755131541,76.17,0,0.33899545632891714
3200359,64.65,749.6946,93.07,94.0,7434.0,20511.837503362927,69.58,0,0.33899545632891714
3200409,81.82,769.2525,91.98,413.0,29984.0,77293.85672358592,80.0,0,0.33899545632891714
3200508,58.4,743.286,98.61,71.0,7223.0,20325.90336425308,65.44,0,0.33899545632891714
3200607,70.92,755.6442,84.16,1190.0,94765.0,81515.73893315041,73.75,0,0.33899545632891714
3200706,74.57,766.0941,92.31,132.0,10540.0,43058.72865275142,76.22,0,0.33899545632891714
3200805,68.83,754.4933,85.39,304.0,30674.0,29686.73795396753,72.35,0,0.33899545632891714
3200904,78.43,762.2107,92.17,459.0,42498.0,31217.39846581016,78.89,0,0.33899545632891714
3201001,76.69,765.8176,94.86,203.0,13608.0,27367.577895355673,77.67,0,0.33899545632891714
3201100,67.14,752.985,89.91,98.0,10254.0,26307.587283011508,71.23,0,0.33899545632891714
3201159,67.35,746.9204,90.98,111.0,12985.0,26388.75625721987,71.37,0,0.33899545632891714
3201209,65.3,750.3187,89.39,1921.0,185786.0,40872.58458656734,70.01,0,0.33899545632891714
3201308,57.15,743.5046,86.66,4638.0,353491.0,55760.52289874424,64.61,1,0.33899545632891714
3201407,72.21,760.0367,89.33,360.0,36930.0,37791.443271053344,74.61,0,0.33899545632891714
3201506,73.76,760.5731,86.49,1120.0,120033.0,42971.057959061254,75.66,0,0.33899545632891714
3201605,73.7,757.8445,95.03,363.0,27458.0,24622.113773763565,75.62,0,0.33899545632891714
3201704,77.46,763.056,95.73,157.0,11937.0,29880.120633324954,78.21,0,0.33899545632891714
3201803,46.09,735.9596,94.37,67.0,5083.0,20058.626795199685,57.06,1,0.33899545632891714
3201902,80.64,766.9963,95.14,352.0,35416.0,36564.66004065959,80.0,0,0.33899545632891714
3202009,84.32,767.7812,94.79,91.0,6596.0,35214.97877501516,80.0,0,0.33899545632891714
3202108,69.21,756.7329,92.16,188.0,21992.0,21882.639141506002,72.6,0,0.33899545632891714
3202207,61.33,745.7707,86.05,222.0,18014.0,33052.903297435325,67.38,0,0.33899545632891714
3202256,64.12,742.8286,96.43,54.0,11009.0,38914.7969842856,69.23,0,0.33899545632891714
3202306,74.04,757.4418,96.51,359.0,29358.0,26690.85087540023,75.85,0,0.33899545632891714
3202405,71.81,757.8672,88.1,1606.0,124656.0,27203.624374278013,74.35,0,0.33899545632891714
3202454,80.52,769.7461,92.2,343.0,25380.0,22101.930654058317,80.0,0,0.33899545632891714
3202504,67.71,748.1637,86.59,142.0,11723.0,30683.8693167278,71.61,0,0.33899545632891714
3202553,73.91,762.7843,99.19,123.0,9520.0,21711.44957983193,75.77,0,0.33899545632891714
3202603,76.34,761.0071,82.07,119.0,12326.0,31241.359727405485,77.43,0,0.33899545632891714
3202652,67.41,756.2923,89.23,174.0,13710.0,20473.960612691466,71.41,0,0.33899545632891714
3202702,73.95,761.3933,90.43,104.0,13589.0,33349.253072337924,75.79,0,0.33899545632891714
3202801,60.92,748.4849,91.38,530.0,39832.0,154008.98774854388,67.11,0,0.33899545632891714
3202900,78.04,764.9817,96.2,76.0,10597.0,41638.29385675191,78.61,0,0.33899545632891714
3203007,71.93,759.2998,92.93,368.0,28590.0,25287.72298006296,74.43,0,0.33899545632891714
3203056,72.19,758.365,91.88,430.0,28931.0,43277.90259583145,74.6,0,0.33899545632891714
3203106,70.14,755.0763,94.25,164.0,11575.0,18911.792656587477,73.22,0,0.33899545632891714
3203130,71.84,756.0347,82.95,146.0,14079.0,43730.52063356773,74.37,0,0.33899545632891714
3203163,87.53,779.5219,95.0,57.0,11094.0,24601.946998377505,80.0,0,0.33899545632891714
3203205,64.16,747.8288,86.05,2023.0,166786.0,60043.145108102595,69.25,0,0.33899545632891714
3203304,91.73,787.1735,94.44,153.0,12770.0,19640.01566170713,80.0,0,0.33899545632891714
3203320,73.28,755.3532,88.84,597.0,41929.0,169391.54284624007,75.34,0,0.33899545632891714
3203346,78.21,761.3522,89.77,237.0,17641.0,38704.778640666635,78.73,0,0.33899545632891714
3203353,78.51,767.6776,92.21,142.0,12387.0,32651.40873496408,78.94,0,0.33899545632891714
3203403,68.04,756.5892,90.6,270.0,24475.0,28717.58937691522,71.83,0,0.33899545632891714
3203502,63.05,748.6439,79.34,215.0,18900.0,29870.317460317456,68.52,1,0.33899545632891714
3203601,83.71,770.7847,93.83,76.0,5466.0,24883.82729601171,80.0,0,0.33899545632891714
3203700,88.17,775.1354,96.02,217.0,18153.0,28091.11441634992,80.0,0,0.33899545632891714
3203809,63.47,752.4189,97.08,133.0,13745.0,22399.78173881412,68.8,0,0.33899545632891714
3203908,83.51,769.1021,91.03,528.0,49065.0,38441.27178232956,80.0,0,0.33899545632891714
3204005,83.04,764.0313,94.77,145.0,18893.0,24722.489811041127,80.0,0,0.33899545632891714
3204054,69.28,758.1125,91.79,313.0,21522.0,25325.573831428304,72.65,0,0.33899545632891714
3204104,77.29,763.7602,89.58,275.0,23915.0,42846.58164332009,78.09,0,0.33899545632891714
3204203,62.47,748.7697,90.18,358.0,22300.0,47358.87892376682,68.14,0,0.33899545632891714
3204252,81.8,774.5414,88.42,84.0,6497.0,21707.557334154222,80.0,0,0.33899545632891714
3204302,68.35,751.6086,90.91,200.0,13696.0,537982.6956775701,72.03,0,0.33899545632891714
3204351,74.62,757.2541,89.71,244.0,19274.0,40878.80045657362,76.25,0,0.33899545632891714
3204401,78.04,766.4143,90.27,102.0,11069.0,26522.630770620646,78.61,0,0.33899545632891714
3204500,83.8,770.6508,91.8,112.0,13106.0,33545.24645200672,80.0,0,0.33899545632891714
3204559,85.82,777.4706,91.36,201.0,41636.0,62270.27091939668,80.0,0,0.33899545632891714
3204609,84.05,773.3668,87.24,171.0,22808.0,35982.06769554542,80.0,0,0.33899545632891714
3204658,88.07,772.3216,86.07,105.0,8589.0,45586.79706601467,80.0,0,0.33899545632891714
3204708,72.46,758.1113,91.15,350.0,32252.0,30644.642192732237,74.78,0,0.33899545632891714
3204807,74.52,763.2589,90.07,136.0,10878.0,21218.23864681008,76.18,0,0.33899545632891714
3204906,67.19,751.3222,87.5,1323.0,123752.0,35194.88169888163,71.26,0,0.33899545632891714
3204955,74.56,755.1453,92.62,113.0,10886.0,27723.7736542348,76.21,0,0.33899545632891714
3205002,59.07,744.0729,84.74,5731.0,520653.0,72311.4147042272,65.88,1,0.33899545632891714
3205010,67.21,755.969,91.65,428.0,26502.0,34409.931325937665,71.27,0,0.33899545632891714
3205036,70.93,755.1656,89.34,243.0,19563.0,26753.25870265297,73.75,0,0.33899545632891714
3205069,83.02,764.5516,88.14,104.0,23831.0,39671.52028869959,80.0,0,0.33899545632891714
3205101,70.14,758.0645,89.71,1133.0,73423.0,81139.91528540103,73.22,0,0.33899545632891714
3205150,74.58,760.3951,90.48,76.0,8911.0,23942.54292447537,76.22,0,0.33899545632891714
3205176,83.46,775.3902,88.96,145.0,13728.0,44849.35897435898,80.0,0,0.33899545632891714
3205200,68.08,752.0674,86.35,4245.0,467722.0,42143.25603670556,71.85,0,0.33899545632891714
3205309,65.88,751.3438,90.33,2829.0,322869.0,87520.3441643515,70.39,0,0.33899545632891714
3300100,57.0,739.3879,84.85,1820.0,167434.0,71075.75522295352,64.51,1,0.33899545632891714
3300159,59.34,737.6225,94.34,100.0,11034.0,27291.00960667029,66.06,0,0.33899545632891714
3300209,50.86,738.0834,79.85,1320.0,129671.0,101458.15949595516,60.36,1,0.33899545632891714
3300225,62.45,744.4975,75.29,131.0,11828.0,50479.54007439972,68.12,1,0.33899545632891714
3300233,67.2,752.0666,85.07,661.0,40006.0,125471.70424436335,71.27,0,0.33899545632891714
3300258,50.49,737.2671,77.29,337.0,30986.0,301277.15742593433,60.11,1,0.33899545632891714
3300308,45.28,730.9574,79.88,790.0,92883.0,34728.88472594555,56.48,1,0.33899545632891714
3300407,59.19,745.1139,85.91,1591.0,169894.0,40208.10034492095,65.96,1,0.33899545632891714
3300456,34.73,722.0196,79.77,3810.0,483087.0,20050.920434621505,48.64,1,0.33899545632891714
3300506,50.43,737.2031,88.57,279.0,28102.0,36257.91758593694,60.07,1,0.33899545632891714
3300605,57.91,743.6867,76.6,288.0,35173.0,34333.466010860604,65.11,1,0.33899545632891714
3300704,54.58,742.9705,77.39,2221.0,222161.0,76361.16149999325,62.89,1,0.33899545632891714
3300803,50.58,736.1155,77.39,551.0,56943.0,29896.598352738703,60.17,1,0.33899545632891714
3300902,69.0,753.8794,89.15,115.0,14616.0,32811.165845648604,72.46,0,0.33899545632891714
3300936,51.01,735.4343,81.68,156.0,13847.0,75513.3241857442,60.47,1,0.33899545632891714
3300951,51.64,733.3021,89.17,107.0,8741.0,72481.63825649238,60.9,1,0.33899545632891714
3301009,38.69,723.8701,78.01,3891.0,483540.0,88831.26318401785,51.68,1,0.33899545632891714
3301108,55.75,742.1279,87.98,205.0,19390.0,55456.21454357916,63.67,1,0.33899545632891714
3301157,31.94,717.4321,82.72,158.0,12958.0,30338.40098780676,46.4,1,0.33899545632891714
3301207,43.6,728.8454,88.96,145.0,17198.0,39066.51936271659,55.29,1,0.33899545632891714
3301306,54.93,739.2205,82.75,523.0,46110.0,72939.47083062242,63.12,1,0.33899545632891714
3301405,49.73,734.246,83.81,207.0,21104.0,23881.728582259286,59.59,1,0.33899545632891714
3301504,59.21,745.5292,84.0,168.0,20783.0,25527.257854977623,65.98,1,0.33899545632891714
3301603,57.85,744.1953,92.73,153.0,10980.0,25997.085610200364,65.07,1,0.33899545632891714
3301702,47.15,732.816,78.94,6764.0,808161.0,86700.55471620135,57.8,1,0.33899545632891714
3301801,63.0,741.4449,93.02,120.0,12242.0,26175.29815389642,68.49,0,0.33899545632891714
3301850,50.19,735.3628,81.99,578.0,51696.0,30756.40281646549,59.91,1,0.33899545632891714
3301876,62.45,747.5335,82.54,331.0,27920.0,29178.402578796562,68.12,1,0.33899545632891714
3301900,51.3,735.9675,85.01,2591.0,224267.0,27995.170934644866,60.66,1,0.33899545632891714
3302007,42.05,727.9405,83.31,1482.0,116841.0,97431.2270521478,54.17,1,0.33899545632891714
3302056,54.49,738.7978,82.76,120.0,14073.0,30661.05308036666,62.82,1,0.33899545632891714
3302106,65.31,751.5917,84.16,186.0,22919.0,33007.06837122038,70.01,0,0.33899545632891714
3302205,68.63,751.8381,85.95,685.0,101041.0,40257.29159450124,72.22,0,0.33899545632891714
3302254,65.0,745.6309,80.24,402.0,30908.0,226112.49514688758,69.81,0,0.33899545632891714
3302270,39.09,727.028,81.19,1101.0,96289.0,19470.531421034597,51.98,1,0.33899545632891714
3302304,45.19,728.3234,89.58,86.0,7336.0,28435.52344601963,56.42,1,0.33899545632891714
3302403,59.86,743.6507,78.12,2906.0,246391.0,90891.5504218904,66.41,1,0.33899545632891714
3302452,63.62,744.5332,90.83,99.0,5415.0,52193.16712834718,68.9,0,0.33899545632891714
3302502,46.26,732.4963,83.3,2833.0,228127.0,23238.858179873492,57.18,1,0.33899545632891714
3302601,47.54,732.5345,80.13,508.0,41220.0,83543.42552159146,58.07,1,0.33899545632891714
3302700,56.64,741.7796,82.66,1635.0,197277.0,679714.4826817116,64.27,0,0.33899545632891714
3302809,58.36,744.0833,82.44,169.0,17502.0,25412.18146497543,65.41,1,0.33899545632891714
3302858,37.82,724.3736,77.7,1202.0,167127.0,18123.98355741442,51.02,1,0.33899545632891714
3302908,57.4,743.1773,88.0,242.0,26582.0,31871.115792641638,64.77,1,0.33899545632891714
3303005,67.56,752.0261,85.61,232.0,26881.0,27606.004240913655,71.51,0,0.33899545632891714
3303104,60.3,737.4671,87.16,129.0,15074.0,27095.396046172216,66.7,1,0.33899545632891714
3303203,44.36,731.0117,78.43,851.0,146774.0,22754.50011582433,55.83,1,0.33899545632891714
3303302,51.92,736.4786,73.69,2453.0,481749.0,158314.81746718727,61.09,1,0.33899545632891714
3303401,65.29,749.1448,82.36,1713.0,189939.0,38789.121770673744,70.0,0,0.33899545632891714
3303500,33.23,719.388,77.66,6225.0,785867.0,26109.53761896097,47.44,1,0.33899545632891714
3303609,64.31,746.9267,83.41,387.0,41375.0,26235.383685800603,69.35,0,0.33899545632891714
3303708,49.95,733.9505,75.86,352.0,42063.0,33263.366854480184,59.74,1,0.33899545632891714
3303807,50.72,735.2026,74.2,417.0,45243.0,139787.19359900977,60.27,1,0.33899545632891714
3303856,66.48,752.5698,82.49,278.0,29619.0,29127.924642965663,70.79,0,0.33899545632891714
3303906,62.52,746.0629,82.18,2402.0,278881.0,71382.90166773641,68.17,1,0.33899545632891714
3303955,51.35,735.3752,86.94,293.0,24298.0,48880.44283480122,60.7,1,0.33899545632891714
3304003,58.8,739.6057,86.97,227.0,27474.0,123343.77957341487,65.7,1,0.33899545632891714
3304102,35.38,720.5639,75.0,105.0,17288.0,32349.20175844517,49.15,1,0.33899545632891714
3304110,60.8,747.6786,90.03,262.0,20373.0,157344.62278505866,67.03,0,0.33899545632891714
3304128,48.93,730.4667,91.24,125.0,13682.0,29292.574185060665,59.04,1,0.33899545632891714
3304144,38.08,723.3683,80.79,1283.0,140523.0,35145.93340591931,51.22,1,0.33899545632891714
3304151,66.22,751.5046,82.37,327.0,22393.0,253188.22846425223,70.62,0,0.33899545632891714
3304201,68.62,749.7351,81.23,1056.0,129612.0,94649.38431626701,72.21,0,0.33899545632891714
3304300,55.86,739.3294,81.01,580.0,56276.0,36222.652640557244,63.74,1,0.33899545632891714
3304409,65.58,748.3858,84.42,168.0,17401.0,33183.78254123326,70.19,0,0.33899545632891714
3304508,59.69,745.0892,89.06,114.0,8954.0,37826.111235202145,66.3,0,0.33899545632891714
3304524,65.82,751.6922,82.79,1722.0,156491.0,67734.8729319897,70.35,0,0.33899545632891714
3304557,56.19,741.2373,82.26,44858.0,6211223.0,67371.97489125733,63.97,2,0.33899545632891714
3304607,64.53,746.9645,85.42,82.0,10232.0,26886.043784206413,69.5,0,0.33899545632891714
3304706,66.37,752.9027,86.65,318.0,41325.0,40806.702964307326,70.72,0,0.33899545632891714
3304755,43.51,729.1522,73.2,497.0,45059.0,32876.16236489936,55.22,1,0.33899545632891714
3304805,39.79,728.1991,73.15,286.0,38961.0,25305.767305767306,52.5,1,0.33899545632891714
3304904,45.67,732.2444,79.5,4339.0,896744.0,25719.36806937097,56.76,1,0.33899545632891714
3305000,52.12,739.1453,81.62,555.0,36573.0,382417.4117518388,61.22,1,0.33899545632891714
3305109,37.6,722.9443,78.52,2668.0,440962.0,26156.555440151304,50.86,1,0.33899545632891714
3305133,75.12,762.2171,94.32,83.0,7070.0,32917.96322489392,76.59,0,0.33899545632891714
3305158,71.41,754.805,90.11,237.0,22080.0,42646.96557971015,74.08,0,0.33899545632891714
3305208,56.22,741.4603,78.81,1056.0,104029.0,32289.178978938566,63.99,1,0.33899545632891714
3305307,63.7,750.019,79.17,76.0,7750.0,35205.8064516129,68.95,1,0.33899545632891714
3305406,65.59,745.6641,88.94,177.0,17729.0,69249.30904168313,70.2,0,0.33899545632891714
3305505,63.54,747.8417,84.62,1194.0,89559.0,722441.518998649,68.84,0,0.33899545632891714
3305554,46.5,730.5897,81.56,991.0,80596.0,46653.382301851205,57.34,1,0.33899545632891714
3305604,55.39,737.0142,84.24,278.0,21352.0,33060.69689022106,63.43,1,0.33899545632891714
3305703,61.17,744.4562,,145.0,15206.0,48259.96317243194,76.25,0,0.33899545632891714
3305752,55.41,742.5214,88.48,438.0,31086.0,27627.06684681207,63.44,1,0.33899545632891714
3305802,59.73,743.611,81.41,1515.0,165123.0,43025.78078159917,66.32,1,0.33899545632891714
3305901,77.24,765.5449,93.85,61.0,10302.0,28192.4868957484,78.06,0,0.33899545632891714
3306008,53.49,734.6643,82.73,714.0,78346.0,76808.46501416792,62.15,1,0.33899545632891714
3306107,58.36,741.9575,86.68,755.0,68088.0,45595.24438961344,65.41,1,0.33899545632891714
3306156,92.37,775.515,,59.0,10207.0,39964.240227295,80.0,0,0.33899545632891714
3306206,65.42,748.0349,87.82,375.0,33976.0,43350.60042382859,70.09,0,0.33899545632891714
3306305,60.12,744.2968,84.61,2710.0,261563.0,58523.625283392525,66.58,1,0.33899545632891714
3500105,67.41,758.8003,92.39,,34687.0,49179.66385101047,71.41,0,0.33899545632891714
3500204,63.55,774.9192,96.49,,4351.0,49478.9703516433,68.85,0,0.33899545632891714
3500303,47.01,737.0026,90.68,,32072.0,55308.15041157396,57.7,1,0.33899545632891714
3500402,64.77,755.5187,90.0,,7369.0,36960.1031347537,69.66,0,0.33899545632891714
3500501,61.38,744.3599,84.41,,17930.0,44680.14500836587,67.42,1,0.33899545632891714
3500550,50.04,734.8132,82.61,,7177.0,52328.549533231155,59.8,1,0.33899545632891714
3500600,81.85,793.6818,96.15,,2780.0,66687.05035971223,80.0,0,0.33899545632891714
3500709,57.23,748.0434,87.27,,37680.0,90653.1050955414,64.66,1,0.33899545632891714
3500758,71.59,756.2254,94.81,,6141.0,26095.42419801336,74.2,0,0.33899545632891714
3500907,55.84,734.0929,93.94,,3451.0,61005.21587945523,63.73,1,0.33899545632891714
3501004,68.51,759.8977,90.75,,16818.0,56281.2462837436,72.14,0,0.33899545632891714
3501103,59.64,752.9867,95.0,,3841.0,44883.10335850039,66.26,0,0.33899545632891714
3501152,48.56,734.1998,92.9,,17301.0,198774.2905034391,58.78,1,0.33899545632891714
3501202,78.62,769.044,89.19,,3915.0,44852.61813537676,79.02,0,0.33899545632891714
3501301,53.91,746.8038,90.3,,27255.0,31545.44120344891,62.43,1,0.33899545632891714
3501400,54.76,745.9255,100.0,,4808.0,14429.492512479199,63.01,0,0.33899545632891714
3501509,74.3,768.6131,91.18,,2885.0,28635.35528596187,76.03,0,0.33899545632891714
3501608,58.55,748.3147,93.16,,237240.0,74188.86359804418,65.54,0,0.33899545632891714
3501707,66.43,757.9662,94.47,,33019.0,45578.66682818984,70.76,0,0.33899545632891714
3501806,59.97,751.1498,88.71,,5870.0,29957.069846678023,66.48,0,0.33899545632891714
3501905,52.41,739.7351,86.71,,68008.0,98495.3093753676,61.42,1,0.33899545632891714
3502002,44.62,739.1448,88.33,,4589.0,58028.32861189802,56.02,1,0.33899545632891714
3502101,56.97,744.6846,92.25,,59783.0,74685.78023852933,64.49,0,0.33899545632891714
3502200,48.25,735.0599,94.91,,24022.0,73952.0023311964,58.57,1,0.33899545632891714
3502309,38.57,721.8698,82.19,,5674.0,55541.76947479732,51.59,1,0.33899545632891714
3502408,66.98,753.1021,97.67,,4023.0,32904.79741486453,71.12,0,0.33899545632891714
3502507,43.48,730.4227,84.59,,32569.0,42055.29798274433,55.2,1,0.33899545632891714
3502606,67.1,755.8049,97.73,,4086.0,55260.401370533524,71.2,0,0.33899545632891714
3502705,68.43,757.2903,93.01,,24585.0,50259.34512914378,72.08,0,0.33899545632891714
3502754,50.13,736.7201,85.93,,21522.0,224518.0280643063,59.86,1,0.33899545632891714
3502804,65.78,756.607,90.93,,200124.0,57253.20301413124,70.33,0,0.33899545632891714
3502903,49.39,736.8199,86.68,,32443.0,46949.85050704312,59.35,1,0.33899545632891714
3503000,43.28,732.7676,100.0,,5420.0,40438.929889298895,55.06,1,0.33899545632891714
3503109,54.21,746.5659,83.53,,6885.0,31552.3602033406,62.64,1,0.33899545632891714
3503208,55.9,744.9015,90.43,,242228.0,60643.278233730205,63.77,1,0.33899545632891714
3503307,58.1,749.0684,92.48,,130866.0,76588.82368223985,65.24,0,0.33899545632891714
3503356,28.57,732.8762,91.3,,2044.0,66697.16242661448,43.57,1,0.33899545632891714
3503406,72.62,765.2685,95.12,,8130.0,37036.90036900369,74.89,0,0.33899545632891714
3503505,59.5,746.4297,94.92,,3577.0,20979.032708974,66.17,0,0.33899545632891714
3503604,72.32,763.4386,92.92,,10130.0,21886.17966436328,74.69,0,0.33899545632891714
3503703,63.77,761.0392,97.1,,7602.0,164693.76479873716,69.0,0,0.33899545632891714
3503802,50.11,736.3586,92.37,,51456.0,42032.66868781094,59.85,1,0.33899545632891714
3503901,50.85,742.0344,86.81,,86678.0,120285.73571148388,60.36,1,0.33899545632891714
3504008,43.37,729.8053,91.32,,101409.0,46175.47752171898,55.12,1,0.33899545632891714
3504107,70.55,763.927,92.34,,158647.0,59418.60860905028,73.5,0,0.33899545632891714
3504206,68.6,763.2426,92.37,,13692.0,32396.43587496348,72.2,0,0.33899545632891714
3504305,55.32,742.5037,84.21,,4483.0,111745.03680571046,63.38,1,0.33899545632891714
3504404,70.93,762.7081,89.84,,11263.0,26258.98961200391,73.75,0,0.33899545632891714
3504503,57.49,747.0999,91.09,,92805.0,47503.237972092014,64.83,0,0.33899545632891714
3504602,55.64,743.88,92.1,,27260.0,27960.198092443134,63.6,1,0.33899545632891714
3504701,100.0,805.3945,100.0,,3887.0,21326.21559042964,80.0,0,0.33899545632891714
3504800,81.58,789.2279,81.48,,9596.0,38335.86911213004,80.0,0,0.33899545632891714
3504909,47.78,734.4269,93.18,,9969.0,28332.22991272946,58.24,1,0.33899545632891714
3505005,65.56,753.1199,89.66,,3531.0,22770.603228547152,70.18,0,0.33899545632891714
3505104,64.82,755.0094,87.21,,5640.0,33142.375886524824,69.69,0,0.33899545632891714
3505203,64.82,752.5778,95.19,,31595.0,58989.207153030555,69.69,0,0.33899545632891714
3505302,57.61,749.0828,93.08,,34346.0,60499.06830489722,64.91,0,0.33899545632891714
3505351,65.06,751.6809,94.74,,5179.0,39171.6547596061,69.85,0,0.33899545632891714
3505401,87.5,801.3484,100.0,,6876.0,21110.965677719603,80.0,0,0.33899545632891714
3505500,59.67,753.1541,91.43,,122485.0,54826.419561578965,66.28,0,0.33899545632891714
3505609,55.45,743.8718,84.04,,32092.0,22983.29801819768,63.47,1,0.33899545632891714
3505708,62.8,753.8222,84.18,,316473.0,226391.2245278428,68.35,0,0.33899545632891714
3505807,51.88,739.1463,96.05,,21503.0,74250.2441519788,61.06,1,0.33899545632891714
3505906,60.92,749.384,96.58,,58402.0,56996.16451491387,67.11,0,0.33899545632891714
3506003,43.75,730.1025,85.2,,379146.0,54477.058969368,55.39,1,0.33899545632891714
3506102,48.69,735.1453,93.79,,76373.0,69967.93369384468,58.87,1,0.33899545632891714
3506201,100.0,794.4897,86.67,,2606.0,110521.8726016884,80.0,0,0.33899545632891714
3506300,68.33,769.2366,94.69,,11607.0,52166.70974411993,72.02,0,0.33899545632891714
3506359,54.67,744.62,89.48,,64188.0,41496.07403252945,62.95,1,0.33899545632891714
3506409,59.99,751.003,90.7,,7319.0,42047.41084847657,66.49,0,0.33899545632891714
3506508,71.09,766.3875,95.3,,118979.0,40902.091965809086,73.86,0,0.33899545632891714
3506607,42.57,729.4802,82.79,,29683.0,37447.057238149784,54.54,1,0.33899545632891714
3506706,42.1,732.5421,90.23,,12978.0,48791.49329634766,54.2,1,0.33899545632891714
3506805,32.75,716.5694,85.98,,11259.0,33872.99049649169,47.06,1,0.33899545632891714
3506904,45.78,728.6558,75.44,,10460.0,29615.009560229446,56.84,1,0.33899545632891714
3507001,61.62,751.2747,90.37,,61081.0,73249.12820680736,67.57,0,0.33899545632891714
3507100,69.87,761.8185,89.53,,22006.0,73953.05825683902,73.04,0,0.33899545632891714
3507159,56.32,753.8418,89.06,,3555.0,21796.62447257384,64.05,1,0.33899545632891714
3507209,,,,,907.0,133364.9393605292,62.52,0,0.33899545632891714
3507308,71.15,765.4836,93.44,,4715.0,139455.99151643692,73.9,0,0.33899545632891714
3507407,93.18,828.2837,97.83,,14226.0,49551.59566990018,80.0,0,0.33899545632891714
3507456,61.11,762.6019,90.0,,2713.0,43660.89200147438,67.24,0,0.33899545632891714
3507506,59.1,748.9128,92.37,,145155.0,55059.405463125615,65.9,0,0.33899545632891714
3507605,52.01,742.3843,88.69,,176811.0,59064.69620102821,61.15,1,0.33899545632891714
3507704,93.87,803.0922,84.13,,5356.0,29472.554144884245,80.0,0,0.33899545632891714
3507753,94.42,809.9339,86.05,,2565.0,35359.45419103314,80.0,0,0.33899545632891714
3507803,53.67,745.1223,80.0,,25201.0,48026.07039403198,62.27,1,0.33899545632891714
3507902,61.91,748.5805,97.66,,23898.0,65109.21416018077,67.77,0,0.33899545632891714
3508009,48.89,737.4247,94.12,,20250.0,44831.25925925926,59.01,1,0.33899545632891714
3508108,64.02,758.3706,95.7,,17210.0,43358.74491574666,69.16,0,0.33899545632891714
3508207,96.13,810.3162,91.67,,4356.0,70148.7603305785,80.0,0,0.33899545632891714
3508306,79.41,777.3178,97.78,,4299.0,41284.252151663175,79.58,0,0.33899545632891714
3508405,49.11,735.5707,89.76,,47011.0,154027.37657144072,59.16,1,0.33899545632891714
3508504,53.05,742.2882,90.09,,96202.0,67735.29656348101,61.85,1,0.33899545632891714
3508603,50.09,741.0581,91.67,,31564.0,26859.270054492456,59.84,1,0.33899545632891714
3508702,70.23,760.3213,92.9,,17101.0,32402.140225717794,73.29,0,0.33899545632891714
3508801,61.19,750.8645,90.28,,16654.0,55880.56923261679,67.29,0,0.33899545632891714
3508900,44.44,736.5168,100.0,,3712.0,23710.9375,55.89,1,0.33899545632891714
3509007,43.89,730.898,89.35,,95032.0,57955.415018099164,55.49,1,0.33899545632891714
3509106,54.71,748.8606,97.67,,5466.0,20471.09403585803,62.97,0,0.33899545632891714
3509205,50.91,740.1395,86.47,,92689.0,312708.10991595546,60.4,1,0.33899545632891714
3509254,58.94,749.2932,93.05,,28515.0,69706.11958618271,65.8,0,0.33899545632891714
3509304,61.22,750.9323,95.45,,9133.0,30110.69747071061,67.31,0,0.33899545632891714
3509403,71.78,778.6485,84.56,,23830.0,47159.001258917335,74.32,0,0.33899545632891714
3509452,45.77,730.4887,85.37,,5954.0,35511.58884783339,56.83,1,0.33899545632891714
3509502,41.69,726.2642,86.6,,1139047.0,80741.46896484517,53.9,1,0.33899545632891714
3509601,49.85,737.8247,87.67,,77632.0,41657.24185902721,59.67,1,0.33899545632891714
3509700,51.23,738.7371,94.76,,46974.0,41444.18188785286,60.62,1,0.33899545632891714
3509809,32.08,716.8338,91.38,,4888.0,70027.61865793781,46.51,1,0.33899545632891714
3509908,64.85,753.3299,93.2,,12289.0,26897.062413540563,69.71,0,0.33899545632891714
3509957,53.57,745.6361,88.46,,4931.0,24542.08071385114,62.2,1,0.33899545632891714
3510005,72.74,766.1684,93.26,,29449.0,84306.93741722977,74.97,0,0.33899545632891714
3510104,69.57,771.8358,91.67,,2889.0,54673.24333679473,72.84,0,0.33899545632891714
3510153,81.73,779.7936,,,6283.0,34749.00525226803,79.58,0,0.33899545632891714
3510203,62.4,751.6322,94.76,,46337.0,36016.18576947148,68.09,0,0.33899545632891714
3510302,47.52,733.9637,88.99,,22866.0,23443.01583136535,58.06,1,0.33899545632891714
3510401,64.47,753.5657,94.38,,50068.0,76385.31597028041,69.46,0,0.33899545632891714
3510500,54.34,744.5013,88.62,,134873.0,43172.57716518504,62.72,1,0.33899545632891714
3510609,45.21,730.4656,84.54,,386984.0,21801.462075951462,56.43,1,0.33899545632891714
3510708,68.94,762.8408,90.32,,11345.0,38785.808726311145,72.42,0,0.33899545632891714
3510807,44.98,738.1822,92.34,,28083.0,53209.37933981412,56.27,1,0.33899545632891714
3510906,67.22,763.3022,86.84,,2799.0,109344.76598785279,71.28,0,0.33899545632891714
3511003,47.85,736.3193,92.98,,19977.0,113908.04425088853,58.29,1,0.33899545632891714
3511102,54.37,744.1825,92.37,,115791.0,60712.43015432978,62.74,1,0.33899545632891714
3511201,54.28,744.4839,91.86,,7003.0,28123.09010424104,62.68,1,0.33899545632891714
3511300,72.92,765.6424,84.67,,12618.0,64104.45395466792,75.09,0,0.33899545632891714
3511409,44.01,732.7969,85.21,,21469.0,65239.08891890633,55.58,1,0.33899545632891714
3511508,60.93,751.9442,92.57,,44695.0,64690.18905917888,67.12,0,0.33899545632891714
3511607,55.7,750.1404,84.91,,19048.0,63832.63334733305,63.64,1,0.33899545632891714
3511706,44.6,730.5685,92.89,,15535.0,50891.98583842936,56.0,1,0.33899545632891714
3511904,51.06,744.8485,95.96,,6982.0,36394.58607848754,60.5,1,0.33899545632891714
3512001,43.8,729.5065,93.26,,18486.0,111034.07984420643,55.43,1,0.33899545632891714
3512100,90.59,798.8775,90.08,,6629.0,112148.58953084928,80.0,0,0.33899545632891714
3512209,53.98,743.6161,94.74,,28101.0,38919.04202697413,62.48,1,0.33899545632891714
3512308,47.34,733.7699,85.0,,15232.0,36180.606617647056,57.93,1,0.33899545632891714
3512407,74.43,766.3134,92.33,,24514.0,170021.82426368605,76.12,0,0.33899545632891714
3512506,69.43,774.403,84.38,,5400.0,62112.03703703704,72.75,0,0.33899545632891714
3512605,46.28,737.2619,89.13,,4280.0,38749.766355140186,57.19,1,0.33899545632891714
3512704,43.63,741.0662,94.83,,4195.0,84530.1549463647,55.31,1,0.33899545632891714
3512803,52.95,741.2635,93.37,,59773.0,38702.4910912954,61.79,1,0.33899545632891714
3512902,94.57,812.7344,97.83,,8719.0,100748.59502236494,80.0,0,0.33899545632891714
3513009,50.67,738.9797,89.72,,274413.0,69460.16770342512,60.23,1,0.33899545632891714
3513108,41.9,727.8738,84.08,,33281.0,70831.79591959377,54.06,1,0.33899545632891714
3513207,49.97,729.341,88.07,,9272.0,48443.80931837791,59.75,1,0.33899545632891714
3513306,85.19,778.6282,96.43,,2108.0,103509.96204933588,80.0,0,0.33899545632891714
3513405,39.34,725.9769,90.85,,74961.0,57122.53038246554,52.17,1,0.33899545632891714
3513504,48.49,736.3142,89.71,,112476.0,247282.8692343256,58.73,1,0.33899545632891714
3513603,49.94,741.7864,94.84,,22110.0,19581.23021257349,59.73,1,0.33899545632891714
3513702,59.36,749.0326,90.55,,31756.0,81385.65940294747,66.08,0,0.33899545632891714
3513801,40.88,726.2931,88.03,,393237.0,53985.47186556707,53.31,1,0.33899545632891714
3513850,46.67,733.6869,100.0,,1620.0,61410.493827160484,57.46,1,0.33899545632891714
3513900,52.32,742.167,88.17,,11158.0,47372.647427854456,61.36,1,0.33899545632891714
3514106,61.44,758.3221,88.93,,24510.0,48433.17013463892,67.45,0,0.33899545632891714
3514205,76.62,759.7145,93.94,,2207.0,38237.426370638874,77.62,0,0.33899545632891714
3514304,71.5,758.9265,92.39,,8096.0,145521.24505928854,74.14,0,0.33899545632891714
3514403,63.13,754.5714,95.31,,45474.0,40797.46668425914,68.57,0,0.33899545632891714
3514502,81.82,772.2704,92.52,,12328.0,35348.79948085659,80.0,0,0.33899545632891714
3514601,76.77,766.9666,89.29,,9471.0,43712.59634674269,77.73,0,0.33899545632891714
3514700,77.86,770.2545,88.75,,6205.0,30201.933924254638,78.49,0,0.33899545632891714
3514809,62.33,760.9319,89.84,,13069.0,32442.80358099319,68.04,0,0.33899545632891714
3514908,55.13,742.5504,95.31,,17699.0,122013.05158483532,63.26,0,0.33899545632891714
3514924,72.37,783.676,91.67,,3138.0,38869.02485659656,74.72,0,0.33899545632891714
3514957,88.89,794.7582,90.0,,2323.0,40048.213517003875,80.0,0,0.33899545632891714
3515004,32.6,713.319,83.73,,250691.0,68971.96149841837,46.94,1,0.33899545632891714
3515103,46.49,730.2202,87.72,,66970.0,26025.38450052262,57.34,1,0.33899545632891714
3515152,53.33,735.4295,90.65,,19566.0,41622.71286926301,62.04,1,0.33899545632891714
3515186,65.42,764.1028,95.38,,39816.0,68194.87140847901,70.09,0,0.33899545632891714
3515194,58.56,756.7088,88.46,,4157.0,43735.6266538369,65.55,0,0.33899545632891714
3515202,53.96,750.3968,97.96,,9417.0,139870.7656366146,62.47,0,0.33899545632891714
3515301,72.99,757.5596,97.37,,2703.0,25783.203847576766,75.14,0,0.33899545632891714
3515350,75.97,779.548,87.5,,7924.0,20470.469459868753,77.18,0,0.33899545632891714
3515400,62.71,754.0492,90.1,,16641.0,34036.115618051794,68.3,0,0.33899545632891714
3515509,57.61,747.2504,93.13,,71186.0,39203.04554266288,64.91,0,0.33899545632891714
3515608,97.93,821.626,92.59,,5942.0,47401.88488724335,80.0,0,0.33899545632891714
3515657,92.86,774.5463,93.33,,1656.0,61977.05314009662,80.0,0,0.33899545632891714
3515707,52.72,741.0429,94.16,,179198.0,30826.130871996334,61.63,1,0.33899545632891714
3515806,30.0,721.6679,80.0,,1487.0,44159.38130464022,44.79,1,0.33899545632891714
3515905,100.0,823.0431,100.0,,2733.0,47995.24332235639,80.0,0,0.33899545632891714
3516002,82.92,779.9017,95.0,,12958.0,27912.02346041056,80.0,0,0.33899545632891714
3516200,57.72,746.788,91.76,,352536.0,40777.86949417932,64.99,1,0.33899545632891714
3516309,50.64,739.9182,88.03,,165139.0,13549.004172242776,60.21,1,0.33899545632891714
3516408,50.89,736.4471,91.39,,144849.0,37543.15873771997,60.38,1,0.33899545632891714
3516507,85.16,803.6452,93.1,,2763.0,44862.83025696707,80.0,0,0.33899545632891714
3516606,78.91,794.3556,85.96,,6380.0,34615.830721003134,79.23,0,0.33899545632891714
3516705,51.91,741.1121,84.35,,42110.0,44971.88316314415,61.08,1,0.33899545632891714
3516804,53.13,738.2033,96.97,,3252.0,31347.478474784748,61.91,1,0.33899545632891714
3516853,66.86,765.7997,91.43,,4702.0,369126.5418970651,71.04,0,0.33899545632891714
3516903,60.8,752.3823,93.88,,10312.0,33836.59813809154,67.03,0,0.33899545632891714
3517000,49.54,748.6056,80.0,,10232.0,26665.461297888975,59.46,1,0.33899545632891714
3517109,70.64,749.0046,98.08,,4138.0,45527.307878202024,73.56,0,0.33899545632891714
3517208,50.64,737.9987,84.78,,11239.0,27658.332591867602,60.21,1,0.33899545632891714
3517307,82.7,795.9141,92.42,,5512.0,107723.51233671988,80.0,0,0.33899545632891714
3517406,54.86,745.8668,92.46,,39279.0,82333.00236767739,63.07,1,0.33899545632891714
3517505,56.31,750.3799,83.14,,21711.0,52235.13426373729,64.05,1,0.33899545632891714
3517604,66.94,760.0377,95.8,,17071.0,34279.30408294769,71.09,0,0.33899545632891714
3517703,67.39,766.6792,95.91,,18606.0,45937.60077394389,71.39,0,0.33899545632891714
3517802,54.35,740.6353,92.86,,7441.0,50323.07485553016,62.73,1,0.33899545632891714
3517901,73.82,768.5162,96.64,,10350.0,63815.07246376812,75.7,0,0.33899545632891714
3518008,94.12,803.7152,89.47,,1968.0,24728.150406504064,80.0,0,0.33899545632891714
3518107,66.92,763.2662,85.07,,6427.0,48552.201649292045,71.08,0,0.33899545632891714
3518206,58.19,745.922,88.93,,31043.0,55358.3094417421,65.3,1,0.33899545632891714
3518305,64.75,757.6475,93.99,,31236.0,65138.39800230503,69.64,0,0.33899545632891714
3518404,56.82,744.7236,91.89,,118044.0,70904.24756870318,64.39,1,0.33899545632891714
3518503,62.27,751.0132,90.21,,15013.0,25724.438819689603,68.0,0,0.33899545632891714
3518602,69.71,767.5927,96.1,,37498.0,40481.9990399488,72.94,0,0.33899545632891714
3518701,48.23,735.5522,86.06,,287634.0,40107.77237739628,58.55,1,0.33899545632891714
3518800,39.42,723.1232,87.82,,1291771.0,75522.42154375659,52.23,1,0.33899545632891714
3518859,64.55,759.6196,87.74,,7320.0,48333.06010928962,69.51,0,0.33899545632891714
3518909,88.59,788.5825,86.27,,4246.0,28298.634008478566,80.0,0,0.33899545632891714
3519006,85.15,786.7246,97.12,,9125.0,60568.65753424658,80.0,0,0.33899545632891714
3519055,58.34,746.5759,87.79,,15094.0,119692.12932290976,65.4,0,0.33899545632891714
3519071,58.0,748.4751,89.01,,236641.0,93660.54065018319,65.17,0,0.33899545632891714
3519105,100.0,825.1181,92.17,,10437.0,65874.29337932356,80.0,0,0.33899545632891714
3519253,42.55,730.8143,79.22,,8010.0,40700.0,54.53,1,0.33899545632891714
3519303,52.81,741.7858,93.14,,32178.0,47138.94586363353,61.69,1,0.33899545632891714
3519402,71.16,765.8152,89.19,,11690.0,35772.28400342173,73.91,0,0.33899545632891714
3519501,89.02,803.0251,92.65,,6385.0,51900.86139389193,80.0,0,0.33899545632891714
3519600,49.72,738.3516,90.4,,60033.0,42124.08175503473,59.58,1,0.33899545632891714
3519709,44.73,733.6612,89.93,,75605.0,39990.754579723565,56.09,1,0.33899545632891714
3519808,73.35,763.7386,90.79,,7819.0,33755.211663895636,75.39,0,0.33899545632891714
3519907,51.77,733.6828,91.01,,7619.0,66115.23822023888,60.98,1,0.33899545632891714
3520004,68.56,766.2159,93.83,,23106.0,20686.22868518999,72.17,0,0.33899545632891714
3520103,47.11,735.2923,91.67,,26212.0,54254.616206317725,57.77,1,0.33899545632891714
3520202,61.45,751.8134,82.35,,10605.0,33301.5558698727,67.46,0,0.33899545632891714
3520301,57.18,747.1737,90.55,,29115.0,65150.26618581487,64.63,0,0.33899545632891714
3520400,44.16,729.8568,85.75,,34934.0,424535.26650254766,55.69,1,0.33899545632891714
3520426,52.02,736.2175,85.85,,13419.0,208848.3493553916,61.15,1,0.33899545632891714
3520442,66.53,754.8557,92.56,,25549.0,35920.466554463965,70.82,0,0.33899545632891714
3520509,58.5,747.1829,88.76,,255748.0,110518.41265620846,65.51,0,0.33899545632891714
3520608,81.63,771.9157,100.0,,5090.0,19623.96856581533,80.0,0,0.33899545632891714
3520707,67.57,756.169,100.0,,4035.0,41409.4175960347,71.51,0,0.33899545632891714
3520806,89.16,805.2046,96.55,,3615.0,48886.030428769016,80.0,0,0.33899545632891714
3520905,55.77,741.1137,88.06,,13712.0,49454.34655775963,63.68,1,0.33899545632891714
3521002,40.9,725.6544,85.8,,36459.0,35409.720507967846,53.32,1,0.33899545632891714
3521101,44.03,729.5379,94.94,,6831.0,154556.58029571074,55.59,1,0.33899545632891714
3521150,48.0,741.9029,89.69,,6761.0,25601.390326874724,58.39,1,0.33899545632891714
3521200,52.31,728.8556,92.31,,4046.0,17505.931784478496,61.35,1,0.33899545632891714
3521309,77.09,788.2237,86.16,,14454.0,40806.005258060046,77.95,0,0.33899545632891714
3521408,59.58,748.3883,96.93,,21967.0,109426.776528429,66.22,0,0.33899545632891714
3521507,69.58,761.4142,95.18,,6867.0,41126.54725498762,72.85,0,0.33899545632891714
3521606,97.18,812.0349,90.24,,7085.0,20101.905434015527,80.0,0,0.33899545632891714
3521804,47.41,730.6643,86.52,,25180.0,43000.47656870532,57.98,1,0.33899545632891714
3521903,85.09,788.2369,95.6,,16989.0,75256.577785626,80.0,0,0.33899545632891714
3522000,53.84,729.5327,94.55,,3618.0,85214.20674405749,62.39,1,0.33899545632891714
3522109,54.33,744.528,83.76,,112476.0,26284.77186244177,62.72,1,0.33899545632891714
3522158,60.87,756.1736,88.46,,3422.0,19866.160140268847,67.08,0,0.33899545632891714
3522208,53.35,739.2422,88.81,,158522.0,39206.759944991856,62.06,1,0.33899545632891714
3522307,42.15,729.1684,92.36,,157790.0,50464.55415425566,54.24,1,0.33899545632891714
3522406,53.35,741.5617,87.91,,89728.0,50803.67332382311,62.06,1,0.33899545632891714
3522505,50.26,738.4813,92.69,,232297.0,67220.39888590899,59.95,1,0.33899545632891714
3522604,60.48,748.6821,95.93,,72022.0,88389.29771458721,66.82,0,0.33899545632891714
3522653,45.73,730.9944,93.65,,4306.0,17953.55318160706,56.8,1,0.33899545632891714
3522703,66.67,759.2012,93.38,,39493.0,63931.78537968754,70.92,0,0.33899545632891714
3522802,36.36,724.8551,92.91,,14085.0,28988.782392616256,49.91,1,0.33899545632891714
3522901,35.02,721.8068,86.71,,13659.0,96005.41767332892,48.86,1,0.33899545632891714
3523008,49.6,742.0777,94.44,,3979.0,52613.47072128676,59.5,1,0.33899545632891714
3523107,42.98,728.2914,89.92,,369275.0,32439.94313181233,54.84,1,0.33899545632891714
3523206,55.9,741.1565,95.18,,44438.0,31649.60169224537,63.77,1,0.33899545632891714
3523305,61.61,751.973,97.87,,15528.0,25800.296239052033,67.57,0,0.33899545632891714
3523404,65.1,759.2624,92.33,,121590.0,84936.8122378485,69.88,0,0.33899545632891714
3523503,61.7,755.4402,93.39,,19070.0,31523.91190351337,67.63,0,0.33899545632891714
3523602,59.11,752.272,88.1,,16148.0,97242.56873916274,65.91,0,0.33899545632891714
3523701,73.92,796.0236,93.06,,5779.0,33029.243813808615,75.77,0,0.33899545632891714
3523909,65.25,758.7084,90.39,,168240.0,83288.93247741323,69.98,0,0.33899545632891714
3524006,44.88,731.8066,86.08,,70616.0,149105.86835844567,56.2,1,0.33899545632891714
3524105,48.38,732.9836,88.96,,37571.0,59051.52910489473,58.66,1,0.33899545632891714
3524204,82.62,769.788,96.1,,6221.0,39719.498472914325,80.0,0,0.33899545632891714
3524303,53.01,744.9662,91.49,,71821.0,57869.60638253436,61.83,1,0.33899545632891714
3524402,45.56,732.2784,84.14,,240275.0,81960.23722817603,56.68,1,0.33899545632891714
3524501,55.84,753.7408,91.38,,7613.0,115696.83436227504,63.73,0,0.33899545632891714
3524600,63.85,755.2609,93.98,,16097.0,43418.09032739019,69.05,0,0.33899545632891714
3524709,62.82,755.6188,88.11,,59347.0,247373.5487893238,68.37,0,0.33899545632891714
3524808,55.33,747.9326,93.08,,48776.0,53104.149581761514,63.39,1,0.33899545632891714
3524907,58.85,751.3803,92.31,,6397.0,72165.39002657494,65.74,0,0.33899545632891714
3525003,44.87,730.2764,86.64,,118045.0,46991.46088356135,56.19,1,0.33899545632891714
3525102,58.3,755.6485,80.61,,45282.0,52970.54017048716,65.37,1,0.33899545632891714
3525201,48.78,735.201,90.15,,37535.0,94483.65525509523,58.93,1,0.33899545632891714
3525300,59.77,750.3402,94.01,,133497.0,49011.83547195817,66.35,0,0.33899545632891714
3525409,45.2,733.6965,88.71,,3863.0,79935.02459228579,56.43,1,0.33899545632891714
3525508,71.87,773.1681,93.46,,12815.0,26198.751463129145,74.39,0,0.33899545632891714
3525607,81.82,773.1164,90.41,,4371.0,42781.972088766874,80.0,0,0.33899545632891714
3525706,55.78,746.0045,89.61,,36633.0,52972.45652826686,63.69,1,0.33899545632891714
3525805,66.76,761.0107,81.82,,4254.0,19473.201692524683,70.98,0,0.33899545632891714
3525854,76.39,768.5246,90.48,,3056.0,94224.80366492146,77.47,0,0.33899545632891714
3525904,69.22,763.6383,91.03,,443221.0,147597.64993084714,72.61,0,0.33899545632891714
3526001,76.94,776.0051,95.83,,20448.0,46012.86189358372,77.85,0,0.33899545632891714
3526100,54.87,742.4055,93.94,,17154.0,26024.134312696748,63.08,1,0.33899545632891714
3526209,60.14,747.2342,94.36,,27404.0,24108.341847905416,66.59,0,0.33899545632891714
3526308,48.73,732.8847,97.83,,5083.0,19951.013181192207,58.9,1,0.33899545632891714
3526407,54.22,743.2994,91.81,,26261.0,64315.10605079776,62.64,1,0.33899545632891714
3526506,62.02,760.1947,88.0,,9689.0,27071.3179894726,67.84,0,0.33899545632891714
3526605,52.66,744.1307,93.94,,7171.0,23692.093152977268,61.59,1,0.33899545632891714
3526704,52.84,742.2742,94.87,,98161.0,50310.32691191003,61.71,1,0.33899545632891714
3526803,61.31,753.2269,91.57,,66505.0,98709.0895421397,67.37,0,0.33899545632891714
3526902,62.38,752.723,91.54,,291869.0,71528.45968568091,68.08,0,0.33899545632891714
3527009,77.11,782.6281,97.4,,7014.0,57785.571713715435,77.96,0,0.33899545632891714
3527108,74.25,767.5045,86.14,,74779.0,115144.13137378139,76.0,0,0.33899545632891714
3527207,42.48,726.2744,89.82,,84855.0,53047.17459195098,54.48,1,0.33899545632891714
3527256,74.02,767.1859,93.1,,1950.0,28430.76923076923,75.84,0,0.33899545632891714
3527306,54.63,744.3532,91.25,,51847.0,388732.462823307,62.92,0,0.33899545632891714
3527405,64.53,759.3401,94.97,,20061.0,29912.167887941778,69.5,0,0.33899545632891714
3527504,74.86,785.7127,96.0,,2372.0,58454.468802698146,76.41,0,0.33899545632891714
3527603,41.53,728.1984,89.55,,12265.0,194506.07419486344,53.79,1,0.33899545632891714
3527702,54.64,737.4094,89.23,,4701.0,25060.412678153585,62.93,1,0.33899545632891714
3527801,55.64,743.2744,96.83,,3981.0,28948.505400653103,63.6,0,0.33899545632891714
3527900,71.6,761.34,92.59,,2661.0,50975.197294250276,74.2,0,0.33899545632891714
3528007,65.03,751.4871,90.95,,16829.0,41110.40465862499,69.83,0,0.33899545632891714
3528106,81.53,779.5554,94.74,,7481.0,32754.711936906828,80.0,0,0.33899545632891714
3528205,82.52,788.0039,97.14,,3963.0,31226.34367903104,80.0,0,0.33899545632891714
3528304,84.51,795.0106,88.89,,3165.0,53380.41074249605,80.0,0,0.33899545632891714
3528403,56.21,746.7912,,,50027.0,58437.70364003439,55.2,1,0.33899545632891714
3528502,55.0,743.3973,92.2,,93853.0,29484.20402118206,63.17,1,0.33899545632891714
3528601,62.2,754.3773,93.41,,9871.0,36583.73011852902,67.96,0,0.33899545632891714
3528700,71.43,763.0206,96.97,,4573.0,44099.71572272032,74.09,0,0.33899545632891714
3528809,84.81,781.7885,93.18,,12673.0,82038.66487808726,80.0,0,0.33899545632891714
3528858,94.74,796.2238,100.0,,3292.0,49684.690157958685,80.0,0,0.33899545632891714
3528908,53.02,748.6984,89.47,,3513.0,25691.716481639625,61.83,1,0.33899545632891714
3529005,59.16,748.4005,86.2,,237627.0,52635.31080222365,65.94,1,0.33899545632891714
3529104,93.33,775.1697,100.0,,1860.0,30303.763440860217,80.0,0,0.33899545632891714
3529203,53.03,745.2826,95.36,,24881.0,38158.27338129497,61.84,1,0.33899545632891714
3529302,64.39,754.6583,96.2,,79033.0,96754.26720483848,69.41,0,0.33899545632891714
3529401,45.74,733.6155,79.21,,418261.0,59773.041235018325,56.81,1,0.33899545632891714
3529500,69.95,754.9347,92.68,,6159.0,96402.82513395032,73.1,0,0.33899545632891714
3529609,67.27,769.1176,95.45,,4572.0,95701.66229221348,71.31,0,0.33899545632891714
3529658,34.78,727.4712,85.19,,1952.0,55497.43852459016,48.68,1,0.33899545632891714
3529708,64.31,768.4233,78.89,,19441.0,57255.18234658711,69.35,0,0.33899545632891714
3529807,45.76,731.7763,93.1,,11230.0,27599.376669634905,56.82,1,0.33899545632891714
3529906,43.55,732.9141,89.19,,18553.0,30228.372769902442,55.25,1,0.33899545632891714
3530102,53.42,739.8129,92.64,,27983.0,34979.02297823679,62.1,1,0.33899545632891714
3530201,98.04,816.8493,94.55,,15917.0,40906.45222089589,80.0,0,0.33899545632891714
3530300,67.6,762.7223,89.44,,63337.0,52826.75213540269,71.53,0,0.33899545632891714
3530409,59.21,745.8809,96.97,,4669.0,80992.50374812594,65.98,0,0.33899545632891714
3530508,46.41,738.8306,91.48,,67681.0,59315.80502652148,57.28,1,0.33899545632891714
3530607,46.57,732.1471,90.85,,451505.0,57745.81012391889,57.39,1,0.33899545632891714
3530706,51.4,738.991,88.86,,153658.0,61395.033125512506,60.73,1,0.33899545632891714
3530805,53.79,744.1995,87.44,,92558.0,87434.0305538149,62.35,1,0.33899545632891714
3530904,55.83,759.5981,92.31,,3722.0,48143.20257925846,63.72,0,0.33899545632891714
3531001,84.21,781.1033,90.48,,1937.0,40207.02116675271,80.0,0,0.33899545632891714
3531100,48.6,739.2361,77.63,,61951.0,24792.27131119756,58.81,1,0.33899545632891714
3531209,55.12,747.4769,88.17,,8627.0,35302.538541787406,63.25,1,0.33899545632891714
3531308,67.07,762.0842,94.74,,47574.0,64379.32484129986,71.18,0,0.33899545632891714
3531407,73.54,772.3158,93.88,,22280.0,46614.00359066428,75.51,0,0.33899545632891714
3531506,72.91,771.89,82.66,,18151.0,52780.232494077456,75.09,0,0.33899545632891714
3531605,66.46,761.6354,97.5,,4222.0,38357.88725722407,70.78,0,0.33899545632891714
3531704,66.6,757.2276,93.44,,4138.0,27523.199613339773,70.87,0,0.33899545632891714
3531803,49.58,734.5603,86.28,,64662.0,93554.14308249048,59.49,1,0.33899545632891714
3531902,55.19,745.2484,89.12,,27933.0,70890.88175276555,63.3,1,0.33899545632891714
3532009,46.95,742.6701,91.3,,13720.0,55804.737609329444,57.66,1,0.33899545632891714
3532058,79.93,769.5038,98.04,,4034.0,42396.38076351016,79.95,0,0.33899545632891714
3532108,57.61,749.0194,92.86,,3737.0,30364.998662028363,64.91,0,0.33899545632891714
3532157,59.26,752.3263,92.59,,2660.0,71261.65413533835,66.01,0,0.33899545632891714
3532207,53.17,743.1515,88.12,,5713.0,156845.26518466655,61.93,1,0.33899545632891714
3532306,40.32,731.0663,90.2,,6999.0,22778.2540362909,52.9,1,0.33899545632891714
3532405,46.83,732.7266,94.55,,18217.0,32684.305868145133,57.58,1,0.33899545632891714
3532504,90.57,808.4977,94.44,,9699.0,39652.74770594906,80.0,0,0.33899545632891714
3532603,66.5,759.2133,94.74,,9852.0,51549.12708079578,70.8,0,0.33899545632891714
3532702,93.79,807.9957,91.18,,4750.0,30888.21052631579,80.0,0,0.33899545632891714
3532801,57.65,749.227,92.31,,6693.0,54010.15986851935,64.94,0,0.33899545632891714
3532827,45.1,735.4113,92.42,,8497.0,30687.654466282216,56.36,1,0.33899545632891714
3532843,78.95,775.2716,100.0,,2032.0,28135.826771653545,79.25,0,0.33899545632891714
3532900,50.61,742.7396,91.35,,9311.0,59757.27633981312,60.19,1,0.33899545632891714
3533007,61.21,750.957,91.28,,19419.0,37712.60106081673,67.3,0,0.33899545632891714
3533106,66.67,743.3152,81.82,,2156.0,22008.81261595547,70.92,0,0.33899545632891714
3533205,49.79,742.349,92.31,,4609.0,62039.27099153829,59.63,1,0.33899545632891714
3533254,68.58,765.693,98.53,,4412.0,23913.644605621033,72.18,0,0.33899545632891714
3533304,77.92,771.0292,96.88,,2837.0,24702.15015861826,78.53,0,0.33899545632891714
3533403,54.93,741.176,90.65,,62019.0,90509.31166255502,63.12,1,0.33899545632891714
3533502,61.56,752.357,91.8,,38324.0,60374.25634067425,67.53,0,0.33899545632891714
3533601,69.45,775.5318,89.89,,7391.0,167167.7716141253,72.76,0,0.33899545632891714
3533700,83.74,795.0571,93.94,,4331.0,37845.76310320942,80.0,0,0.33899545632891714
3533809,57.14,753.4579,100.0,,2512.0,57011.14649681529,64.6,0,0.33899545632891714
3533908,61.15,751.7745,90.47,,55074.0,64815.993027562916,67.26,0,0.33899545632891714
3534005,47.09,737.2767,94.03,,4771.0,77675.33011947181,57.76,1,0.33899545632891714
3534104,59.52,756.8535,76.81,,6085.0,31894.658997534923,66.18,1,0.33899545632891714
3534203,43.55,732.1369,100.0,,6024.0,137843.62549800798,55.25,1,0.33899545632891714
3534302,44.94,732.8171,92.02,,38319.0,84752.94240455127,56.24,1,0.33899545632891714
3534401,45.95,730.4882,85.85,,728615.0,163878.11532839705,56.96,1,0.33899545632891714
3534609,58.32,747.8402,96.44,,31272.0,51651.57329240216,65.39,0,0.33899545632891714
3534708,50.37,739.5165,89.96,,103970.0,47155.544868712124,60.03,1,0.33899545632891714
3534757,99.27,842.6211,95.62,,10294.0,65157.85894695939,80.0,0,0.33899545632891714
3534807,82.02,789.568,91.89,,7779.0,24025.06748939452,80.0,0,0.33899545632891714
3534906,64.61,749.466,86.32,,14877.0,19173.489278752437,69.55,0,0.33899545632891714
3535002,57.98,751.0103,97.48,,11476.0,52574.764726385496,65.16,0,0.33899545632891714
3535101,82.65,773.0297,96.61,,9650.0,21724.97409326425,80.0,0,0.33899545632891714
3535200,67.6,756.5866,94.94,,8903.0,34692.126249578796,71.53,0,0.33899545632891714
3535309,46.45,739.155,94.03,,19594.0,71746.81024803512,57.31,1,0.33899545632891714
3535408,85.96,795.5431,96.5,,14964.0,26540.564020315425,80.0,0,0.33899545632891714
3535507,48.18,727.6593,90.78,,41120.0,76213.57003891049,58.52,1,0.33899545632891714
3535606,63.5,754.0246,89.77,,17667.0,23126.110828097586,68.82,0,0.33899545632891714
3535705,76.84,788.6091,93.33,,6099.0,71499.59009673717,77.78,0,0.33899545632891714
3535804,49.33,738.2096,83.26,,19395.0,63034.13250837845,59.31,1,0.33899545632891714
3535903,32.42,714.8036,90.91,,4031.0,39854.37856611263,46.79,1,0.33899545632891714
3536000,75.58,770.0884,98.29,,10580.0,108729.30056710777,76.91,0,0.33899545632891714
3536109,57.74,751.3555,90.57,,7153.0,72133.5104152104,65.0,0,0.33899545632891714
3536208,64.45,755.1581,94.53,,19233.0,39156.50184578589,69.45,0,0.33899545632891714
3536257,76.74,782.1423,97.92,,2892.0,23489.280774550483,77.71,0,0.33899545632891714
3536307,44.66,732.6381,87.37,,14512.0,127481.53252480703,56.04,1,0.33899545632891714
3536406,67.24,760.3541,95.24,,7955.0,40527.215587680716,71.29,0,0.33899545632891714
3536505,48.49,735.4701,89.99,,110537.0,606740.7293485439,58.73,0,0.33899545632891714
3536570,38.25,718.6941,93.55,,2090.0,35648.803827751195,51.35,1,0.33899545632891714
3536604,50.36,746.3944,94.44,,7400.0,57587.2972972973,60.02,1,0.33899545632891714
3536703,36.42,721.0138,87.58,,44827.0,85672.05032681198,49.95,1,0.33899545632891714
3536802,71.65,773.6734,,,6557.0,22505.56657007778,53.43,0,0.33899545632891714
3536901,39.13,731.807,92.0,,2787.0,41954.790096878365,52.01,1,0.33899545632891714
3537008,60.85,748.8159,93.24,,15525.0,91303.57487922705,67.06,0,0.33899545632891714
3537107,94.37,810.9377,95.98,,43112.0,42152.81128224161,80.0,0,0.33899545632891714
3537156,69.7,768.4912,100.0,,2804.0,63468.97289586306,72.93,0,0.33899545632891714
3537206,35.12,721.6185,81.25,,11281.0,18473.45093520078,48.94,1,0.33899545632891714
3537305,60.58,750.734,88.7,,61679.0,44475.104979004194,66.89,0,0.33899545632891714
3537404,66.13,755.4917,94.24,,24095.0,62081.71819879642,70.56,0,0.33899545632891714
3537503,51.39,745.5212,91.04,,8737.0,46979.85578573881,60.73,1,0.33899545632891714
3537602,39.63,725.5712,87.24,,68352.0,34629.506086142326,52.38,1,0.33899545632891714
3537701,83.2,793.065,98.15,,5519.0,29004.348613879327,80.0,0,0.33899545632891714
3537800,58.57,745.6869,94.77,,52970.0,34730.07362658108,65.55,0,0.33899545632891714
3537909,56.68,744.7075,92.91,,27619.0,54411.6007096564,64.29,0,0.33899545632891714
3538006,54.51,742.9881,90.0,,165428.0,82662.42715864303,62.84,1,0.33899545632891714
3538105,46.53,733.9717,86.62,,14542.0,50426.076193095854,57.37,1,0.33899545632891714
3538204,78.11,771.5682,88.15,,15224.0,27351.878612716766,78.66,0,0.33899545632891714
3538303,56.25,742.0912,97.14,,3264.0,30727.941176470587,64.01,0,0.33899545632891714
3538501,65.49,755.4702,97.35,,12490.0,18203.442754203363,70.13,0,0.33899545632891714
3538600,58.49,747.1952,92.44,,26029.0,30713.780782972837,65.5,0,0.33899545632891714
3538709,54.74,743.5309,90.45,,423323.0,104770.08808876436,62.99,1,0.33899545632891714
3538808,64.72,752.9726,93.75,,29436.0,36982.91208044571,69.62,0,0.33899545632891714
3538907,53.49,738.8366,87.64,,22431.0,32892.381079755694,62.15,1,0.33899545632891714
3539004,83.68,794.3415,94.23,,10885.0,49200.27560863574,80.0,0,0.33899545632891714
3539103,43.48,732.2447,84.15,,18370.0,37741.64398475776,55.2,1,0.33899545632891714
3539202,75.08,769.2964,92.58,,25348.0,55662.30077323655,76.56,0,0.33899545632891714
3539301,45.9,731.3687,90.14,,73545.0,58527.60894690326,56.92,1,0.33899545632891714
3539400,48.91,737.8513,85.93,,15108.0,25791.30262112788,59.02,1,0.33899545632891714
3539509,62.9,755.3709,89.59,,33674.0,54349.349646611634,68.42,0,0.33899545632891714
3539608,74.51,762.3255,87.5,,4389.0,75526.7714741399,76.17,0,0.33899545632891714
3539707,71.43,752.1163,100.0,,3025.0,53026.77685950413,74.09,0,0.33899545632891714
3539806,54.46,743.8351,88.41,,103765.0,44434.635956247286,62.8,1,0.33899545632891714
3540002,62.09,751.3616,94.89,,20196.0,124235.73975044563,67.88,0,0.33899545632891714
3540101,87.14,792.2433,97.56,,3395.0,36636.22974963181,80.0,0,0.33899545632891714
3540200,60.04,755.9196,94.19,,37607.0,57275.347674635035,66.53,0,0.33899545632891714
3540259,44.63,737.157,95.92,,4127.0,31983.765447055972,56.02,1,0.33899545632891714
3540309,71.43,764.0297,100.0,,2387.0,63887.30624214495,74.09,0,0.33899545632891714
3540507,69.9,758.1503,92.38,,10451.0,29585.68558032724,73.06,0,0.33899545632891714
3540606,73.63,771.7863,93.96,,56497.0,89687.0453298405,75.58,0,0.33899545632891714
3540705,48.9,735.7957,90.32,,52649.0,58298.448213641284,59.02,1,0.33899545632891714
3540754,40.85,728.8406,86.3,,20392.0,17422.077285209885,53.29,1,0.33899545632891714
3540804,60.72,751.3216,94.67,,18496.0,54996.918252595155,66.98,0,0.33899545632891714
3540853,94.44,808.2186,100.0,,2578.0,17067.88207913111,80.0,0,0.33899545632891714
3540903,74.24,769.3361,91.21,,17078.0,85302.49443728774,75.99,0,0.33899545632891714
3541000,50.73,738.3685,82.53,,349935.0,32567.894037464102,60.28,1,0.33899545632891714
3541059,56.06,742.7383,86.9,,5126.0,49288.91923527116,63.88,1,0.33899545632891714
3541208,64.23,752.7318,84.85,,14490.0,24277.639751552797,69.3,0,0.33899545632891714
3541307,48.39,736.1062,93.23,,39505.0,38520.74420959372,58.66,1,0.33899545632891714
3541406,54.07,742.7308,88.78,,225668.0,51480.93216583654,62.54,1,0.33899545632891714
3541505,60.06,751.7854,95.68,,35201.0,31143.944774296182,66.54,0,0.33899545632891714
3541604,67.37,762.8231,88.24,,35131.0,95348.29637641969,71.38,0,0.33899545632891714
3541653,50.65,740.1227,93.33,,3405.0,61662.26138032304,60.22,1,0.33899545632891714
3541703,66.25,754.6766,94.23,,13163.0,82621.21097014358,70.64,0,0.33899545632891714
3541901,61.94,747.4587,95.2,,9159.0,52572.22404192597,67.79,0,0.33899545632891714
3542008,51.71,742.0452,88.31,,7038.0,52812.730889457234,60.94,1,0.33899545632891714
3542107,84.05,792.503,98.43,,8965.0,66361.40546569994,80.0,0,0.33899545632891714
3542206,60.04,749.0974,92.86,,28588.0,69947.42549321393,66.53,0,0.33899545632891714
3542305,83.33,780.5512,93.75,,4494.0,27160.43613707165,80.0,0,0.33899545632891714
3542404,77.73,770.1762,90.8,,20145.0,64224.27401340283,78.4,0,0.33899545632891714
3542503,96.74,822.4809,90.28,,7662.0,35322.89219524928,80.0,0,0.33899545632891714
3542602,52.31,740.8798,91.1,,59947.0,48908.452466345276,61.35,1,0.33899545632891714
3542701,70.28,755.4642,92.79,,6404.0,48687.851342910675,73.32,0,0.33899545632891714
3542800,62.9,753.9925,94.59,,3132.0,19770.753512132822,68.42,0,0.33899545632891714
3542909,79.24,787.6024,92.25,,10989.0,44958.95895895896,79.46,0,0.33899545632891714
3543006,53.11,739.7058,95.56,,18627.0,34398.93702689644,61.89,1,0.33899545632891714
3543105,71.89,772.2416,96.67,,4608.0,61322.48263888889,74.4,0,0.33899545632891714
3543204,74.14,762.2774,98.18,,4677.0,69885.61043403891,75.92,0,0.33899545632891714
3543253,63.69,750.1456,96.39,,7450.0,17083.087248322146,68.94,0,0.33899545632891714
3543303,64.35,758.848,91.67,,115559.0,41997.84525653562,69.38,0,0.33899545632891714
3543402,39.11,724.6101,86.17,,698642.0,74869.2749648604,52.0,1,0.33899545632891714
3543501,81.07,773.7755,97.96,,5599.0,21283.086265404538,80.0,0,0.33899545632891714
3543709,58.93,749.4694,94.62,,9098.0,38133.326005715535,65.79,0,0.33899545632891714
3543907,50.27,737.4403,91.07,,201418.0,76592.54386400421,59.96,1,0.33899545632891714
3544004,65.04,758.9553,87.53,,31328.0,65038.49591419816,69.84,0,0.33899545632891714
3544202,85.73,799.5384,94.21,,10309.0,37892.61810068872,80.0,0,0.33899545632891714
3544251,59.53,756.3614,85.96,,17440.0,88459.34633027522,66.19,0,0.33899545632891714
3544301,63.56,748.5461,86.82,,10832.0,41572.56277695716,68.86,0,0.33899545632891714
3544400,53.41,741.3479,93.18,,2700.0,32844.07407407407,62.1,1,0.33899545632891714
3544509,60.53,746.0842,100.0,,3833.0,51234.54213409862,66.85,0,0.33899545632891714
3544608,54.4,733.7372,86.79,,5112.0,35842.13615023474,62.76,1,0.33899545632891714
3544707,70.28,750.3851,92.31,,2474.0,29355.295068714637,73.32,0,0.33899545632891714
3544806,67.97,758.5172,89.47,,6437.0,41359.95028740096,71.78,0,0.33899545632891714
3544905,58.46,743.3001,90.8,,11411.0,46399.43913767418,65.48,1,0.33899545632891714
3545001,64.64,758.3184,94.03,,15202.0,20456.847783186426,69.57,0,0.33899545632891714
3545100,57.11,751.1862,94.55,,4808.0,23881.863560732112,64.58,0,0.33899545632891714
3545159,65.6,752.3217,87.93,,8161.0,57755.422129640974,70.21,0,0.33899545632891714
3545209,56.22,743.5684,93.64,,134319.0,85609.32556079185,63.99,0,0.33899545632891714
3545308,44.13,730.4438,90.67,,43748.0,65292.470512937725,55.67,1,0.33899545632891714
3545407,60.22,742.5965,86.67,,9050.0,43638.45303867404,66.65,1,0.33899545632891714
3545506,79.1,762.3721,97.14,,3645.0,125092.45541838136,79.36,0,0.33899545632891714
3545605,60.7,754.1479,91.28,,14018.0,39972.82065915252,66.96,0,0.33899545632891714
3545704,65.6,761.5066,96.97,,6393.0,52228.53120600657,70.21,0,0.33899545632891714
3545803,54.63,743.0969,89.87,,183347.0,58926.47275384926,62.92,1,0.33899545632891714
3546009,40.78,725.2205,85.94,,13975.0,25585.40250447227,53.24,1,0.33899545632891714
3546108,89.96,800.1439,90.91,,2598.0,50251.34719014627,80.0,0,0.33899545632891714
3546207,66.58,763.5314,92.86,,4277.0,46876.31517418751,70.86,0,0.33899545632891714
3546256,45.93,742.4843,96.3,,2116.0,47948.48771266541,56.94,1,0.33899545632891714
3546306,49.45,738.0183,87.39,,28864.0,27334.326496674057,59.4,1,0.33899545632891714
3546405,52.74,742.5366,91.94,,46442.0,93015.4170793678,61.64,1,0.33899545632891714
3546504,83.66,807.6336,92.59,,6118.0,24870.0555737169,80.0,0,0.33899545632891714
3546603,59.21,744.2895,95.95,,34794.0,57161.57958268667,65.98,0,0.33899545632891714
3546702,59.66,749.1252,93.79,,23611.0,151126.89000889414,66.28,0,0.33899545632891714
3546801,72.24,764.9766,88.86,,53174.0,43217.75679843532,74.63,0,0.33899545632891714
3546900,66.83,762.7784,89.04,,7149.0,25928.381591831025,71.02,0,0.33899545632891714
3547007,50.35,748.2408,92.21,,5243.0,37720.57982071333,60.01,1,0.33899545632891714
3547106,95.59,816.1894,81.82,,2956.0,32903.247631935046,80.0,0,0.33899545632891714
3547304,,,,,154105.0,92978.14477142207,64.41,0,0.33899545632891714
3547502,62.35,754.1739,93.29,,24833.0,39954.093343534805,68.06,0,0.33899545632891714
3547601,74.36,771.7417,94.12,,23411.0,48352.86830976892,76.07,0,0.33899545632891714
3547700,79.99,793.6531,93.22,,17963.0,35098.424539330845,79.99,0,0.33899545632891714
3547809,52.84,741.6645,89.32,,748919.0,49312.877627620604,61.71,1,0.33899545632891714
3547908,49.66,734.2225,96.2,,6775.0,41761.91881918819,59.54,1,0.33899545632891714
3548005,54.29,743.6944,84.03,,23244.0,92363.19050077439,62.69,1,0.33899545632891714
3548054,50.15,735.3539,90.91,,8379.0,45377.610693400165,59.88,1,0.33899545632891714
3548104,71.46,768.1605,98.25,,6126.0,41420.66601371205,74.11,0,0.33899545632891714
3548203,42.87,735.0161,92.21,,7133.0,26881.67671386513,54.76,1,0.33899545632891714
3548302,91.44,822.4347,81.08,,3000.0,20085.33333333333,80.0,0,0.33899545632891714
3548401,73.87,764.0059,95.83,,3899.0,25083.86765837394,75.74,0,0.33899545632891714
3548500,55.93,744.2095,85.65,,418608.0,73963.51240301187,63.79,1,0.33899545632891714
3548609,61.94,754.6358,98.1,,11674.0,30389.58369025184,67.79,0,0.33899545632891714
3548708,55.57,743.3592,87.05,,810729.0,88766.76546663558,63.55,1,0.33899545632891714
3548807,60.95,751.4036,88.22,,165655.0,136147.10090247804,67.13,0,0.33899545632891714
3548906,51.56,738.9847,90.29,,254857.0,72146.02698768329,60.84,1,0.33899545632891714
3549102,54.57,741.9891,91.75,,92547.0,54147.416988124955,62.88,1,0.33899545632891714
3549201,86.43,791.3626,96.67,,2580.0,28183.33333333333,80.0,0,0.33899545632891714
3549250,44.0,730.8109,96.15,,1846.0,37710.725893824485,55.57,1,0.33899545632891714
3549300,81.03,791.306,95.65,,2242.0,37188.22479928635,80.0,0,0.33899545632891714
3549409,45.54,731.044,92.47,,48558.0,56299.39453849005,56.67,1,0.33899545632891714
3549508,47.63,731.7992,83.67,,7626.0,44062.6803042224,58.14,1,0.33899545632891714
3549607,37.89,728.0499,92.86,,3853.0,20906.566311964703,51.08,1,0.33899545632891714
3549706,47.71,731.9851,90.27,,52205.0,55109.14663346423,58.19,1,0.33899545632891714
3549805,52.06,741.4672,89.2,,480393.0,54934.44117628691,61.18,1,0.33899545632891714
3549904,57.44,747.566,93.2,,697054.0,88077.14179963102,64.8,0,0.33899545632891714
3549953,61.39,750.5086,91.62,,16067.0,21541.980456836995,67.42,0,0.33899545632891714
3550001,73.42,766.3708,90.54,,10337.0,24434.458740446935,75.43,0,0.33899545632891714
3550100,59.7,749.3551,93.84,,37289.0,50681.890101638564,66.3,0,0.33899545632891714
3550209,56.99,745.8567,94.97,,32039.0,36134.89809294922,64.5,0,0.33899545632891714
3550308,37.87,721.2607,83.45,,11451999.0,93156.23455782697,51.06,2,0.33899545632891714
3550407,51.93,740.4121,87.7,,38256.0,32496.262024257638,61.09,1,0.33899545632891714
3550506,69.21,759.8993,97.89,,7217.0,54584.4533739781,72.6,0,0.33899545632891714
3550605,52.32,737.8486,86.1,,79484.0,57024.898092697906,61.36,1,0.33899545632891714
3550704,39.21,724.9387,89.87,,81595.0,213255.94705557937,52.07,1,0.33899545632891714
3550803,64.77,756.386,92.31,,10441.0,46152.284263959395,69.66,0,0.33899545632891714
3550902,62.84,751.6506,98.41,,13442.0,48213.956256509446,68.38,0,0.33899545632891714
3551009,43.11,728.8608,85.06,,329911.0,22474.715908229795,54.93,1,0.33899545632891714
3551108,41.43,734.4616,92.7,,10369.0,26051.017455878096,53.71,1,0.33899545632891714
3551207,78.96,771.9086,82.61,,3704.0,31218.95248380129,79.26,0,0.33899545632891714
3551306,83.75,794.7251,96.97,,3130.0,145221.08626198082,80.0,0,0.33899545632891714
3551405,23.94,700.0897,78.52,,12746.0,21127.961713478737,39.42,1,0.33899545632891714
3551504,45.95,729.8988,88.97,,43909.0,33126.124484729786,56.96,1,0.33899545632891714
3551702,53.71,742.4005,85.03,,126887.0,71520.47097023335,62.3,1,0.33899545632891714
3551801,66.79,761.4732,90.07,,12730.0,36280.361351139036,71.0,0,0.33899545632891714
3551900,42.14,728.7635,94.64,,14576.0,23366.9731064764,54.23,1,0.33899545632891714
3552007,45.87,728.973,92.06,,6186.0,18795.021015195605,56.9,1,0.33899545632891714
3552106,50.82,740.5042,89.62,,40122.0,36122.35182692787,60.34,1,0.33899545632891714
3552205,47.9,735.7316,87.15,,723682.0,81273.66163591189,58.32,1,0.33899545632891714
3552304,51.78,740.9633,94.12,,7355.0,41169.40856560163,60.99,1,0.33899545632891714
3552403,52.91,744.7665,87.24,,279545.0,68060.93115598561,61.76,1,0.33899545632891714
3552502,42.07,727.7286,87.77,,307429.0,60562.59494062044,54.18,1,0.33899545632891714
3552551,97.05,805.8927,86.05,,3408.0,150089.20187793428,80.0,0,0.33899545632891714
3552601,90.29,796.4004,97.64,,11323.0,35122.40572286496,80.0,0,0.33899545632891714
3552700,62.43,749.4869,94.61,,14769.0,34691.65143205362,68.11,0,0.33899545632891714
3552809,45.59,731.3697,83.37,,273542.0,44176.685847145956,56.7,1,0.33899545632891714
3552908,79.93,775.0689,96.94,,6260.0,38672.68370607029,79.95,0,0.33899545632891714
3553005,58.59,753.4191,93.94,,12669.0,32309.969216197016,65.57,0,0.33899545632891714
3553104,67.19,759.4052,97.1,,5677.0,27415.888673595207,71.26,0,0.33899545632891714
3553203,68.12,767.4789,87.3,,6548.0,28764.9664019548,71.88,0,0.33899545632891714
3553302,47.74,734.0717,94.92,,21435.0,45099.79006298111,58.21,1,0.33899545632891714
3553401,65.17,758.1362,93.78,,25265.0,63030.55610528399,69.92,0,0.33899545632891714
3553500,53.69,739.8292,86.78,,7996.0,28008.254127063527,62.29,1,0.33899545632891714
3553609,53.51,744.2734,93.4,,11816.0,30353.165199729185,62.16,1,0.33899545632891714
3553658,75.0,781.3025,92.86,,2619.0,35274.15043909889,76.51,0,0.33899545632891714
3553708,62.12,757.4291,86.45,,52260.0,44147.4358974359,67.9,0,0.33899545632891714
3553807,52.53,743.5311,93.94,,24350.0,52529.897330595486,61.5,1,0.33899545632891714
3553856,62.06,751.8556,90.91,,6876.0,62974.694589877836,67.87,0,0.33899545632891714
3553906,78.46,782.4954,91.01,,6536.0,28636.933904528763,78.91,0,0.33899545632891714
3553955,83.12,789.3015,86.05,,14882.0,77481.72288670878,80.0,0,0.33899545632891714
3554003,51.1,738.8865,92.07,,123942.0,54739.59594003647,60.53,1,0.33899545632891714
3554102,44.37,730.5738,84.78,,310739.0,72754.94868684009,55.84,1,0.33899545632891714
3554201,73.38,762.1746,96.08,,4127.0,82657.37824085292,75.41,0,0.33899545632891714
3554300,66.81,762.7572,94.35,,22173.0,37106.3906553015,71.01,0,0.33899545632891714
3554409,67.21,757.0608,96.63,,7904.0,30038.714574898786,71.27,0,0.33899545632891714
3554508,48.35,735.2006,92.58,,37663.0,78457.58436661976,58.64,1,0.33899545632891714
3554607,39.16,715.5678,96.55,,2464.0,32576.298701298703,52.03,1,0.33899545632891714
3554656,33.33,711.1801,93.1,,2046.0,21547.89833822092,47.52,1,0.33899545632891714
3554755,100.0,822.5295,92.31,,1682.0,39620.09512485137,80.0,0,0.33899545632891714
3554805,42.84,730.0643,89.14,,51173.0,21334.9031715944,54.74,1,0.33899545632891714
3554904,89.53,792.5867,92.65,,6804.0,22854.938271604937,80.0,0,0.33899545632891714
3554953,65.71,762.6839,87.72,,6778.0,35361.75863086456,70.28,0,0.33899545632891714
3555000,50.17,733.4018,95.13,,63928.0,48934.770366662495,59.89,1,0.33899545632891714
3555109,93.45,812.346,87.5,,15854.0,28190.86665825659,80.0,0,0.33899545632891714
3555208,100.0,798.8124,85.71,,1818.0,48454.89548954895,80.0,0,0.33899545632891714
3555307,45.45,752.6549,100.0,,1669.0,60051.52786099461,56.6,1,0.33899545632891714
3555356,60.64,744.2003,96.61,,5365.0,55684.2497670084,66.93,0,0.33899545632891714
3555406,41.31,725.7475,85.65,,92981.0,37716.5119755649,53.62,1,0.33899545632891714
3555505,48.79,736.303,95.89,,5132.0,39171.08339828527,58.94,1,0.33899545632891714
3555604,44.79,736.5655,89.89,,10394.0,50204.34866269001,56.14,1,0.33899545632891714
3556008,80.62,793.7592,95.08,,13744.0,47084.909778812565,80.0,0,0.33899545632891714
3556107,67.1,762.8183,85.03,,14098.0,40122.92523762236,71.2,0,0.33899545632891714
3556206,50.73,738.1177,90.64,,126373.0,80718.99060717084,60.28,1,0.33899545632891714
3556305,64.42,754.1353,96.03,,24241.0,58864.19702157502,69.43,0,0.33899545632891714
3556354,74.45,774.9479,85.19,,10512.0,21119.86301369863,76.13,0,0.33899545632891714
3556404,69.48,760.1633,93.4,,40133.0,35672.43913985997,72.78,0,0.33899545632891714
3556453,56.05,745.9719,88.98,,50415.0,69905.64316175741,63.87,1,0.33899545632891714
3556503,48.73,734.8282,90.07,,115771.0,40908.880462291934,58.9,1,0.33899545632891714
3556602,62.72,752.3045,91.21,,10176.0,29756.78066037736,68.3,0,0.33899545632891714
3556701,51.4,739.1863,88.02,,76540.0,192052.05121505097,60.73,1,0.33899545632891714
3556800,63.55,755.4998,92.61,,17414.0,32378.31629723212,68.85,0,0.33899545632891714
3556909,81.39,775.429,91.3,,8109.0,87056.48045381674,80.0,0,0.33899545632891714
3557006,48.87,738.2782,87.57,,127923.0,40724.9204599642,59.0,1,0.33899545632891714
3557105,49.7,740.3038,93.0,,96634.0,47418.12405571537,59.57,1,0.33899545632891714
3557154,38.33,726.6859,91.43,,2692.0,65959.1381872214,51.41,1,0.33899545632891714
3557204,38.04,723.3067,77.08,,12211.0,39081.15633445254,51.19,1,0.33899545632891714
3557303,45.14,723.5655,84.48,,11295.0,47119.25630810093,56.38,1,0.33899545632891714
4100103,56.08,744.9572,87.91,80.0,7241.0,41039.35920452976,63.89,1,0.33899545632891714
4100202,60.08,745.0186,97.4,75.0,6256.0,74668.95780051152,66.55,0,0.33899545632891714
4100301,75.84,759.0548,91.62,153.0,10233.0,27302.648294732728,77.09,0,0.33899545632891714
4100400,52.44,734.6558,83.28,1215.0,119825.0,18715.793866054664,61.44,1,0.33899545632891714
4100459,79.08,757.5531,83.33,50.0,3590.0,32175.20891364902,79.35,0,0.33899545632891714
4100509,70.4,759.6287,81.37,166.0,18742.0,29153.82563226977,73.4,0,0.33899545632891714
4100608,65.0,756.6984,89.45,178.0,13909.0,40453.447408153,69.81,0,0.33899545632891714
4100707,74.73,758.9715,90.0,99.0,9727.0,50230.698056954876,76.32,0,0.33899545632891714
4100806,69.39,747.4416,87.72,100.0,10326.0,42266.414875072645,72.72,0,0.33899545632891714
4100905,71.89,756.5665,81.67,49.0,4762.0,34418.101637967244,74.4,0,0.33899545632891714
4101002,65.51,753.8558,95.45,231.0,19620.0,51028.236493374105,70.15,0,0.33899545632891714
4101051,62.4,749.7609,88.24,30.0,2918.0,42605.55174777245,68.09,0,0.33899545632891714
4101101,65.02,753.6411,95.74,225.0,19878.0,43322.919810846164,69.82,0,0.33899545632891714
4101150,90.09,769.7178,88.06,59.0,3235.0,55572.79752704791,80.0,0,0.33899545632891714
4101200,66.31,751.4321,85.71,222.0,18091.0,55368.691614615,70.68,0,0.33899545632891714
4101309,91.41,767.4676,87.63,85.0,7018.0,40269.44998575093,80.0,0,0.33899545632891714
4101408,82.14,767.9827,89.41,1309.0,130134.0,37146.425991670134,80.0,0,0.33899545632891714
4101507,75.98,759.1378,88.37,1223.0,119138.0,47973.53489230976,77.18,0,0.33899545632891714
4101606,75.42,754.3557,92.67,354.0,25777.0,63347.90704891958,76.8,0,0.33899545632891714
4101655,54.39,745.7157,92.31,36.0,3527.0,43743.97504961724,62.76,1,0.33899545632891714
4101705,76.05,757.2276,87.68,185.0,14485.0,43548.222298929926,77.23,0,0.33899545632891714
4101804,69.52,752.3693,83.16,1807.0,151666.0,224671.6600952092,72.81,0,0.33899545632891714
4101853,75.6,767.0896,92.31,24.0,2329.0,62246.88707599829,76.92,0,0.33899545632891714
4101903,88.72,772.6479,81.37,166.0,13797.0,46183.518156120896,80.0,0,0.33899545632891714
4102000,80.21,767.0779,90.65,378.0,36808.0,55252.41795261899,80.0,0,0.33899545632891714
4102109,79.57,763.7134,89.26,266.0,25475.0,45723.886162904804,79.69,0,0.33899545632891714
4102208,91.91,785.5952,86.0,43.0,3980.0,64008.04020100503,80.0,0,0.33899545632891714
4102307,75.83,758.6733,93.78,226.0,13395.0,97201.64240388204,77.08,0,0.33899545632891714
4102406,75.41,760.0581,88.6,303.0,31273.0,43559.396284334725,76.79,0,0.33899545632891714
4102505,91.0,783.186,95.29,81.0,10795.0,31695.69245020843,80.0,0,0.33899545632891714
4102604,72.57,754.7525,86.09,130.0,9759.0,33128.08689414899,74.86,0,0.33899545632891714
4102703,62.96,747.3695,100.0,27.0,2814.0,66502.48756218905,68.46,0,0.33899545632891714
4102752,76.84,766.9199,100.0,49.0,4031.0,31281.319771768798,77.78,0,0.33899545632891714
4102802,61.05,746.5822,86.98,167.0,14833.0,38026.96689813254,67.2,0,0.33899545632891714
4102901,80.76,764.1367,88.84,199.0,15533.0,42256.93684413829,80.0,0,0.33899545632891714
4103008,93.75,778.0404,92.31,48.0,4558.0,75236.94602896007,80.0,0,0.33899545632891714
4103024,75.0,763.1894,100.0,36.0,2455.0,67222.4032586558,76.51,0,0.33899545632891714
4103040,74.78,759.0772,86.67,65.0,6170.0,72838.5737439222,76.36,0,0.33899545632891714
4103057,72.39,752.442,90.55,115.0,7924.0,28071.30237253912,74.74,0,0.33899545632891714
4103107,49.13,733.2867,89.41,211.0,13299.0,22971.501616662907,59.18,1,0.33899545632891714
4103156,87.35,765.6917,91.55,65.0,3980.0,35783.417085427136,80.0,0,0.33899545632891714
4103206,53.53,742.8611,89.38,101.0,6581.0,33681.50736970065,62.18,1,0.33899545632891714
4103222,82.0,758.6755,94.34,50.0,3202.0,103530.60587133044,80.0,0,0.33899545632891714
4103305,87.15,767.2466,93.9,77.0,7735.0,38327.731092436974,80.0,0,0.33899545632891714
4103354,84.89,772.7008,83.87,52.0,4854.0,53771.52863617634,80.0,0,0.33899545632891714
4103370,74.32,757.4904,94.12,48.0,3708.0,80537.75620280473,76.04,0,0.33899545632891714
4103404,80.11,766.2679,97.3,36.0,2627.0,46262.6570232204,80.0,0,0.33899545632891714
4103453,87.02,774.3104,88.81,254.0,18997.0,142008.42238248145,80.0,0,0.33899545632891714
4103479,55.7,745.8713,90.0,36.0,4473.0,44494.96981891348,63.64,1,0.33899545632891714
4103503,81.85,760.9396,91.85,124.0,8710.0,28817.336394948332,80.0,0,0.33899545632891714
4103602,62.53,748.1364,92.67,278.0,23212.0,42457.004997415126,68.18,0,0.33899545632891714
4103701,79.11,764.1766,86.14,1069.0,107208.0,63159.213864636964,79.37,0,0.33899545632891714
4103800,86.17,777.1146,92.62,138.0,9460.0,36930.97251585624,80.0,0,0.33899545632891714
4103909,80.15,766.3552,94.94,225.0,15723.0,42893.976976403996,80.0,0,0.33899545632891714
4103958,85.54,773.8713,88.89,48.0,3936.0,49573.170731707316,80.0,0,0.33899545632891714
4104006,70.42,752.2106,86.92,698.0,47825.0,60047.40198640879,73.41,0,0.33899545632891714
4104055,72.87,749.9147,81.03,47.0,4027.0,58901.663769555504,75.06,0,0.33899545632891714
4104105,80.36,761.3925,85.37,105.0,7508.0,40846.16409163559,80.0,0,0.33899545632891714
4104204,73.34,757.5647,88.05,1666.0,136327.0,51863.48265567349,75.38,0,0.33899545632891714
4104253,59.84,741.1659,87.67,320.0,30160.0,23228.879310344822,66.39,1,0.33899545632891714
4104303,77.59,762.7495,88.41,1007.0,99432.0,60261.36455064768,78.3,0,0.33899545632891714
4104402,83.34,764.6186,90.0,135.0,15244.0,31175.216478614533,80.0,0,0.33899545632891714
4104428,73.37,758.4029,86.23,213.0,14973.0,60204.968944099375,75.4,0,0.33899545632891714
4104451,65.68,754.352,90.45,199.0,10922.0,35372.18458157846,70.26,0,0.33899545632891714
4104501,78.46,760.2103,92.19,236.0,20481.0,77763.8298911186,78.91,0,0.33899545632891714
4104600,72.97,756.4124,89.69,200.0,14648.0,88764.33642818133,75.13,0,0.33899545632891714
4104659,75.09,757.5369,89.86,257.0,23283.0,85465.61869174936,76.57,0,0.33899545632891714
4104709,73.7,756.1478,88.89,176.0,16905.0,34061.756876663705,75.62,0,0.33899545632891714
4104808,80.11,766.3159,84.77,3056.0,348051.0,55176.33335344533,80.0,0,0.33899545632891714
4104907,74.26,756.8865,91.32,1010.0,73075.0,61820.06158056791,76.0,0,0.33899545632891714
4105003,66.05,749.482,87.8,108.0,10446.0,39602.24009190121,70.5,0,0.33899545632891714
4105102,54.26,746.3238,84.38,108.0,10832.0,34760.43205317578,62.67,1,0.33899545632891714
4105201,54.77,740.7279,86.01,166.0,16134.0,23181.480104127928,63.01,1,0.33899545632891714
4105300,81.6,766.8886,88.67,133.0,11087.0,96562.00956074682,80.0,0,0.33899545632891714
4105409,80.73,759.7119,92.06,197.0,21085.0,56739.8624614655,80.0,0,0.33899545632891714
4105508,79.56,765.6405,91.1,983.0,79527.0,50130.10675619601,79.69,0,0.33899545632891714
4105607,64.72,752.4502,92.26,155.0,11467.0,54113.89203802215,69.62,0,0.33899545632891714
4105706,73.11,756.2827,89.57,206.0,15070.0,60754.8108825481,75.22,0,0.33899545632891714
4105805,64.92,748.6869,78.77,2909.0,232212.0,32853.49163695244,69.76,1,0.33899545632891714
4105904,84.01,767.3023,93.58,248.0,22896.0,51174.3535988819,80.0,0,0.33899545632891714
4106001,68.8,753.5286,77.45,79.0,8320.0,37201.5625,72.33,0,0.33899545632891714
4106100,51.52,739.7846,91.23,52.0,3461.0,48767.697197341804,60.81,1,0.33899545632891714
4106209,78.38,762.5096,90.82,277.0,19128.0,32821.93642827269,78.85,0,0.33899545632891714
4106308,74.62,762.9498,86.78,210.0,17470.0,56867.7733257012,76.25,0,0.33899545632891714
4106407,76.78,759.9813,87.85,405.0,45206.0,52697.4516657081,77.74,0,0.33899545632891714
4106456,78.28,762.7245,77.48,86.0,5649.0,58230.12922641175,78.78,0,0.33899545632891714
4106506,80.52,764.3881,90.82,277.0,23331.0,47552.226651236546,80.0,0,0.33899545632891714
4106555,87.28,775.3475,91.11,41.0,3760.0,27908.244680851065,80.0,0,0.33899545632891714
4106571,81.66,762.6566,90.41,66.0,4133.0,50000.24195499637,80.0,0,0.33899545632891714
4106605,74.06,759.8569,93.07,255.0,23831.0,45708.06932147203,75.87,0,0.33899545632891714
4106803,80.66,764.6504,94.06,190.0,15978.0,31791.46326198523,80.0,0,0.33899545632891714
4106852,95.74,774.6726,89.36,42.0,2892.0,65430.15214384509,80.0,0,0.33899545632891714
4106902,70.41,753.0573,79.42,12720.0,1773718.0,67691.29929334877,73.41,2,0.33899545632891714
4107009,80.2,766.0575,89.66,182.0,13647.0,24397.5965413644,80.0,0,0.33899545632891714
4107108,72.99,755.2315,91.04,61.0,5142.0,80500.3889537145,75.14,0,0.33899545632891714
4107124,69.4,756.2754,79.49,31.0,3171.0,27043.20403658152,72.73,0,0.33899545632891714
4107157,67.21,747.7889,92.19,59.0,4557.0,29513.495720868996,71.27,0,0.33899545632891714
4107207,83.75,769.9942,87.58,536.0,44869.0,58150.90597071474,80.0,0,0.33899545632891714
4107256,50.3,740.2799,95.61,109.0,9161.0,93783.4297565768,59.98,1,0.33899545632891714
4107306,79.12,755.014,94.67,71.0,6327.0,38349.138612296505,79.37,0,0.33899545632891714
4107405,83.61,762.5026,90.32,84.0,5999.0,64920.82013668945,80.0,0,0.33899545632891714
4107504,87.33,774.2993,90.84,119.0,12454.0,56098.44226754457,80.0,0,0.33899545632891714
4107520,42.11,746.1091,95.0,19.0,1849.0,40683.61276365603,54.21,1,0.33899545632891714
4107538,88.83,773.5525,97.62,82.0,4575.0,91973.33333333331,80.0,0,0.33899545632891714
4107546,71.95,756.1117,89.29,50.0,4797.0,42057.95288722118,74.44,0,0.33899545632891714
4107553,75.96,763.8896,92.31,36.0,3039.0,84118.46001974332,77.17,0,0.33899545632891714
4107603,83.44,770.6511,89.23,174.0,16389.0,38140.15498200012,80.0,0,0.33899545632891714
4107652,68.86,750.3662,83.33,1899.0,148873.0,27805.317283859396,72.37,0,0.33899545632891714
4107702,65.16,745.0578,77.78,42.0,4492.0,54235.08459483526,69.92,1,0.33899545632891714
4107736,80.92,764.9956,94.62,88.0,6255.0,51786.09112709832,80.0,0,0.33899545632891714
4107751,82.1,769.586,90.1,91.0,8062.0,23775.98610766559,80.0,0,0.33899545632891714
4107801,77.34,763.777,89.29,50.0,4792.0,64824.70784641068,78.12,0,0.33899545632891714
4107850,85.72,763.6329,92.41,73.0,4364.0,47286.20531622365,80.0,0,0.33899545632891714
4107900,76.39,757.3585,85.96,147.0,10458.0,34828.83916618856,77.47,0,0.33899545632891714
4108007,64.38,749.4558,87.18,102.0,11446.0,54502.18416914206,69.4,0,0.33899545632891714
4108106,62.81,742.8046,87.88,29.0,2652.0,38182.88084464555,68.36,0,0.33899545632891714
4108205,88.15,777.3527,95.83,69.0,7635.0,53117.092337917486,80.0,0,0.33899545632891714
4108304,73.01,757.7494,84.87,3230.0,285415.0,59468.67193385071,75.15,0,0.33899545632891714
4108320,68.71,756.6451,80.7,92.0,8116.0,31307.294233612614,72.27,0,0.33899545632891714
4108403,79.67,762.0057,90.8,1066.0,96666.0,46814.83665404589,79.76,0,0.33899545632891714
4108452,83.19,766.7951,91.03,71.0,4926.0,38120.584652862366,80.0,0,0.33899545632891714
4108502,79.05,760.7799,86.42,140.0,11062.0,39531.18785029832,79.32,0,0.33899545632891714
4108551,94.55,772.5914,90.91,20.0,2977.0,32291.90460194827,80.0,0,0.33899545632891714
4108601,70.49,753.0691,87.47,321.0,28437.0,46969.300559130716,73.46,0,0.33899545632891714
4108650,92.63,783.4881,90.0,81.0,6566.0,47001.5229972586,80.0,0,0.33899545632891714
4108700,65.01,754.796,89.77,79.0,5641.0,31475.802162737105,69.82,0,0.33899545632891714
4108809,63.23,753.1658,89.38,404.0,32097.0,44828.05246596255,68.64,0,0.33899545632891714
4108908,72.56,757.0496,90.82,89.0,6587.0,61458.47882192197,74.85,0,0.33899545632891714
4108957,79.53,761.5665,91.3,105.0,7856.0,45451.12016293279,79.67,0,0.33899545632891714
4109005,87.9,767.2906,87.37,83.0,4626.0,49485.30047557285,80.0,0,0.33899545632891714
4109104,84.38,761.9701,88.89,32.0,2191.0,48463.2587859425,80.0,0,0.33899545632891714
4109203,72.75,758.6178,89.71,61.0,4748.0,40499.368155012635,74.98,0,0.33899545632891714
4109302,80.03,764.5004,84.38,189.0,13735.0,43991.55442300692,80.0,0,0.33899545632891714
4109401,74.41,757.2584,88.14,2475.0,182093.0,54170.74242282788,76.11,0,0.33899545632891714
4109500,70.13,748.7101,73.85,48.0,7430.0,19660.96904441453,73.22,0,0.33899545632891714
4109609,67.35,750.893,85.14,653.0,42062.0,29027.364366886977,71.37,0,0.33899545632891714
4109658,55.98,744.1489,92.39,85.0,4941.0,78227.28192673548,63.82,1,0.33899545632891714
4109708,72.88,756.2671,88.82,294.0,28830.0,42887.85986819285,75.07,0,0.33899545632891714
4109757,72.84,753.3648,80.25,65.0,6218.0,33465.90543583146,75.04,0,0.33899545632891714
4109807,73.36,756.1281,85.03,608.0,51603.0,78248.45454721626,75.39,0,0.33899545632891714
4109906,73.26,757.918,94.79,91.0,8991.0,36603.93727060394,75.32,0,0.33899545632891714
4110003,50.91,739.8458,71.91,64.0,5338.0,50048.33270887973,60.4,1,0.33899545632891714
4110052,74.1,762.5876,,16.0,2144.0,44212.22014925373,50.31,0,0.33899545632891714
4110078,71.92,759.56,86.89,179.0,14249.0,22490.77128219524,74.42,0,0.33899545632891714
4110102,80.43,761.1571,89.34,394.0,29924.0,50241.21106803903,80.0,0,0.33899545632891714
4110201,73.43,756.5224,83.33,120.0,9670.0,25847.88004136505,75.44,0,0.33899545632891714
4110300,73.73,770.5084,84.38,27.0,2536.0,30062.697160883283,75.64,0,0.33899545632891714
4110409,80.01,763.2394,95.18,79.0,4448.0,173682.5539568345,80.0,0,0.33899545632891714
4110508,88.2,774.7825,93.06,161.0,14142.0,54879.36642624806,80.0,0,0.33899545632891714
4110607,64.15,747.2207,89.92,116.0,15746.0,53982.40823066176,69.25,0,0.33899545632891714
4110656,92.86,782.9234,100.0,18.0,2343.0,53804.95091762698,80.0,0,0.33899545632891714
4110706,82.74,766.9048,92.49,714.0,59250.0,47529.856540084395,80.0,0,0.33899545632891714
4110805,87.59,768.4744,89.55,120.0,10684.0,38330.962186447025,80.0,0,0.33899545632891714
4110904,59.34,740.157,91.04,61.0,4481.0,36664.80696273153,66.06,1,0.33899545632891714
4110953,86.91,774.6716,86.74,157.0,11485.0,49349.23813670004,80.0,0,0.33899545632891714
4111001,79.12,751.94,78.18,43.0,5908.0,47300.77860528097,79.37,0,0.33899545632891714
4111100,89.72,770.7638,92.31,48.0,6111.0,45168.05760104729,80.0,0,0.33899545632891714
4111209,75.48,758.8189,92.59,175.0,12344.0,78624.837977965,76.84,0,0.33899545632891714
4111258,56.44,741.2966,90.23,471.0,31217.0,25618.028638241984,64.13,1,0.33899545632891714
4111308,77.38,757.1074,89.74,35.0,3572.0,42504.19932810751,78.15,0,0.33899545632891714
4111407,84.6,764.5959,93.71,164.0,13229.0,53751.07717892509,80.0,0,0.33899545632891714
4111506,66.58,751.7725,76.85,229.0,32720.0,34910.33007334963,70.86,0,0.33899545632891714
4111555,84.34,769.38,92.71,89.0,6831.0,41052.5545308154,80.0,0,0.33899545632891714
4111605,78.82,762.545,96.55,28.0,2708.0,61748.522895125556,79.16,0,0.33899545632891714
4111704,82.7,770.8768,93.22,55.0,5427.0,28851.299060254285,80.0,0,0.33899545632891714
4111803,55.12,741.6287,86.27,402.0,40375.0,48470.414860681114,63.25,1,0.33899545632891714
4111902,76.25,757.9259,87.39,208.0,15122.0,96050.98531940217,77.37,0,0.33899545632891714
4112009,80.92,764.4085,88.67,446.0,35141.0,58693.12199425173,80.0,0,0.33899545632891714
4112108,76.99,764.6892,92.54,186.0,21408.0,44978.699551569516,77.88,0,0.33899545632891714
4112207,82.58,765.5925,86.67,52.0,5870.0,57397.78534923338,80.0,0,0.33899545632891714
4112306,75.69,756.2353,87.69,57.0,4972.0,34179.40466613033,76.98,0,0.33899545632891714
4112405,73.42,762.1406,92.38,97.0,9144.0,48327.53718285214,75.43,0,0.33899545632891714
4112504,61.2,745.9789,87.2,109.0,12004.0,35358.96367877374,67.3,0,0.33899545632891714
4112702,62.4,751.3364,87.43,153.0,11813.0,25520.18962160332,68.09,0,0.33899545632891714
4112751,85.83,760.0305,90.48,57.0,10506.0,52977.917380544444,80.0,0,0.33899545632891714
4112801,85.53,772.5535,88.08,170.0,11945.0,73021.85014650483,80.0,0,0.33899545632891714
4112900,56.84,750.7885,87.76,43.0,3333.0,47213.02130213021,64.4,1,0.33899545632891714
4112959,59.77,748.1677,85.71,60.0,7771.0,63966.928323253116,66.35,0,0.33899545632891714
4113007,72.27,763.8924,95.92,94.0,6690.0,55375.934230194325,74.65,0,0.33899545632891714
4113205,81.08,761.3108,92.77,590.0,45003.0,58830.87794147057,80.0,0,0.33899545632891714
4113254,58.83,742.0041,,69.0,5600.0,22407.67857142857,52.96,1,0.33899545632891714
4113304,72.14,758.5406,88.55,487.0,32227.0,38195.426195426204,74.57,0,0.33899545632891714
4113403,91.11,772.6212,85.71,36.0,3752.0,60265.991471215355,80.0,0,0.33899545632891714
4113429,92.58,784.523,100.0,27.0,3938.0,37287.20162519044,80.0,0,0.33899545632891714
4113452,86.49,780.7341,93.75,60.0,5175.0,48126.95652173913,80.0,0,0.33899545632891714
4113502,72.42,758.1921,93.08,296.0,23225.0,39155.39289558666,74.76,0,0.33899545632891714
4113601,61.87,752.5845,85.45,47.0,4601.0,72455.5531406216,67.74,0,0.33899545632891714
4113700,73.87,759.754,85.7,4963.0,555965.0,50362.04976932001,75.74,0,0.33899545632891714
4113734,85.27,775.2046,82.14,69.0,6690.0,89587.59342301944,80.0,0,0.33899545632891714
4113759,57.46,743.4052,95.0,57.0,4872.0,30231.937602627255,64.81,0,0.33899545632891714
4113809,86.97,768.308,89.66,26.0,4813.0,34250.15582796592,80.0,0,0.33899545632891714
4113908,82.55,771.9721,95.57,151.0,13428.0,72484.06315162347,80.0,0,0.33899545632891714
4114005,93.95,786.6633,73.19,101.0,13452.0,63873.10437109724,80.0,0,0.33899545632891714
4114104,60.15,744.0782,81.61,324.0,31457.0,31643.513367453987,66.6,1,0.33899545632891714
4114203,85.06,769.0331,92.47,430.0,36716.0,79434.03420851944,80.0,0,0.33899545632891714
4114302,79.38,760.2353,88.51,339.0,27439.0,29207.80640693903,79.56,0,0.33899545632891714
4114351,91.01,778.0819,81.48,22.0,2770.0,37689.16967509025,80.0,0,0.33899545632891714
4114401,72.22,756.3251,83.33,240.0,16603.0,112613.08197313738,74.62,0,0.33899545632891714
4114500,67.7,755.1001,93.38,141.0,14240.0,46081.1797752809,71.6,0,0.33899545632891714
4114609,75.3,759.0326,90.0,666.0,55836.0,70187.8178952647,76.71,0,0.33899545632891714
4114708,64.7,746.8178,85.92,61.0,5865.0,30077.919863597614,69.61,0,0.33899545632891714
4114807,73.24,755.9471,91.54,487.0,41851.0,70837.49492246303,75.31,0,0.33899545632891714
4114906,72.1,756.3281,88.29,98.0,8677.0,58806.96093119742,74.54,0,0.33899545632891714
4115002,84.46,758.4146,94.5,103.0,7253.0,32708.81014752516,80.0,0,0.33899545632891714
4115101,62.44,748.0622,87.57,148.0,9847.0,41023.35736772621,68.12,0,0.33899545632891714
4115200,80.49,765.7563,86.64,3527.0,409657.0,67903.99285255713,80.0,0,0.33899545632891714
4115309,76.4,756.2266,85.42,82.0,6371.0,86961.85842097002,77.47,0,0.33899545632891714
4115358,80.97,764.6375,84.48,98.0,6555.0,81721.28146453088,80.0,0,0.33899545632891714
4115408,78.32,762.3192,94.76,199.0,15901.0,46437.51965285202,78.81,0,0.33899545632891714
4115457,73.99,758.7877,92.0,46.0,4515.0,29896.345514950168,75.82,0,0.33899545632891714
4115507,57.66,749.447,88.89,56.0,4699.0,28583.31559906363,64.95,1,0.33899545632891714
4115606,73.52,755.6837,82.9,223.0,18450.0,78092.95392953929,75.5,0,0.33899545632891714
4115705,70.38,756.918,78.32,502.0,39259.0,29246.924272141416,73.39,0,0.33899545632891714
4115739,70.01,746.8956,,37.0,3267.0,48162.84052647689,,0,0.33899545632891714
4115754,81.13,767.6548,92.98,159.0,9383.0,56187.99957369711,80.0,0,0.33899545632891714
4115804,79.22,765.9548,85.15,671.0,54369.0,55318.21442366054,79.45,0,0.33899545632891714
4115853,91.25,784.4971,94.12,80.0,5931.0,52582.869667846906,80.0,0,0.33899545632891714
4115903,70.36,766.2604,85.29,29.0,2238.0,79981.6800714924,73.37,0,0.33899545632891714
4116059,88.67,775.8259,90.13,137.0,11064.0,44894.0708604483,80.0,0,0.33899545632891714
4116109,79.33,772.4191,89.39,118.0,11175.0,34192.214765100674,79.52,0,0.33899545632891714
4116208,68.42,748.6868,83.84,192.0,18309.0,29204.871920913207,72.08,0,0.33899545632891714
4116307,53.23,751.2884,91.84,45.0,3951.0,44713.49025563149,61.98,1,0.33899545632891714
4116406,79.15,770.2633,81.36,48.0,3669.0,34590.62414826928,79.4,0,0.33899545632891714
4116505,38.1,738.6929,95.45,21.0,1323.0,53845.80498866213,51.24,1,0.33899545632891714
4116604,62.54,747.4642,92.5,37.0,3280.0,32956.40243902439,68.18,0,0.33899545632891714
4116703,82.25,775.8657,85.07,114.0,13765.0,75613.00399564109,80.0,0,0.33899545632891714
4116802,79.5,763.4122,86.87,86.0,6790.0,50327.68777614138,79.64,0,0.33899545632891714
4116901,74.13,757.2889,88.48,238.0,26585.0,47150.57363174722,75.92,0,0.33899545632891714
4116950,97.38,779.4503,88.61,70.0,5597.0,35513.6680364481,80.0,0,0.33899545632891714
4117008,81.68,764.0276,87.64,78.0,7225.0,45319.44636678201,80.0,0,0.33899545632891714
4117057,77.48,755.0554,88.1,74.0,12074.0,31337.75053834686,78.22,0,0.33899545632891714
4117107,77.67,765.0869,87.5,175.0,12923.0,55592.199953571166,78.35,0,0.33899545632891714
4117206,79.22,764.5022,87.88,58.0,5833.0,22756.900394308246,79.45,0,0.33899545632891714
4117214,84.94,756.3704,80.39,41.0,4184.0,31455.30592734225,80.0,0,0.33899545632891714
4117222,77.8,764.0055,87.84,130.0,8322.0,58192.14131218456,78.45,0,0.33899545632891714
4117255,80.81,761.5121,91.16,134.0,12699.0,44107.72501771793,80.0,0,0.33899545632891714
4117271,89.19,772.7777,93.22,55.0,6848.0,34638.142523364484,80.0,0,0.33899545632891714
4117297,87.42,772.0535,92.11,35.0,3125.0,39975.36,80.0,0,0.33899545632891714
4117305,62.63,745.2448,87.22,273.0,24192.0,148489.9966931217,68.24,0,0.33899545632891714
4117404,88.82,766.3666,89.36,42.0,3187.0,58541.88892375275,80.0,0,0.33899545632891714
4117453,86.73,771.8569,91.84,90.0,6785.0,43793.220338983054,80.0,0,0.33899545632891714
4117503,68.48,752.8342,86.4,667.0,45962.0,29205.909229363384,72.12,0,0.33899545632891714
4117602,55.66,741.0786,83.73,710.0,48247.0,35819.05610711547,63.61,1,0.33899545632891714
4117701,71.64,753.7017,92.1,408.0,33855.0,65573.85910500665,74.23,0,0.33899545632891714
4117800,74.27,758.6049,83.54,132.0,13033.0,31211.61666538786,76.01,0,0.33899545632891714
4117909,69.03,753.9127,83.89,380.0,35011.0,105626.66019251091,72.48,0,0.33899545632891714
4118006,74.89,763.656,91.36,148.0,13245.0,40273.839184597964,76.43,0,0.33899545632891714
4118105,83.27,768.4063,90.07,127.0,9557.0,54160.19671445015,80.0,0,0.33899545632891714
4118204,61.91,748.1479,80.7,1351.0,145829.0,104860.50785509056,67.77,1,0.33899545632891714
4118303,59.18,743.9256,97.5,39.0,2398.0,37022.93577981652,65.96,0,0.33899545632891714
4118402,80.45,766.6178,87.09,897.0,92001.0,45540.42890838143,80.0,0,0.33899545632891714
4118451,90.47,779.5377,89.89,80.0,5733.0,47051.1076225362,80.0,0,0.33899545632891714
4118501,78.22,759.7702,87.04,1001.0,91836.0,63350.929918550464,78.74,0,0.33899545632891714
4118600,77.55,759.3757,90.59,77.0,5666.0,86221.67313801624,78.27,0,0.33899545632891714
4118709,90.71,770.9771,94.44,85.0,6343.0,74705.18682011667,80.0,0,0.33899545632891714
4118808,69.48,757.6207,90.05,172.0,13346.0,39764.19901093961,72.78,0,0.33899545632891714
4118857,57.6,747.0556,93.88,92.0,7189.0,49373.7654750313,64.91,0,0.33899545632891714
4118907,78.4,758.2335,94.23,147.0,11878.0,30647.078632766454,78.87,0,0.33899545632891714
4119004,88.85,763.4324,94.92,56.0,6221.0,43479.66564860954,80.0,0,0.33899545632891714
4119103,85.9,769.9929,92.54,186.0,13655.0,62484.43793482241,80.0,0,0.33899545632891714
4119152,62.74,744.3663,85.19,1334.0,127019.0,77567.93078200899,68.31,0,0.33899545632891714
4119202,73.96,761.5535,83.53,71.0,6566.0,38365.976241242766,75.8,0,0.33899545632891714
4119251,91.12,775.6591,94.29,33.0,2761.0,29737.051792828686,80.0,0,0.33899545632891714
4119301,61.89,747.6844,89.72,445.0,29886.0,61938.96807869906,67.75,0,0.33899545632891714
4119400,72.99,752.8977,89.16,288.0,23651.0,60939.32603272588,75.14,0,0.33899545632891714
4119509,58.33,740.8072,87.05,1163.0,118730.0,16015.573149161964,65.39,1,0.33899545632891714
4119608,72.99,755.9737,93.27,416.0,33678.0,43017.5188550389,75.14,0,0.33899545632891714
4119657,94.13,790.1281,94.29,33.0,3046.0,52716.02101116218,80.0,0,0.33899545632891714
4119707,79.79,764.6725,94.74,72.0,4070.0,36742.01474201473,79.85,0,0.33899545632891714
4119806,87.64,767.7039,90.0,135.0,14374.0,36597.18936969528,80.0,0,0.33899545632891714
4119905,75.79,757.4976,85.17,2625.0,358371.0,71387.82155922215,77.05,0,0.33899545632891714
4119954,71.19,755.7916,81.29,391.0,30425.0,26613.245686113394,73.93,0,0.33899545632891714
4120002,74.34,758.5511,97.78,88.0,11624.0,63054.71438403303,76.06,0,0.33899545632891714
4120101,69.78,757.0283,90.63,58.0,4098.0,95573.93850658857,72.98,0,0.33899545632891714
4120150,100.0,790.4418,93.94,31.0,3110.0,54394.85530546624,80.0,0,0.33899545632891714
4120200,60.4,746.3237,86.79,46.0,3182.0,48076.68133249529,66.77,0,0.33899545632891714
4120309,84.62,771.9886,94.34,50.0,3562.0,27608.36608646828,80.0,0,0.33899545632891714
4120333,76.64,761.5681,88.1,74.0,3709.0,56067.67322728498,77.64,0,0.33899545632891714
4120358,84.27,773.2517,95.06,77.0,5737.0,66007.84382081227,80.0,0,0.33899545632891714
4120408,76.24,755.5842,90.2,46.0,4336.0,45464.944649446494,77.36,0,0.33899545632891714
4120507,51.44,733.1392,79.8,79.0,10082.0,45871.4540765721,60.76,1,0.33899545632891714
4120606,82.7,765.4258,89.36,546.0,49393.0,38587.30994270443,80.0,0,0.33899545632891714
4120655,79.88,770.179,94.74,54.0,4201.0,97362.29469174007,79.91,0,0.33899545632891714
4120705,91.58,773.3821,91.09,92.0,8099.0,30189.776515619207,80.0,0,0.33899545632891714
4120804,66.78,749.934,86.02,283.0,24191.0,96572.3202844033,70.99,0,0.33899545632891714
4120853,91.8,785.8465,91.04,61.0,4480.0,68554.01785714286,80.0,0,0.33899545632891714
4120903,71.7,755.6685,90.85,407.0,30738.0,62721.87520333137,74.27,0,0.33899545632891714
4121000,45.28,737.3223,91.57,163.0,10685.0,32030.322882545624,56.48,1,0.33899545632891714
4121109,76.75,768.1272,90.14,64.0,5001.0,62978.004399120175,77.71,0,0.33899545632891714
4121208,71.76,757.2474,93.52,231.0,18398.0,32311.066420263072,74.31,0,0.33899545632891714
4121257,88.1,764.3979,92.19,59.0,4221.0,29989.339019189763,80.0,0,0.33899545632891714
4121307,77.01,758.884,77.27,34.0,3512.0,56141.799544419126,77.9,0,0.33899545632891714
4121356,78.04,755.2329,90.24,37.0,2618.0,90008.40336134454,78.61,0,0.33899545632891714
4121406,88.32,769.9501,90.83,208.0,19247.0,49825.27147087858,80.0,0,0.33899545632891714
4121505,86.33,768.5743,91.36,222.0,14514.0,43802.6732809701,80.0,0,0.33899545632891714
4121604,70.83,750.5876,81.61,71.0,6845.0,67212.85609934258,73.69,0,0.33899545632891714
4121703,72.87,760.0019,84.1,312.0,24573.0,31106.1327473243,75.06,0,0.33899545632891714
4121752,77.91,763.0927,89.51,128.0,6553.0,39346.71142987944,78.52,0,0.33899545632891714
4121802,74.58,761.9358,94.77,145.0,12364.0,49315.83629893238,76.22,0,0.33899545632891714
4121901,86.67,772.3425,93.04,147.0,13060.0,37360.87289433385,80.0,0,0.33899545632891714
4122008,89.62,772.3185,92.59,150.0,14025.0,71086.77361853833,80.0,0,0.33899545632891714
4122107,94.5,779.7334,90.0,27.0,3197.0,37164.529246168284,80.0,0,0.33899545632891714
4122156,81.41,769.439,88.0,176.0,13929.0,36921.88958288463,80.0,0,0.33899545632891714
4122172,69.75,751.475,89.66,52.0,3808.0,45877.100840336134,72.96,0,0.33899545632891714
4122206,62.29,745.8263,81.87,456.0,37558.0,49279.1415943341,68.02,1,0.33899545632891714
4122305,85.17,769.4117,92.43,415.0,31324.0,46487.19831439152,80.0,0,0.33899545632891714
4122404,73.4,760.1412,90.42,897.0,71670.0,64220.7897307102,75.42,0,0.33899545632891714
4122503,83.73,768.164,89.68,113.0,11251.0,56837.08114834237,80.0,0,0.33899545632891714
4122602,68.42,753.6192,94.29,99.0,9097.0,59221.28174123337,72.08,0,0.33899545632891714
4122651,69.4,760.2286,96.08,49.0,5435.0,30660.165593376263,72.73,0,0.33899545632891714
4122701,81.51,771.4367,87.5,119.0,8822.0,84033.66583541148,80.0,0,0.33899545632891714
4122800,89.42,776.4949,86.57,58.0,4075.0,35480.0,80.0,0,0.33899545632891714
4122909,64.52,749.4939,84.13,53.0,5192.0,23913.71340523883,69.49,0,0.33899545632891714
4123006,85.46,769.5168,91.37,180.0,15223.0,41283.1899100046,80.0,0,0.33899545632891714
4123105,100.0,785.6073,97.3,36.0,3394.0,41703.594578668235,80.0,0,0.33899545632891714
4123204,87.42,774.4977,97.44,38.0,3365.0,53243.98216939079,80.0,0,0.33899545632891714
4123303,85.79,767.2389,95.28,101.0,8613.0,44952.39753860444,80.0,0,0.33899545632891714
4123402,58.68,748.8597,90.0,126.0,11378.0,39541.74723149937,65.62,0,0.33899545632891714
4123501,79.21,763.8691,89.27,366.0,25492.0,64374.86270202416,79.44,0,0.33899545632891714
4123600,96.75,765.2792,92.31,24.0,1748.0,48715.67505720824,80.0,0,0.33899545632891714
4123709,84.22,765.0223,88.29,98.0,8912.0,32954.66786355476,80.0,0,0.33899545632891714
4123808,82.42,764.1399,93.33,126.0,14070.0,36537.242359630414,80.0,0,0.33899545632891714
4123824,79.5,774.7545,76.74,33.0,3644.0,43410.537870472006,79.64,0,0.33899545632891714
4123857,76.25,756.341,89.91,98.0,10031.0,35195.49396869704,77.37,0,0.33899545632891714
4123907,73.65,754.093,88.89,96.0,11066.0,44999.18669799384,75.59,0,0.33899545632891714
4123956,78.67,759.5242,88.89,48.0,3356.0,34407.330154946365,79.06,0,0.33899545632891714
4124004,78.27,758.633,90.79,69.0,5514.0,33377.2216177004,78.78,0,0.33899545632891714
4124020,73.31,759.9618,80.97,183.0,13174.0,54145.66570517686,75.36,0,0.33899545632891714
4124053,81.3,768.5016,88.19,254.0,24262.0,31536.724095293048,80.0,0,0.33899545632891714
4124103,60.4,745.487,90.18,606.0,44369.0,41422.70504180847,66.77,0,0.33899545632891714
4124202,82.83,753.9795,92.11,35.0,2493.0,28089.45046129161,80.0,0,0.33899545632891714
4124301,82.31,759.6667,94.44,17.0,2125.0,54023.05882352941,80.0,0,0.33899545632891714
4124400,79.51,767.3486,92.05,243.0,23673.0,33999.32412453005,79.65,0,0.33899545632891714
4124509,91.05,771.0423,93.55,87.0,6181.0,135370.8137841773,80.0,0,0.33899545632891714
4124608,78.29,767.716,95.28,101.0,6587.0,86205.55639896769,78.79,0,0.33899545632891714
4124707,81.2,754.3965,83.02,88.0,10830.0,32253.554939981528,80.0,0,0.33899545632891714
4124806,87.03,772.9093,90.0,144.0,11886.0,102656.73902069664,80.0,0,0.33899545632891714
4124905,93.33,777.7432,98.89,89.0,5586.0,34310.060866451844,80.0,0,0.33899545632891714
4125001,61.46,746.0972,82.61,76.0,10667.0,38494.14080809976,67.47,1,0.33899545632891714
4125100,78.58,764.3943,89.51,128.0,13726.0,63813.71120501239,78.99,0,0.33899545632891714
4125209,88.28,769.6735,85.95,104.0,9378.0,56677.43655363617,80.0,0,0.33899545632891714
4125308,82.98,761.1563,86.79,46.0,5168.0,80750.0,80.0,0,0.33899545632891714
4125357,74.33,764.0222,94.67,71.0,6504.0,28172.20172201722,76.05,0,0.33899545632891714
4125407,80.7,764.51,88.0,66.0,6040.0,38516.72185430464,80.0,0,0.33899545632891714
4125456,83.2,766.2017,91.38,53.0,3957.0,27716.451857467775,80.0,0,0.33899545632891714
4125506,67.19,748.7592,78.98,3014.0,329628.0,103019.05177958185,71.26,0,0.33899545632891714
4125555,95.44,775.9308,92.0,23.0,2138.0,38835.36014967259,80.0,0,0.33899545632891714
4125605,83.07,766.0506,87.9,436.0,42366.0,45653.165274040504,80.0,0,0.33899545632891714
4125704,73.58,754.6173,90.55,345.0,29122.0,50972.18597623789,75.54,0,0.33899545632891714
4125753,74.73,757.7026,88.61,70.0,5784.0,46313.45089903181,76.32,0,0.33899545632891714
4125803,83.61,766.3489,97.83,90.0,8690.0,52135.5581127733,80.0,0,0.33899545632891714
4125902,71.94,755.0155,97.73,43.0,2661.0,41822.99887260428,74.43,0,0.33899545632891714
4126009,82.79,774.264,97.47,77.0,8063.0,34425.027905246185,80.0,0,0.33899545632891714
4126108,88.97,774.4146,95.18,79.0,5232.0,42277.14067278288,80.0,0,0.33899545632891714
4126207,73.32,762.0049,84.09,74.0,6695.0,27337.266616878267,75.36,0,0.33899545632891714
4126256,57.98,744.177,85.75,1498.0,118455.0,20249.79950192056,65.16,1,0.33899545632891714
4126272,92.53,772.922,90.09,100.0,6108.0,187201.5389652914,80.0,0,0.33899545632891714
4126306,80.66,766.303,93.19,219.0,17270.0,40007.18008106543,80.0,0,0.33899545632891714
4126405,92.04,783.8894,87.76,43.0,5616.0,82925.92592592593,80.0,0,0.33899545632891714
4126504,66.76,753.2755,89.93,134.0,15930.0,54232.956685499055,70.98,0,0.33899545632891714
4126603,85.7,770.1472,92.0,299.0,22811.0,37311.867081671124,80.0,0,0.33899545632891714
4126652,64.36,748.1532,88.57,31.0,3440.0,55517.1511627907,69.39,0,0.33899545632891714
4126678,73.85,756.4199,82.14,115.0,10707.0,44325.76818903521,75.72,0,0.33899545632891714
4126702,47.6,736.9229,89.66,52.0,4880.0,37734.63114754099,58.11,1,0.33899545632891714
4126801,69.39,754.1815,87.39,194.0,15869.0,46073.665637406266,72.72,0,0.33899545632891714
4126900,90.52,772.1797,86.67,39.0,5745.0,32674.32550043516,80.0,0,0.33899545632891714
4127007,77.31,758.7746,95.17,138.0,9547.0,66312.244684194,78.1,0,0.33899545632891714
4127106,63.2,749.9869,86.34,904.0,75042.0,85411.16974494283,68.62,0,0.33899545632891714
4127205,85.98,775.4252,90.35,206.0,17568.0,40409.949908925315,80.0,0,0.33899545632891714
4127304,69.02,757.5207,90.81,168.0,14842.0,36352.64789111979,72.48,0,0.33899545632891714
4127403,68.55,754.6741,91.53,227.0,18119.0,50852.696064904245,72.16,0,0.33899545632891714
4127502,77.76,759.7313,84.83,274.0,19961.0,72572.71679775562,78.42,0,0.33899545632891714
4127601,78.76,756.0926,92.66,265.0,17621.0,31449.69070994836,79.12,0,0.33899545632891714
4127700,79.58,767.0897,87.51,1570.0,150470.0,63192.47690569549,79.7,0,0.33899545632891714
4127809,91.65,777.7732,84.51,60.0,8426.0,41593.28269641586,80.0,0,0.33899545632891714
4127858,79.37,762.3064,90.34,131.0,11135.0,40731.926358329605,79.55,0,0.33899545632891714
4127882,63.46,746.1273,91.74,100.0,6219.0,22908.345393150023,68.79,0,0.33899545632891714
4127908,71.46,754.8392,94.07,127.0,8067.0,36881.2445766704,74.11,0,0.33899545632891714
4127957,70.71,759.6979,88.1,74.0,8077.0,64431.967314597,73.61,0,0.33899545632891714
4127965,82.63,766.2181,94.21,244.0,14231.0,49038.718291054734,80.0,0,0.33899545632891714
4128005,85.59,770.3063,94.22,261.0,24749.0,86060.93175481838,80.0,0,0.33899545632891714
4128104,64.14,745.4271,87.89,1038.0,117095.0,43528.7245399035,69.24,0,0.33899545632891714
4128203,74.94,756.6447,85.02,596.0,55033.0,40400.72320244217,76.47,0,0.33899545632891714
4128302,60.23,750.1147,89.66,26.0,2136.0,61640.91760299625,66.65,0,0.33899545632891714
4128401,76.55,758.6609,86.67,104.0,10406.0,37963.96309821257,77.58,0,0.33899545632891714
4128500,81.05,763.9917,90.8,237.0,19188.0,39986.241400875544,80.0,0,0.33899545632891714
4128534,74.1,760.3493,84.03,121.0,9681.0,39126.536514822845,75.89,0,0.33899545632891714
4128559,52.37,739.311,72.04,67.0,8215.0,40852.951917224585,61.39,1,0.33899545632891714
4128609,81.02,759.8352,93.1,81.0,7932.0,76503.7821482602,80.0,0,0.33899545632891714
4128625,,,,0.0,3055.0,48366.61211129297,70.28,0,0.33899545632891714
4128633,76.32,763.5057,78.33,47.0,5697.0,20387.39687554853,77.42,0,0.33899545632891714
4128658,78.69,763.3744,91.03,71.0,3811.0,63389.923904487005,79.07,0,0.33899545632891714
4128708,71.38,751.144,89.06,114.0,9706.0,65013.9089223161,74.06,0,0.33899545632891714
4128807,73.84,752.5979,98.84,85.0,5798.0,23887.20248361504,75.72,0,0.33899545632891714
4200051,72.06,756.8225,75.76,25.0,2598.0,44643.95688991532,74.51,0,0.33899545632891714
4200101,64.82,746.6542,77.62,215.0,17392.0,62434.33762649494,69.69,1,0.33899545632891714
4200200,81.23,761.3282,80.11,145.0,10990.0,45141.947224749776,80.0,0,0.33899545632891714
4200309,75.87,754.5174,,54.0,6055.0,46144.67382328654,,0,0.33899545632891714
4200408,64.75,749.4372,83.93,94.0,6508.0,114906.57652120468,69.64,0,0.33899545632891714
4200507,72.27,752.3914,83.87,26.0,6036.0,39866.302186878725,74.65,0,0.33899545632891714
4200556,42.78,726.6902,92.59,50.0,2839.0,64576.259246213456,54.69,1,0.33899545632891714
4200606,81.28,767.2205,79.65,90.0,6743.0,41790.3010529438,80.0,0,0.33899545632891714
4200705,42.9,741.0414,,78.0,10481.0,39575.135960309126,,1,0.33899545632891714
4200754,87.39,765.7441,94.12,16.0,1856.0,50653.01724137931,80.0,0,0.33899545632891714
4200804,77.52,764.3034,91.3,42.0,5943.0,43981.99562510516,78.25,0,0.33899545632891714
4201000,66.05,754.1536,84.15,69.0,8285.0,30354.97887748944,70.5,0,0.33899545632891714
4201208,74.47,760.4576,87.1,135.0,11224.0,103625.44547398432,76.15,0,0.33899545632891714
4201257,63.67,746.2521,83.33,110.0,9811.0,52044.64376720008,68.93,0,0.33899545632891714
4201273,79.39,756.709,88.71,55.0,4378.0,91494.06121516674,79.57,0,0.33899545632891714
4201307,51.84,737.4734,,745.0,45283.0,218625.9744274893,,0,0.33899545632891714
4201406,50.65,741.2467,,250.0,71922.0,42033.035788771165,,1,0.33899545632891714
4201505,70.51,758.1356,81.19,82.0,8834.0,38902.87525469776,73.47,0,0.33899545632891714
4201604,92.0,790.0055,91.43,32.0,3556.0,43390.60742407199,80.0,0,0.33899545632891714
4201703,81.99,765.2671,90.63,29.0,8319.0,37889.40978482991,80.0,0,0.33899545632891714
4201802,71.12,752.6788,96.88,31.0,3227.0,45477.22342733189,73.88,0,0.33899545632891714
4201950,43.72,730.7152,,163.0,15820.0,19096.14412136536,,1,0.33899545632891714
4202057,60.27,745.7353,75.45,166.0,14912.0,21567.127145922746,66.68,1,0.33899545632891714
4202073,51.47,733.5737,,121.0,15669.0,19712.106707511648,55.1,1,0.33899545632891714
4202081,70.12,761.7307,78.0,39.0,3144.0,41418.57506361322,73.21,0,0.33899545632891714
4202107,47.47,733.5764,,564.0,45369.0,54409.508695364675,,1,0.33899545632891714
4202131,86.2,763.6815,85.9,67.0,5872.0,47298.19482288828,80.0,0,0.33899545632891714
4202156,72.9,762.8579,94.12,32.0,2658.0,32373.965387509408,75.08,0,0.33899545632891714
4202206,61.4,748.5043,88.0,44.0,10520.0,47226.615969581755,67.43,0,0.33899545632891714
4202305,38.76,727.2913,,305.0,76773.0,45892.67060034128,,1,0.33899545632891714
4202404,63.89,749.6901,82.11,2308.0,361261.0,68847.50914159016,69.08,0,0.33899545632891714
4202438,39.12,736.6347,78.26,54.0,3515.0,41275.67567567568,52.0,1,0.33899545632891714
4202453,60.82,746.2706,,352.0,25058.0,47045.57426769894,,0,0.33899545632891714
4202503,40.62,721.6466,94.12,32.0,4026.0,84150.02483854942,53.12,1,0.33899545632891714
4202537,64.67,750.7291,83.61,51.0,2777.0,67645.6607850198,69.59,0,0.33899545632891714
4202578,73.31,758.4104,96.88,31.0,2187.0,47358.02469135801,75.36,0,0.33899545632891714
4202602,32.45,719.1266,81.33,61.0,8418.0,53987.88310762651,46.81,1,0.33899545632891714
4202701,69.33,756.6249,78.13,50.0,5363.0,103335.63304120828,72.68,0,0.33899545632891714
4202800,60.64,746.0532,78.77,282.0,33773.0,65020.43052142244,66.93,1,0.33899545632891714
4202859,62.17,744.1615,87.88,58.0,4026.0,68011.92250372579,67.94,0,0.33899545632891714
4202875,66.67,766.8343,85.71,12.0,2489.0,57760.546404178385,70.92,0,0.33899545632891714
4202909,68.68,754.0229,79.64,896.0,141385.0,78307.70590939633,72.25,0,0.33899545632891714
4203006,69.87,754.2761,77.52,607.0,73720.0,72913.19858925664,73.04,0,0.33899545632891714
4203105,75.47,754.2642,79.55,35.0,6304.0,60600.72969543147,76.83,0,0.33899545632891714
4203154,62.96,746.6564,88.24,75.0,3443.0,39260.238164391514,68.46,0,0.33899545632891714
4203303,66.48,750.7298,86.81,158.0,12501.0,69807.61539076874,70.79,0,0.33899545632891714
4203402,41.77,725.7362,92.5,37.0,7257.0,55322.58509025768,53.96,1,0.33899545632891714
4203501,60.89,747.7372,78.98,124.0,9623.0,55296.58110776265,67.09,1,0.33899545632891714
4203600,64.29,754.1445,78.76,267.0,36932.0,93600.50904364778,69.34,0,0.33899545632891714
4203709,59.28,745.937,76.88,133.0,12821.0,32190.000779970364,66.02,1,0.33899545632891714
4203808,73.93,758.8946,84.43,412.0,55016.0,50160.82594154428,75.78,0,0.33899545632891714
4203907,72.28,756.8255,84.36,259.0,23314.0,63590.718023505186,74.66,0,0.33899545632891714
4203956,51.47,740.2227,,163.0,23975.0,28739.06152241919,,1,0.33899545632891714
4204004,68.3,755.9966,85.9,134.0,10566.0,64036.6269165247,72.0,0,0.33899545632891714
4204103,69.54,754.8766,89.04,65.0,4614.0,53824.01387082791,72.82,0,0.33899545632891714
4204152,77.35,756.407,92.86,39.0,2805.0,34398.2174688057,78.13,0,0.33899545632891714
4204178,28.93,724.9828,82.46,47.0,3317.0,45912.87307808261,43.88,1,0.33899545632891714
4204194,52.44,740.612,90.74,49.0,2950.0,49869.49152542373,61.44,1,0.33899545632891714
4204202,56.22,741.6101,83.93,1901.0,254785.0,69153.53729615166,63.99,1,0.33899545632891714
4204251,66.78,748.8958,,122.0,17240.0,62930.97447795824,,0,0.33899545632891714
4204301,76.4,759.9825,86.44,714.0,81646.0,67491.26717781642,77.47,0,0.33899545632891714
4204350,54.76,744.8318,,55.0,4781.0,110687.7222338423,68.14,0,0.33899545632891714
4204400,74.28,755.9815,82.54,104.0,10388.0,46649.30689256835,76.02,0,0.33899545632891714
4204459,73.68,759.7135,86.36,19.0,2065.0,36203.87409200968,75.61,0,0.33899545632891714
4204509,61.16,746.489,86.61,207.0,15267.0,69139.51660444096,67.27,0,0.33899545632891714
4204558,59.62,744.6323,91.61,142.0,15727.0,48533.22311947606,66.25,0,0.33899545632891714
4204608,59.07,745.4503,83.09,1882.0,214493.0,57528.907703281686,65.88,1,0.33899545632891714
4204707,93.9,772.4187,85.92,61.0,10953.0,99518.94458139321,80.0,0,0.33899545632891714
4204806,48.56,731.6748,79.47,271.0,40045.0,50040.90398301911,58.78,1,0.33899545632891714
4204905,80.41,768.4502,84.72,61.0,8530.0,44797.30363423212,80.0,0,0.33899545632891714
4205001,59.65,749.708,84.28,134.0,15008.0,44963.552771855015,66.27,1,0.33899545632891714
4205100,87.24,770.7268,88.68,47.0,4221.0,43697.70196635869,80.0,0,0.33899545632891714
4205159,52.09,746.2795,,29.0,3637.0,50599.94500962332,79.25,0,0.33899545632891714
4205175,69.89,752.2609,,30.0,3402.0,22334.2151675485,,0,0.33899545632891714
4205191,8.81,711.0258,,35.0,2269.0,106323.04980167476,71.82,1,0.33899545632891714
4205209,56.49,734.4596,90.2,46.0,4885.0,51827.840327533275,64.17,1,0.33899545632891714
4205308,52.68,739.6066,88.41,145.0,11192.0,75534.93566833454,61.6,1,0.33899545632891714
4205357,81.41,767.9705,92.0,23.0,1783.0,53647.223780145825,80.0,0,0.33899545632891714
4205407,50.63,737.4266,,1551.0,537211.0,58059.36959593158,,1,0.33899545632891714
4205431,65.4,753.5557,93.55,29.0,2682.0,39076.43549589857,70.07,0,0.33899545632891714
4205456,58.71,746.9239,82.67,353.0,31431.0,48548.37580732398,65.64,1,0.33899545632891714
4205506,66.55,754.7555,85.61,458.0,33481.0,47675.1889131149,70.84,0,0.33899545632891714
4205555,65.71,766.0569,,35.0,2411.0,47411.86229780174,,0,0.33899545632891714
4205605,80.83,770.4425,90.24,37.0,3210.0,49811.21495327103,80.0,0,0.33899545632891714
4205704,70.59,759.0544,75.63,332.0,29959.0,33556.126706498886,73.53,0,0.33899545632891714
4205803,54.71,742.4538,80.99,230.0,18545.0,106877.27150175249,62.97,1,0.33899545632891714
4205902,62.44,747.2765,,543.0,72570.0,69711.29943502825,,0,0.33899545632891714
4206009,55.24,742.5238,,189.0,16915.0,39118.94767957433,,1,0.33899545632891714
4206108,65.15,751.1037,85.0,34.0,6277.0,64742.233551059435,69.91,0,0.33899545632891714
4206207,52.63,750.9464,82.61,19.0,12435.0,36749.57780458383,61.57,1,0.33899545632891714
4206306,70.17,756.084,82.32,270.0,24543.0,60814.28513221692,73.24,0,0.33899545632891714
4206405,83.28,767.6154,93.08,121.0,10796.0,56991.29307150797,80.0,0,0.33899545632891714
4206504,70.33,754.1518,84.48,615.0,46711.0,67152.27676564407,73.35,0,0.33899545632891714
4206603,88.63,772.5863,92.31,60.0,4829.0,54445.640919445024,80.0,0,0.33899545632891714
4206652,44.44,720.7257,74.63,100.0,8425.0,73303.85756676557,55.89,1,0.33899545632891714
4206702,53.21,742.8868,87.38,180.0,21724.0,33305.19241392009,61.96,1,0.33899545632891714
4206751,65.6,743.9513,84.85,28.0,2008.0,45165.836653386454,70.21,0,0.33899545632891714
4206801,75.69,751.3814,80.39,41.0,3269.0,53332.517589476905,76.98,0,0.33899545632891714
4206900,67.48,751.4925,86.49,224.0,19862.0,38988.77253046018,71.45,0,0.33899545632891714
4207007,69.76,755.3795,83.54,477.0,59035.0,82633.59024307615,72.97,0,0.33899545632891714
4207106,54.25,740.9595,,242.0,17046.0,69846.59157573624,,1,0.33899545632891714
4207205,63.38,746.6704,,27.0,11881.0,26999.410824004717,51.51,1,0.33899545632891714
4207304,57.62,745.7546,,243.0,52579.0,61824.83501017517,,0,0.33899545632891714
4207403,64.78,751.4651,88.99,97.0,5982.0,53400.36776997659,69.66,0,0.33899545632891714
4207502,55.2,741.7709,80.81,636.0,71549.0,62680.37289130526,63.3,1,0.33899545632891714
4207577,74.46,756.8943,90.91,40.0,2877.0,132563.086548488,76.14,0,0.33899545632891714
4207601,83.23,768.2341,91.84,45.0,4578.0,29487.767584097855,80.0,0,0.33899545632891714
4207650,86.65,774.0119,93.75,45.0,9335.0,52091.483663631494,80.0,0,0.33899545632891714
4207684,59.49,749.439,87.69,57.0,7730.0,56390.68564036223,66.16,0,0.33899545632891714
4207700,53.96,744.0043,79.41,81.0,7816.0,72263.0501535312,62.47,1,0.33899545632891714
4207759,60.52,736.5982,77.27,17.0,3986.0,64958.103361766174,66.85,1,0.33899545632891714
4207809,73.89,758.136,87.88,87.0,10195.0,33330.35801863659,75.75,0,0.33899545632891714
4207858,92.86,776.2188,87.5,14.0,2069.0,37970.033832769455,80.0,0,0.33899545632891714
4207908,71.82,758.0694,85.71,126.0,10285.0,61879.0471560525,74.35,0,0.33899545632891714
4208005,69.06,756.1727,86.6,84.0,7067.0,77857.93122965898,72.5,0,0.33899545632891714
4208104,65.52,750.7749,87.17,163.0,22051.0,63700.60314724956,70.15,0,0.33899545632891714
4208203,56.61,742.9215,,2828.0,264054.0,182522.9271285419,,0,0.33899545632891714
4208302,66.9,750.1835,,977.0,75940.0,50035.9494337635,,0,0.33899545632891714
4208401,71.58,753.6581,82.91,165.0,16638.0,82338.56232720279,74.19,0,0.33899545632891714
4208450,47.67,732.8397,,363.0,30750.0,64736.61788617886,,1,0.33899545632891714
4208500,64.17,756.2582,84.73,111.0,26525.0,59028.953817153626,69.26,0,0.33899545632891714
4208609,73.88,757.3908,80.3,53.0,4310.0,54981.438515081194,75.75,0,0.33899545632891714
4208708,53.02,742.8246,73.87,82.0,10624.0,69047.6280120482,61.83,1,0.33899545632891714
4208807,42.4,727.5366,74.39,212.0,20375.0,43552.68711656442,54.42,1,0.33899545632891714
4208906,72.79,758.0717,83.52,1495.0,182660.0,84907.82327822183,75.01,0,0.33899545632891714
4208955,81.82,759.8259,100.0,20.0,1776.0,46649.21171171171,80.0,0,0.33899545632891714
4209003,59.16,744.7276,79.17,247.0,30146.0,91372.45405692296,65.94,1,0.33899545632891714
4209102,65.94,751.7973,80.32,5752.0,616317.0,80828.33509379103,70.43,1,0.33899545632891714
4209151,37.11,732.3927,84.09,74.0,5985.0,28700.417710944028,50.48,1,0.33899545632891714
4209201,70.0,744.7601,84.62,22.0,2248.0,83000.0,73.13,0,0.33899545632891714
4209300,48.56,734.1494,75.66,883.0,164981.0,50561.27675308066,58.78,1,0.33899545632891714
4209409,33.26,722.3188,70.09,82.0,42785.0,32818.74488722683,47.47,1,0.33899545632891714
4209458,78.57,755.4139,100.0,14.0,1702.0,63877.20329024677,78.99,0,0.33899545632891714
4209508,64.28,750.9778,71.43,80.0,7932.0,67607.28693898134,69.33,1,0.33899545632891714
4209607,63.3,747.6467,83.21,109.0,14381.0,33497.67053751478,68.69,0,0.33899545632891714
4209706,40.87,728.3806,78.17,179.0,11472.0,40683.75174337518,53.3,1,0.33899545632891714
4209805,75.0,754.6501,74.07,20.0,3330.0,50937.53753753754,76.51,0,0.33899545632891714
4209854,87.38,767.1784,87.01,67.0,4549.0,44191.250824357005,80.0,0,0.33899545632891714
4209904,59.83,747.1952,76.53,163.0,12873.0,45054.53274295036,66.39,1,0.33899545632891714
4210001,80.43,767.9295,94.23,147.0,11684.0,97401.745977405,80.0,0,0.33899545632891714
4210035,72.91,754.9799,88.68,94.0,5794.0,59770.27959958578,75.09,0,0.33899545632891714
4210050,80.0,755.8855,71.43,15.0,1778.0,39374.57817772777,80.0,0,0.33899545632891714
4210100,72.98,757.9127,87.74,372.0,55286.0,59631.95022247947,75.13,0,0.33899545632891714
4210209,51.4,739.7615,81.4,35.0,3214.0,26905.413814561292,60.73,1,0.33899545632891714
4210308,69.07,748.0363,88.89,88.0,7425.0,56189.76430976431,72.51,0,0.33899545632891714
4210407,58.51,737.0755,78.64,81.0,7815.0,45472.1689059501,65.51,1,0.33899545632891714
4210506,84.42,766.2353,84.82,218.0,28251.0,88464.93929418428,80.0,0,0.33899545632891714
4210555,88.23,759.0428,,18.0,2184.0,50940.93406593407,76.69,0,0.33899545632891714
4210605,70.98,755.9378,85.71,180.0,17162.0,61193.97506118168,73.79,0,0.33899545632891714
4210704,70.5,751.2819,,30.0,2761.0,28165.157551611737,45.04,1,0.33899545632891714
4210803,54.81,741.7088,88.66,86.0,7006.0,66987.72480730801,63.04,1,0.33899545632891714
4210852,39.19,736.2618,82.35,28.0,2511.0,42587.41537236161,52.06,1,0.33899545632891714
4210902,81.55,767.5009,80.39,41.0,4080.0,49842.1568627451,80.0,0,0.33899545632891714
4211009,68.6,748.9385,90.77,118.0,10066.0,124112.55712298828,72.2,0,0.33899545632891714
4211058,63.76,747.1176,73.62,120.0,9117.0,35651.31073818142,68.99,1,0.33899545632891714
4211108,58.78,737.9266,,41.0,7736.0,36964.710444674245,50.04,1,0.33899545632891714
4211207,68.02,753.8654,85.17,247.0,18537.0,55005.718293143436,71.81,0,0.33899545632891714
4211256,71.43,769.1721,93.33,14.0,3010.0,64590.6976744186,74.09,0,0.33899545632891714
4211306,54.66,740.6933,,1267.0,86401.0,91893.3114200067,,1,0.33899545632891714
4211405,69.15,752.6544,80.25,65.0,5155.0,51697.76915615907,72.56,0,0.33899545632891714
4211454,67.4,758.9923,84.85,56.0,4536.0,42317.46031746032,71.4,0,0.33899545632891714
4211504,61.51,743.6382,,106.0,13727.0,70874.04385517593,,0,0.33899545632891714
4211603,69.57,761.5208,89.21,124.0,13664.0,97595.79918032786,72.84,0,0.33899545632891714
4211652,91.6,767.1308,85.71,24.0,2643.0,60880.81725312145,80.0,0,0.33899545632891714
4211702,65.83,753.4346,84.97,147.0,23661.0,59547.10282743756,70.36,0,0.33899545632891714
4211751,55.06,742.5939,86.84,165.0,17312.0,73231.74676524954,63.21,1,0.33899545632891714
4211801,72.58,756.2074,85.19,69.0,7032.0,43686.2912400455,74.86,0,0.33899545632891714
4211850,44.56,746.6252,84.62,22.0,2181.0,78321.87070151305,55.97,1,0.33899545632891714
4211876,70.83,744.6615,93.94,31.0,1927.0,38291.64504411002,73.69,0,0.33899545632891714
4211900,52.74,740.7535,,1151.0,222598.0,46247.27086496734,,1,0.33899545632891714
4212007,80.08,765.8122,86.84,99.0,7605.0,47497.041420118345,80.0,0,0.33899545632891714
4212106,58.21,741.4209,83.46,106.0,15626.0,77515.93498016127,65.31,1,0.33899545632891714
4212205,70.53,757.3516,88.14,171.0,19150.0,61778.48563968668,73.49,0,0.33899545632891714
4212239,85.76,756.7798,90.57,48.0,4267.0,45522.38106397938,80.0,0,0.33899545632891714
4212254,56.11,744.4176,,147.0,12897.0,23411.180894781726,63.74,1,0.33899545632891714
4212270,49.26,742.5528,73.53,25.0,4034.0,54244.918195339604,59.27,1,0.33899545632891714
4212304,63.06,749.0617,79.25,126.0,9063.0,46098.97384971864,68.53,1,0.33899545632891714
4212403,81.73,761.8216,96.43,54.0,4245.0,71935.45347467609,80.0,0,0.33899545632891714
4212502,66.56,752.9334,,422.0,33663.0,39826.010753646435,,0,0.33899545632891714
4212601,85.84,778.8791,74.07,20.0,2992.0,55715.574866310155,80.0,0,0.33899545632891714
4212650,40.37,726.8923,88.98,105.0,10190.0,16141.609421000981,52.93,1,0.33899545632891714
4212700,62.16,752.7014,,53.0,6716.0,39559.55926146516,69.32,0,0.33899545632891714
4212809,61.5,748.5336,75.16,351.0,27127.0,77322.26195303572,67.49,1,0.33899545632891714
4212908,78.25,761.1599,91.72,133.0,21972.0,88371.60932095394,78.76,0,0.33899545632891714
4213005,59.28,752.7528,78.46,51.0,3473.0,93063.34581053842,66.02,1,0.33899545632891714
4213104,81.43,765.7981,82.81,53.0,5769.0,165309.585716762,80.0,0,0.33899545632891714
4213153,79.57,766.3964,91.89,34.0,2946.0,48882.21317040055,79.69,0,0.33899545632891714
4213203,63.17,749.5472,88.86,335.0,34289.0,92877.36591909942,68.6,0,0.33899545632891714
4213302,40.98,729.8865,78.05,32.0,4437.0,46315.97926526933,53.38,1,0.33899545632891714
4213351,64.09,748.7311,76.81,53.0,3210.0,49331.77570093457,69.21,1,0.33899545632891714
4213401,53.07,739.9859,82.89,63.0,10649.0,36669.35862522303,61.87,1,0.33899545632891714
4213500,56.5,743.8671,,336.0,27688.0,75508.45131464895,,0,0.33899545632891714
4213609,70.51,756.0645,90.14,128.0,32970.0,39882.863208977855,73.47,0,0.33899545632891714
4213708,66.5,750.4719,76.67,69.0,17123.0,53300.823453834026,70.8,0,0.33899545632891714
4213807,65.61,756.5161,81.25,65.0,8270.0,37762.273276904474,70.21,0,0.33899545632891714
4213906,47.06,743.9629,89.47,17.0,1689.0,52622.26169330965,57.74,1,0.33899545632891714
4214003,62.2,746.7421,83.33,120.0,20010.0,54566.266866566715,67.96,0,0.33899545632891714
4214102,51.67,743.9299,95.45,21.0,2301.0,35325.07605388961,60.92,1,0.33899545632891714
4214151,89.34,773.2014,89.8,44.0,2964.0,45400.47233468286,80.0,0,0.33899545632891714
4214201,67.13,755.9031,87.69,114.0,11022.0,60824.623480312104,71.22,0,0.33899545632891714
4214300,72.73,757.1565,91.67,22.0,3279.0,69503.50716681915,74.97,0,0.33899545632891714
4214409,51.1,738.7159,,77.0,6253.0,52605.14952822645,,1,0.33899545632891714
4214508,68.01,752.9406,85.45,47.0,6452.0,41122.59764414136,71.81,0,0.33899545632891714
4214607,81.39,762.4505,87.25,89.0,7747.0,45012.004646960115,80.0,0,0.33899545632891714
4214706,60.74,744.1924,84.29,118.0,10865.0,52091.7625402669,66.99,1,0.33899545632891714
4214805,57.9,743.4691,,357.0,72587.0,63673.97743397578,,0,0.33899545632891714
4214904,78.36,761.5083,89.04,65.0,4847.0,76997.73055498247,78.84,0,0.33899545632891714
4215000,60.13,749.1973,85.89,426.0,39261.0,44111.662973434206,66.59,0,0.33899545632891714
4215059,65.74,751.6839,79.49,31.0,2397.0,40377.13808927827,70.3,0,0.33899545632891714
4215075,83.43,769.3777,84.72,61.0,4768.0,41668.20469798658,80.0,0,0.33899545632891714
4215109,57.06,743.2617,77.56,121.0,12757.0,35796.817433565884,64.55,1,0.33899545632891714
4215208,52.07,743.9747,77.19,44.0,4823.0,27477.710968277006,61.19,1,0.33899545632891714
4215307,78.0,762.6252,82.8,77.0,7489.0,51202.16317265322,78.59,0,0.33899545632891714
4215356,95.13,776.9534,89.33,67.0,3632.0,31759.636563876647,80.0,0,0.33899545632891714
4215406,85.44,771.8045,92.0,69.0,4390.0,79188.1548974943,80.0,0,0.33899545632891714
4215455,69.26,747.0769,88.64,39.0,12882.0,54422.915696320444,72.64,0,0.33899545632891714
4215505,66.38,754.3222,87.5,238.0,15546.0,43242.6347613534,70.72,0,0.33899545632891714
4215554,78.34,759.4351,85.29,29.0,2425.0,52952.1649484536,78.82,0,0.33899545632891714
4215604,92.81,767.0737,84.38,27.0,2088.0,52123.56321839081,80.0,0,0.33899545632891714
4215653,55.48,739.1487,83.61,102.0,9792.0,28349.060457516334,63.49,1,0.33899545632891714
4215679,83.61,762.6473,84.72,61.0,8066.0,42495.5368212249,80.0,0,0.33899545632891714
4215687,54.12,748.3417,93.94,31.0,2576.0,34552.01863354037,62.58,1,0.33899545632891714
4215695,73.68,756.5739,100.0,19.0,1651.0,37805.572380375525,75.61,0,0.33899545632891714
4215703,58.19,745.5532,84.98,249.0,27272.0,64165.2977412731,65.3,1,0.33899545632891714
4215752,83.02,765.496,83.67,41.0,2684.0,41274.59016393442,80.0,0,0.33899545632891714
4215802,73.1,757.6573,83.89,760.0,83277.0,60499.573711829195,75.22,0,0.33899545632891714
4216008,62.12,747.4854,,25.0,10282.0,77318.61505543668,80.0,0,0.33899545632891714
4216057,57.13,743.5957,,83.0,6084.0,32429.15844838922,,1,0.33899545632891714
4216107,78.45,764.3566,73.87,82.0,9226.0,58115.543030565794,78.9,0,0.33899545632891714
4216206,44.54,732.2076,,390.0,52674.0,140417.1317917758,,1,0.33899545632891714
4216255,96.02,780.5342,97.33,73.0,6295.0,73577.12470214456,80.0,0,0.33899545632891714
4216305,74.94,758.6528,,336.0,32687.0,39885.09193257257,,0,0.33899545632891714
4216354,55.09,747.7949,78.95,75.0,4463.0,102135.33497647324,63.23,1,0.33899545632891714
4216404,77.85,756.6634,,85.0,8668.0,50150.55376095985,77.27,0,0.33899545632891714
4216503,34.45,721.5877,82.18,166.0,25939.0,57243.956975982124,48.42,1,0.33899545632891714
4216602,65.4,750.2722,,1475.0,270299.0,57623.86098357745,,0,0.33899545632891714
4216701,76.38,762.0078,88.55,147.0,14167.0,48132.34982706289,77.46,0,0.33899545632891714
4216800,76.47,754.4831,85.0,17.0,8708.0,40869.77491961415,77.52,0,0.33899545632891714
4216909,71.41,757.3615,78.68,299.0,24791.0,74360.57440200073,74.08,0,0.33899545632891714
4217006,65.85,751.0552,85.98,184.0,13509.0,91900.06662225183,70.37,0,0.33899545632891714
4217105,68.0,759.2406,96.15,25.0,3405.0,43624.375917768,71.8,0,0.33899545632891714
4217154,87.5,767.3228,100.0,16.0,1781.0,41477.25996631106,80.0,0,0.33899545632891714
4217204,68.64,753.0765,89.36,403.0,44330.0,70045.07105797427,72.22,0,0.33899545632891714
4217253,73.98,755.2856,84.75,50.0,5776.0,25677.11218836565,75.81,0,0.33899545632891714
4217303,81.64,768.3131,89.15,115.0,10265.0,69991.52459814904,80.0,0,0.33899545632891714
4217402,63.05,748.5892,88.84,223.0,20061.0,45191.71526843128,68.52,0,0.33899545632891714
4217501,83.55,772.7912,89.47,136.0,18620.0,80915.574650913,80.0,0,0.33899545632891714
4217550,92.21,778.7759,90.91,40.0,3303.0,44625.49197699062,80.0,0,0.33899545632891714
4217600,61.68,743.5116,86.18,106.0,13714.0,58661.36794516552,67.61,0,0.33899545632891714
4217709,64.93,745.4542,78.99,267.0,29991.0,43491.68083758461,69.76,1,0.33899545632891714
4217758,76.19,755.9165,87.5,42.0,2832.0,43651.12994350282,77.33,0,0.33899545632891714
4217808,72.79,760.8346,,66.0,18310.0,56705.24303659202,72.11,0,0.33899545632891714
4217907,80.35,764.462,,80.0,8143.0,93366.69532113471,,0,0.33899545632891714
4217956,79.06,763.4055,85.71,36.0,2329.0,37934.30656934307,79.33,0,0.33899545632891714
4218004,44.26,731.0076,,450.0,51592.0,71465.51790975346,,1,0.33899545632891714
4218103,71.29,756.1372,90.28,65.0,5386.0,36741.92350538433,74.0,0,0.33899545632891714
4218202,69.86,757.1397,87.74,279.0,46099.0,59389.9433827198,73.04,0,0.33899545632891714
4218251,57.76,744.507,,115.0,7342.0,41467.31135930264,,0,0.33899545632891714
4218301,49.8,734.8943,75.47,243.0,19746.0,104330.49731591209,59.64,1,0.33899545632891714
4218350,68.59,753.3078,88.68,47.0,3782.0,52591.221575885764,72.19,0,0.33899545632891714
4218400,71.87,756.031,83.05,98.0,7362.0,34707.41646291769,74.39,0,0.33899545632891714
4218509,74.33,758.2876,88.48,146.0,8787.0,135979.74280186638,76.05,0,0.33899545632891714
4218608,68.13,744.5533,88.79,103.0,7274.0,59572.449821281276,71.89,0,0.33899545632891714
4218707,70.32,753.6874,82.21,425.0,110088.0,54566.41959159945,73.35,0,0.33899545632891714
4218756,79.86,756.5547,,45.0,4916.0,46685.51668022783,74.79,0,0.33899545632891714
4218806,59.25,744.2286,83.7,77.0,13043.0,76105.11385417468,66.0,1,0.33899545632891714
4218855,67.41,749.5452,81.82,36.0,2774.0,42088.32011535689,71.41,0,0.33899545632891714
4218905,60.18,745.9227,70.32,109.0,10834.0,43545.87410005537,66.62,1,0.33899545632891714
4218954,80.15,756.3595,89.29,25.0,2656.0,49642.31927710843,80.0,0,0.33899545632891714
4219002,68.86,754.8917,89.66,104.0,20919.0,58437.16238825948,72.37,0,0.33899545632891714
4219101,80.87,761.5036,90.0,45.0,3634.0,83058.33791964778,80.0,0,0.33899545632891714
4219150,88.99,767.1427,76.47,26.0,2627.0,38090.59763989341,80.0,0,0.33899545632891714
4219176,64.24,743.2591,85.94,55.0,4576.0,144578.4527972028,69.31,0,0.33899545632891714
4219200,73.28,757.7997,73.61,53.0,6189.0,64946.35643884311,75.34,0,0.33899545632891714
4219309,57.29,742.7967,84.67,442.0,55466.0,74451.42970468393,64.7,1,0.33899545632891714
4219358,44.55,742.3186,78.69,48.0,5370.0,36079.14338919926,55.97,1,0.33899545632891714
4219408,79.96,758.914,93.33,56.0,4255.0,46495.65217391305,79.97,0,0.33899545632891714
4219507,66.62,754.3771,77.17,382.0,51607.0,60952.293293545445,70.88,0,0.33899545632891714
4219606,71.58,766.2187,80.95,34.0,3653.0,68286.33999452504,74.19,0,0.33899545632891714
4219705,66.61,749.2148,86.98,394.0,31918.0,54435.64759696722,70.88,0,0.33899545632891714
4219853,65.06,745.3636,78.41,69.0,3930.0,34366.41221374046,69.85,1,0.33899545632891714
4220000,50.34,735.2383,73.04,149.0,15981.0,26294.224391464864,60.01,1,0.33899545632891714
4300034,69.95,752.9147,81.82,45.0,4170.0,91688.2494004796,73.1,0,0.33899545632891714
4300059,64.61,744.0147,88.0,44.0,3912.0,107039.36605316972,69.55,0,0.33899545632891714
4300109,56.12,746.7545,82.69,129.0,16041.0,48634.87313758494,63.92,1,0.33899545632891714
4300307,,,,,6123.0,25105.1772007186,41.39,1,0.33899545632891714
4300406,53.93,739.2281,,234.0,72409.0,42840.36514797884,,1,0.33899545632891714
4300455,100.0,767.93,78.57,11.0,3651.0,37277.184333059435,80.0,0,0.33899545632891714
4300505,74.94,754.2035,94.92,56.0,7117.0,42555.71167626809,76.47,0,0.33899545632891714
4300570,72.7,770.9707,83.87,26.0,3072.0,66136.39322916666,74.95,0,0.33899545632891714
4300604,46.56,732.1382,77.59,1693.0,187315.0,22048.068761177696,57.39,1,0.33899545632891714
4300638,70.56,749.0197,83.33,30.0,5310.0,32778.53107344633,73.51,0,0.33899545632891714
4300646,48.98,734.7382,84.34,70.0,7650.0,26598.43137254902,59.07,1,0.33899545632891714
4300661,68.75,749.1096,100.0,16.0,1135.0,98689.8678414097,72.3,0,0.33899545632891714
4300802,65.93,750.2025,90.41,66.0,13045.0,71019.01111536987,70.43,0,0.33899545632891714
4300851,57.54,747.0197,72.55,37.0,4112.0,56804.96108949416,64.87,1,0.33899545632891714
4300877,75.69,758.5287,73.86,113.0,8525.0,37883.28445747801,76.98,0,0.33899545632891714
4300901,85.04,768.3941,93.33,42.0,6483.0,182819.2194971464,80.0,0,0.33899545632891714
4301008,82.6,763.2676,88.1,185.0,21958.0,88493.3964841971,80.0,0,0.33899545632891714
4301057,67.46,748.6749,78.89,142.0,11057.0,31987.609659039525,71.44,0,0.33899545632891714
4301073,94.58,772.1693,83.33,20.0,2599.0,37149.28818776453,80.0,0,0.33899545632891714
4301107,40.49,728.1233,86.82,112.0,14601.0,27736.798849393883,53.02,1,0.33899545632891714
4301206,80.42,760.3864,95.8,114.0,12058.0,39205.423785038976,80.0,0,0.33899545632891714
4301305,60.01,736.6605,,58.0,17558.0,54989.6343547101,,1,0.33899545632891714
4301404,78.93,756.2482,,19.0,10322.0,39202.86766130594,66.42,0,0.33899545632891714
4301503,82.81,761.7936,87.5,28.0,7149.0,49053.99356553364,80.0,0,0.33899545632891714
4301552,86.67,766.4867,75.0,15.0,3396.0,52342.756183745594,80.0,0,0.33899545632891714
4301602,62.01,745.1006,79.75,642.0,117938.0,37432.95629907239,67.83,1,0.33899545632891714
4301636,58.38,740.5386,76.55,173.0,14955.0,22276.76362420595,65.43,1,0.33899545632891714
4301651,86.39,764.0926,95.35,41.0,6461.0,71646.95867512768,80.0,0,0.33899545632891714
4301701,92.23,788.4064,90.91,50.0,7144.0,45460.38633818589,80.0,0,0.33899545632891714
4301750,88.23,763.8339,,27.0,5889.0,24188.656817795887,14.05,1,0.33899545632891714
4301800,73.34,747.9982,88.89,56.0,4831.0,62102.04926516249,75.38,0,0.33899545632891714
4301875,61.01,743.9961,82.76,48.0,4241.0,78422.54185333649,67.17,1,0.33899545632891714
4301909,68.6,740.8468,71.19,42.0,12225.0,47529.979550102245,72.2,1,0.33899545632891714
4302006,51.05,741.0555,72.73,32.0,9296.0,29526.03270223752,60.49,1,0.33899545632891714
4302105,77.38,762.342,85.59,766.0,123151.0,73589.31717972246,78.15,0,0.33899545632891714
4302204,81.93,770.651,96.49,55.0,6966.0,50904.67987367212,80.0,0,0.33899545632891714
4302238,71.3,752.5544,92.0,23.0,2271.0,86745.0462351387,74.0,0,0.33899545632891714
4302303,72.59,751.5541,83.78,62.0,11202.0,52972.951258703804,74.87,0,0.33899545632891714
4302352,73.71,754.0704,88.73,126.0,13142.0,72364.86075178815,75.63,0,0.33899545632891714
4302378,56.25,748.3028,84.21,16.0,2096.0,35111.16412213741,64.01,1,0.33899545632891714
4302402,78.19,762.655,92.86,117.0,12294.0,41461.28192614284,78.72,0,0.33899545632891714
4302501,50.0,736.5499,72.73,24.0,5890.0,42538.20033955857,59.77,1,0.33899545632891714
4302584,100.0,793.8035,100.0,13.0,2151.0,55520.68805206881,80.0,0,0.33899545632891714
4302600,40.0,726.0676,71.43,10.0,3268.0,33488.066095471244,52.66,1,0.33899545632891714
4302659,64.81,749.4864,83.33,30.0,4966.0,26634.111961337094,69.68,0,0.33899545632891714
4302709,51.25,738.3054,77.66,146.0,19084.0,29714.996856005033,60.63,1,0.33899545632891714
4302808,54.77,740.4795,79.15,224.0,32515.0,36161.83300015376,63.01,1,0.33899545632891714
4302907,50.76,736.8059,81.82,63.0,11157.0,50804.24845388545,60.3,1,0.33899545632891714
4303004,57.47,744.1386,83.38,296.0,80070.0,42103.621830897966,64.82,1,0.33899545632891714
4303103,58.04,741.2067,74.65,951.0,136258.0,57110.95128359436,65.2,1,0.33899545632891714
4303202,88.64,766.7943,96.88,31.0,4603.0,33461.22094286335,80.0,0,0.33899545632891714
4303301,89.44,768.6359,90.48,19.0,4704.0,38352.89115646259,80.0,0,0.33899545632891714
4303509,58.61,742.9523,82.07,389.0,62200.0,50718.27974276527,65.58,1,0.33899545632891714
4303558,80.0,776.7416,90.91,20.0,2981.0,205446.15900704463,80.0,0,0.33899545632891714
4303608,60.0,735.2264,76.92,10.0,6361.0,43284.389246973755,66.5,1,0.33899545632891714
4303673,90.0,767.1718,90.91,20.0,3242.0,73041.94941394201,80.0,0,0.33899545632891714
4303707,91.99,775.233,95.38,62.0,5882.0,34643.148588915334,80.0,0,0.33899545632891714
4303806,91.46,781.8625,78.79,26.0,5284.0,55805.26116578349,80.0,0,0.33899545632891714
4303905,77.34,759.8216,89.91,695.0,62886.0,72015.34522787266,78.12,0,0.33899545632891714
4304002,62.91,742.7656,90.48,38.0,4975.0,57749.14572864322,68.43,0,0.33899545632891714
4304101,26.46,709.6833,80.77,21.0,3613.0,29067.25712704124,41.73,1,0.33899545632891714
4304200,75.36,755.4028,89.4,194.0,28906.0,42713.51968449457,76.76,0,0.33899545632891714
4304309,75.52,768.8864,83.33,40.0,6294.0,59584.04829996822,76.87,0,0.33899545632891714
4304358,48.87,744.0348,,49.0,10710.0,158672.64239028946,,0,0.33899545632891714
4304408,78.68,756.8068,76.37,278.0,48946.0,40038.389245290724,79.06,0,0.33899545632891714
4304507,79.7,760.3697,85.66,245.0,49680.0,36745.73268921095,79.79,0,0.33899545632891714
4304606,53.16,738.7472,74.41,2257.0,347657.0,83895.03735003178,61.93,1,0.33899545632891714
4304622,53.85,738.5884,100.0,13.0,1733.0,128719.56145412581,62.39,0,0.33899545632891714
4304630,46.75,733.9734,,533.0,63594.0,40698.1947982514,42.44,1,0.33899545632891714
4304655,88.68,767.0779,92.31,36.0,3119.0,70575.82558512343,80.0,0,0.33899545632891714
4304663,48.68,733.8101,70.23,217.0,26487.0,32243.062634499944,58.86,1,0.33899545632891714
4304671,41.25,738.1499,95.59,65.0,3991.0,100076.42194938612,53.58,1,0.33899545632891714
4304689,67.66,747.9965,85.38,111.0,11159.0,28313.200107536522,71.57,0,0.33899545632891714
4304705,63.87,748.1466,82.37,257.0,61804.0,60594.249563135076,69.06,0,0.33899545632891714
4304713,90.82,769.4615,87.32,62.0,7394.0,21392.20989991885,80.0,0,0.33899545632891714
4304804,67.4,753.0973,91.32,221.0,30420.0,125413.54372123604,71.4,0,0.33899545632891714
4304853,54.55,752.5286,91.67,11.0,1364.0,45280.79178885631,62.87,1,0.33899545632891714
4304903,83.0,764.2702,90.63,58.0,9465.0,92546.11727416799,80.0,0,0.33899545632891714
4304952,86.13,761.6454,79.59,39.0,3000.0,59052.66666666666,80.0,0,0.33899545632891714
4305009,83.62,758.1583,80.0,56.0,8674.0,49000.0,80.0,0,0.33899545632891714
4305108,69.15,752.3406,82.35,3220.0,463501.0,81683.9704768706,72.56,0,0.33899545632891714
4305124,75.07,749.1422,72.09,31.0,5808.0,22583.677685950413,76.56,0,0.33899545632891714
4305173,57.48,740.9215,77.92,60.0,9178.0,27361.080845500106,64.83,1,0.33899545632891714
4305207,75.07,756.2688,90.32,84.0,13705.0,58884.12987960599,76.56,0,0.33899545632891714
4305306,75.31,762.0289,86.49,96.0,9540.0,63213.10272536688,76.72,0,0.33899545632891714
4305355,63.76,742.3417,91.43,256.0,35012.0,53050.95395864275,68.99,0,0.33899545632891714
4305439,50.0,738.2247,75.0,12.0,6262.0,83417.43851804535,59.77,1,0.33899545632891714
4305447,71.05,748.9484,86.11,31.0,4597.0,35548.18359799869,73.83,0,0.33899545632891714
4305454,42.82,729.8591,,147.0,17071.0,23836.68209243747,,1,0.33899545632891714
4305504,86.67,757.3874,75.0,15.0,4149.0,56256.92938057363,80.0,0,0.33899545632891714
4305587,86.88,769.9189,96.77,30.0,2423.0,37308.29550144449,80.0,0,0.33899545632891714
4305603,63.64,743.1332,100.0,11.0,3258.0,61073.35788827501,68.91,0,0.33899545632891714
4305702,81.15,772.1706,94.38,84.0,6406.0,73461.13019044645,80.0,0,0.33899545632891714
4305801,80.01,758.3453,87.1,81.0,10385.0,45442.9465575349,80.0,0,0.33899545632891714
4305850,86.57,763.8263,95.83,23.0,2211.0,62995.47715965626,80.0,0,0.33899545632891714
4305871,84.76,771.4787,88.24,30.0,2822.0,50693.83416017009,80.0,0,0.33899545632891714
4305900,79.2,758.8336,80.0,20.0,6144.0,64631.34765625,79.43,0,0.33899545632891714
4305975,63.41,750.0246,83.33,50.0,2667.0,130995.12560929883,68.76,0,0.33899545632891714
4306007,73.17,754.1965,92.06,116.0,12886.0,38853.01878007139,75.26,0,0.33899545632891714
4306106,57.42,742.0925,86.36,323.0,58913.0,74684.46692580586,64.79,1,0.33899545632891714
4306130,77.78,753.0077,94.74,18.0,1635.0,64186.544342507645,78.43,0,0.33899545632891714
4306205,68.21,756.1669,90.09,100.0,12295.0,55774.37982919886,71.94,0,0.33899545632891714
4306304,,,,,4321.0,47877.80606341125,52.02,1,0.33899545632891714
4306320,49.71,727.5813,82.76,24.0,2751.0,42741.18502362777,59.58,1,0.33899545632891714
4306379,67.29,749.7607,86.11,31.0,2806.0,72323.23592302209,71.33,0,0.33899545632891714
4306403,78.45,758.9661,90.99,293.0,30709.0,85952.75000814092,78.9,0,0.33899545632891714
4306452,91.2,773.8106,86.84,33.0,3097.0,53600.90410074264,80.0,0,0.33899545632891714
4306502,59.64,742.8297,83.56,122.0,13051.0,32041.912497126657,66.26,1,0.33899545632891714
4306551,95.45,772.4992,100.0,25.0,2562.0,32652.615144418425,80.0,0,0.33899545632891714
4306601,57.45,738.687,77.14,135.0,36981.0,61874.259755009334,64.81,1,0.33899545632891714
4306700,81.25,771.5918,84.21,16.0,3079.0,36445.59922052614,80.0,0,0.33899545632891714
4306734,76.88,767.9819,95.92,47.0,4470.0,51066.219239373604,77.8,0,0.33899545632891714
4306759,,,,,1888.0,47512.71186440678,80.0,0,0.33899545632891714
4306767,47.65,733.8812,,196.0,39559.0,66318.43575418995,,1,0.33899545632891714
4306809,80.77,767.2515,85.82,121.0,22962.0,61467.72929187353,80.0,0,0.33899545632891714
4306908,63.87,746.081,83.96,89.0,23819.0,49940.29976069524,69.06,0,0.33899545632891714
4306924,76.92,760.0118,92.86,13.0,1296.0,39157.40740740741,77.83,0,0.33899545632891714
4306932,28.49,720.2286,,27.0,9164.0,52263.640331732866,56.56,1,0.33899545632891714
4306957,79.48,757.7439,76.19,16.0,2685.0,78104.6554934823,79.63,0,0.33899545632891714
4306973,73.33,751.6831,88.24,15.0,3054.0,49785.85461689588,75.37,0,0.33899545632891714
4307005,61.21,744.659,89.54,368.0,105705.0,80385.09058228086,67.3,0,0.33899545632891714
4307054,61.92,744.9443,97.37,37.0,3034.0,53867.50164798945,67.77,0,0.33899545632891714
4307203,91.99,775.5231,90.24,37.0,4930.0,32793.509127789046,80.0,0,0.33899545632891714
4307302,67.41,748.7363,98.21,55.0,6787.0,44174.30381611904,71.41,0,0.33899545632891714
4307401,84.43,765.9761,80.0,32.0,3195.0,113859.46791862283,80.0,0,0.33899545632891714
4307450,97.22,776.5741,94.87,37.0,3226.0,31415.37507749535,80.0,0,0.33899545632891714
4307559,73.44,762.6299,89.33,67.0,5582.0,71277.67825152275,75.45,0,0.33899545632891714
4307609,67.25,751.6323,86.49,480.0,47924.0,48184.54219180369,71.3,0,0.33899545632891714
4307708,63.38,748.2686,78.87,728.0,76137.0,52518.31566780935,68.74,1,0.33899545632891714
4307807,67.6,751.698,87.79,266.0,32183.0,73856.16629897774,71.53,0,0.33899545632891714
4307815,96.83,775.5771,88.57,31.0,3070.0,47325.407166123776,80.0,0,0.33899545632891714
4307831,,,,,2633.0,85401.44322066085,55.76,1,0.33899545632891714
4307864,92.86,765.4126,100.0,19.0,2566.0,73985.97038191737,80.0,0,0.33899545632891714
4307906,83.04,766.9203,85.78,597.0,70286.0,70577.6541558774,80.0,0,0.33899545632891714
4308003,79.13,762.3534,94.0,47.0,6702.0,44543.86750223814,79.38,0,0.33899545632891714
4308052,78.18,751.7201,86.36,19.0,2520.0,45095.2380952381,78.71,0,0.33899545632891714
4308078,80.0,764.3398,78.13,50.0,4291.0,33970.17012351433,80.0,0,0.33899545632891714
4308102,72.78,751.3154,89.47,85.0,13764.0,49155.84132519616,75.0,0,0.33899545632891714
4308201,79.01,762.8497,90.51,248.0,30892.0,107998.44619966335,79.3,0,0.33899545632891714
4308250,85.71,758.9459,100.0,14.0,1668.0,46406.474820143885,80.0,0,0.33899545632891714
4308300,62.05,744.511,75.44,43.0,9550.0,27276.96335078534,67.86,1,0.33899545632891714
4308409,89.47,776.327,86.36,19.0,6413.0,41044.12911273975,80.0,0,0.33899545632891714
4308433,60.8,751.8295,90.32,28.0,2393.0,26959.04722106143,67.03,0,0.33899545632891714
4308508,63.23,749.0134,89.19,99.0,32627.0,54934.13430594293,68.64,0,0.33899545632891714
4308607,74.4,757.7878,85.19,230.0,34335.0,103842.78433085773,76.1,0,0.33899545632891714
4308706,78.81,760.4698,97.44,38.0,5665.0,61609.17917034422,79.16,0,0.33899545632891714
4308904,73.54,759.5335,94.12,80.0,16602.0,53003.25262016624,75.51,0,0.33899545632891714
4309001,76.29,757.5471,91.51,97.0,16013.0,63540.123649534755,77.4,0,0.33899545632891714
4309050,65.09,748.9497,91.45,107.0,7658.0,77744.71141290154,69.87,0,0.33899545632891714
4309100,79.08,757.7552,78.28,382.0,40134.0,88848.1088354014,79.35,0,0.33899545632891714
4309126,,,,,2014.0,43490.06951340616,45.15,1,0.33899545632891714
4309209,63.64,744.9518,78.3,2284.0,265074.0,58646.1063702966,68.91,1,0.33899545632891714
4309258,,,,,1417.0,75994.35426958361,69.21,0,0.33899545632891714
4309308,49.72,734.0885,76.49,719.0,92924.0,96872.55176273086,59.58,1,0.33899545632891714
4309407,,,,0.0,25268.0,50044.99762545512,55.09,1,0.33899545632891714
4309506,70.37,758.2445,91.11,41.0,7415.0,39884.4234659474,73.38,0,0.33899545632891714
4309555,85.53,770.1612,94.12,48.0,5378.0,57073.447378207515,80.0,0,0.33899545632891714
4309605,71.23,756.331,96.88,217.0,18851.0,96973.63535090975,73.96,0,0.33899545632891714
4309654,70.19,756.2162,75.41,46.0,5976.0,38296.51941097724,73.26,0,0.33899545632891714
4309704,90.66,772.5312,86.27,44.0,4681.0,46575.73168126469,80.0,0,0.33899545632891714
4309753,71.02,758.1227,88.57,31.0,3732.0,28260.718113612005,73.81,0,0.33899545632891714
4309803,70.33,767.122,100.0,40.0,4527.0,65995.36116633532,73.35,0,0.33899545632891714
4309902,78.46,757.2521,92.59,75.0,6776.0,56109.65171192444,78.91,0,0.33899545632891714
4309951,49.55,739.5221,,27.0,3723.0,50524.30835347838,72.34,1,0.33899545632891714
4310009,59.96,752.809,92.31,60.0,21583.0,79138.30329425937,66.47,0,0.33899545632891714
4310108,80.14,758.5707,90.18,358.0,33321.0,79713.3039224513,80.0,0,0.33899545632891714
4310207,76.47,761.7008,92.16,482.0,84780.0,72012.78603444208,77.52,0,0.33899545632891714
4310306,87.4,760.1132,88.89,32.0,4157.0,39668.02982920376,80.0,0,0.33899545632891714
4310330,66.08,749.9697,,326.0,26824.0,28439.68088279153,,0,0.33899545632891714
4310363,78.24,762.2032,86.49,32.0,3080.0,191712.98701298705,78.75,0,0.33899545632891714
4310405,66.59,746.5533,84.06,58.0,6427.0,69022.2498833048,70.86,0,0.33899545632891714
4310413,62.65,749.4663,88.89,24.0,2014.0,37932.472691161856,68.26,0,0.33899545632891714
4310439,81.57,770.1223,91.53,54.0,5399.0,72776.81052046677,80.0,0,0.33899545632891714
4310462,82.35,776.385,94.44,17.0,1720.0,71148.83720930232,80.0,0,0.33899545632891714
4310504,67.21,755.271,92.59,25.0,7482.0,34186.71478214381,71.27,0,0.33899545632891714
4310538,58.94,741.0869,79.1,53.0,5572.0,54588.47810480976,65.8,1,0.33899545632891714
4310553,88.06,769.1838,,28.0,2995.0,38177.62938230384,,0,0.33899545632891714
4310579,80.62,769.8949,86.36,19.0,1937.0,48467.217346411984,80.0,0,0.33899545632891714
4310603,61.18,744.9247,,183.0,35768.0,57843.29568329233,,0,0.33899545632891714
4310652,47.37,739.2588,86.36,19.0,2638.0,39227.82410917362,57.95,1,0.33899545632891714
4310702,88.89,775.0848,85.71,18.0,3208.0,26531.48379052369,80.0,0,0.33899545632891714
4310751,,,,,1929.0,27968.895800933125,63.85,0,0.33899545632891714
4310801,77.4,759.1474,93.31,237.0,22983.0,66957.2292564069,78.17,0,0.33899545632891714
4310850,85.54,771.8274,93.33,28.0,3779.0,28251.653876686956,80.0,0,0.33899545632891714
4310900,84.62,765.5952,100.0,13.0,3338.0,56527.56141402037,80.0,0,0.33899545632891714
4311007,48.21,733.8419,72.0,126.0,26603.0,38897.943840920205,58.54,1,0.33899545632891714
4311106,64.9,742.554,77.14,54.0,10579.0,31093.392570186217,69.74,1,0.33899545632891714
4311122,68.5,755.0798,87.5,35.0,3690.0,27590.78590785908,72.13,0,0.33899545632891714
4311130,61.2,744.4656,,15.0,3349.0,63193.49059420723,44.16,1,0.33899545632891714
4311205,61.21,748.2377,,99.0,18226.0,71704.26862723581,49.24,1,0.33899545632891714
4311239,70.83,758.6754,96.3,26.0,2251.0,37416.25944024878,73.69,0,0.33899545632891714
4311254,84.62,770.9243,92.86,13.0,5341.0,28041.752480808835,80.0,0,0.33899545632891714
4311270,61.9,753.3435,87.5,21.0,1738.0,47102.416570771,67.76,0,0.33899545632891714
4311304,61.02,745.5574,85.44,88.0,27659.0,58142.4852670017,67.18,0,0.33899545632891714
4311403,74.67,757.9245,86.95,666.0,92951.0,72137.22283783929,76.28,0,0.33899545632891714
4311429,,,,,2601.0,25156.86274509804,63.85,0,0.33899545632891714
4311502,57.89,748.4682,85.45,47.0,7157.0,51675.98155651808,65.1,1,0.33899545632891714
4311601,73.29,749.3669,83.33,15.0,4781.0,31911.94310813637,75.34,0,0.33899545632891714
4311627,67.55,749.7513,87.88,58.0,6248.0,56515.52496798976,71.5,0,0.33899545632891714
4311643,100.0,780.5655,100.0,11.0,1683.0,45248.960190136655,80.0,0,0.33899545632891714
4311700,67.76,750.4358,94.92,56.0,5735.0,45491.71752397559,71.64,0,0.33899545632891714
4311718,66.97,750.3037,72.0,36.0,4425.0,83155.48022598871,71.11,0,0.33899545632891714
4311759,28.57,713.2363,95.45,21.0,6801.0,44602.55844728716,43.57,1,0.33899545632891714
4311791,67.82,763.4136,96.55,28.0,2470.0,42164.777327935226,71.68,0,0.33899545632891714
4311809,66.61,747.8479,86.21,300.0,45124.0,82844.93839198654,70.88,0,0.33899545632891714
4311908,73.23,759.5906,92.0,46.0,4320.0,44568.28703703704,75.3,0,0.33899545632891714
4311981,61.86,749.6367,,38.0,3916.0,30078.396322778342,,0,0.33899545632891714
4312005,94.12,774.204,100.0,17.0,1858.0,38526.91065662002,80.0,0,0.33899545632891714
4312054,75.87,759.4574,85.71,30.0,3969.0,34642.22726127488,77.11,0,0.33899545632891714
4312104,65.56,760.3013,73.91,17.0,4698.0,37038.31417624521,70.18,0,0.33899545632891714
4312138,76.48,758.8816,86.84,33.0,2553.0,50333.7250293772,77.53,0,0.33899545632891714
4312153,88.99,770.1059,93.75,45.0,4859.0,60721.13603622145,80.0,0,0.33899545632891714
4312179,88.24,775.213,94.44,17.0,1795.0,34344.289693593324,80.0,0,0.33899545632891714
4312203,93.75,771.024,100.0,16.0,4189.0,38096.92050608737,80.0,0,0.33899545632891714
4312252,73.26,760.7364,83.58,56.0,7505.0,38782.278481012654,75.32,0,0.33899545632891714
4312302,78.98,763.9639,94.74,36.0,4427.0,45312.17528800542,79.28,0,0.33899545632891714
4312377,63.26,740.3503,86.27,44.0,3180.0,36808.49056603773,68.66,0,0.33899545632891714
4312385,80.97,763.341,92.86,26.0,2557.0,49595.61986703168,80.0,0,0.33899545632891714
4312401,65.93,750.2091,86.65,370.0,64322.0,81767.3113398215,70.43,0,0.33899545632891714
4312450,72.96,750.7487,83.67,41.0,6046.0,25343.367515712867,75.12,0,0.33899545632891714
4312476,51.54,743.4299,80.0,28.0,6029.0,50429.59031348483,60.83,1,0.33899545632891714
4312500,51.38,738.7096,78.29,101.0,12090.0,40888.42018196857,60.72,1,0.33899545632891714
4312609,50.88,741.9059,79.07,34.0,4601.0,59413.82308193872,60.38,1,0.33899545632891714
4312658,66.12,752.9455,84.91,135.0,17898.0,164932.39468096994,70.55,0,0.33899545632891714
4312708,42.12,731.712,89.06,57.0,13719.0,39315.83934689117,54.22,1,0.33899545632891714
4312757,90.0,775.3728,90.91,20.0,3163.0,63845.08378122036,80.0,0,0.33899545632891714
4312807,82.28,756.9038,80.95,68.0,4954.0,95836.6976180864,80.0,0,0.33899545632891714
4312906,77.91,771.3135,81.61,71.0,9649.0,79288.83822157736,78.52,0,0.33899545632891714
4312955,100.0,779.3107,95.45,21.0,2042.0,67476.00391772772,80.0,0,0.33899545632891714
4313003,77.31,774.5914,94.29,33.0,3044.0,50582.45729303548,78.1,0,0.33899545632891714
4313011,90.91,777.5067,97.06,33.0,3061.0,73796.798431885,80.0,0,0.33899545632891714
4313037,86.19,765.3238,78.72,37.0,4865.0,40542.24049331963,80.0,0,0.33899545632891714
4313060,72.08,753.852,86.08,204.0,20088.0,52487.156511350055,74.53,0,0.33899545632891714
4313086,84.62,768.3617,92.86,13.0,2343.0,49459.66709346991,80.0,0,0.33899545632891714
4313201,91.67,769.8873,86.18,131.0,23300.0,47365.57939914163,80.0,0,0.33899545632891714
4313300,78.78,763.6664,88.89,192.0,25692.0,60691.11007317453,79.13,0,0.33899545632891714
4313334,86.97,764.4876,91.67,22.0,2163.0,94774.38742487285,80.0,0,0.33899545632891714
4313359,82.57,770.2476,93.1,27.0,3466.0,59628.967109059435,80.0,0,0.33899545632891714
4313375,57.28,743.98,84.07,343.0,29024.0,111265.95231532525,64.69,1,0.33899545632891714
4313391,86.08,759.4062,93.55,29.0,3568.0,36906.95067264574,80.0,0,0.33899545632891714
4313409,62.37,745.7626,84.1,2232.0,227646.0,52434.84181580172,68.07,1,0.33899545632891714
4313441,71.43,749.0923,93.33,14.0,2146.0,34181.26747437092,74.09,0,0.33899545632891714
4313490,62.07,735.4505,80.56,29.0,4272.0,28163.15543071161,67.87,1,0.33899545632891714
4313508,67.79,750.5062,76.52,339.0,47396.0,45192.632289644695,71.66,0,0.33899545632891714
4313607,78.96,750.2508,81.82,27.0,3631.0,44841.9168273203,79.26,0,0.33899545632891714
4313656,53.49,736.2855,76.8,96.0,12844.0,57603.16100903144,62.15,1,0.33899545632891714
4313706,48.72,737.385,83.8,119.0,33216.0,51430.756262042385,58.89,1,0.33899545632891714
4313805,84.12,764.0342,89.66,52.0,7839.0,33846.79168261257,80.0,0,0.33899545632891714
4313904,75.28,760.8308,91.94,331.0,43515.0,92180.07583591863,76.7,0,0.33899545632891714
4313953,72.52,752.2925,74.77,83.0,10212.0,56464.355660007845,74.82,0,0.33899545632891714
4314001,92.98,774.0528,75.0,42.0,7194.0,67869.8915763136,80.0,0,0.33899545632891714
4314027,82.26,768.9495,91.38,53.0,6519.0,35286.70041417395,80.0,0,0.33899545632891714
4314035,73.01,758.9107,93.33,56.0,4319.0,36872.887242417215,75.15,0,0.33899545632891714
4314050,57.83,743.7019,83.06,603.0,52052.0,33154.26880811496,65.06,1,0.33899545632891714
4314068,85.26,763.4212,83.78,31.0,3983.0,36308.81245292493,80.0,0,0.33899545632891714
4314076,88.54,777.5594,89.47,34.0,6025.0,46783.568464730284,80.0,0,0.33899545632891714
4314100,58.54,741.9054,83.89,1255.0,206215.0,68227.529520161,65.53,1,0.33899545632891714
4314159,63.58,750.1889,94.29,66.0,7978.0,37761.59438455753,68.87,0,0.33899545632891714
4314175,64.71,752.6255,89.47,17.0,2061.0,83868.02523047064,69.62,0,0.33899545632891714
4314209,67.71,747.7506,77.78,28.0,7484.0,32391.101015499735,71.61,0,0.33899545632891714
4314308,61.46,756.8552,100.0,28.0,3745.0,78260.08010680908,67.47,0,0.33899545632891714
4314407,50.42,735.3986,,1485.0,325685.0,38322.05658842133,46.81,1,0.33899545632891714
4314423,85.93,774.9042,92.19,59.0,5351.0,73528.68622687347,80.0,0,0.33899545632891714
4314456,56.45,746.1094,95.12,39.0,2959.0,52087.52957080095,64.14,0,0.33899545632891714
4314464,74.14,757.0149,84.0,21.0,2248.0,110772.24199288257,75.92,0,0.33899545632891714
4314472,63.64,753.3361,84.62,11.0,3805.0,131668.3311432326,68.91,0,0.33899545632891714
4314498,85.11,756.8891,96.97,32.0,4540.0,30961.67400881057,80.0,0,0.33899545632891714
4314506,67.1,742.7093,81.58,62.0,11214.0,31915.10611735331,71.2,0,0.33899545632891714
4314605,60.04,741.8389,90.91,40.0,17504.0,42525.194241316276,66.53,0,0.33899545632891714
4314704,72.47,757.1535,91.07,51.0,10406.0,31306.74610801461,74.79,0,0.33899545632891714
4314753,85.45,766.5505,88.46,23.0,2171.0,46418.24044219254,80.0,0,0.33899545632891714
4314779,77.53,755.6161,,28.0,3296.0,82517.59708737863,,0,0.33899545632891714
4314787,60.0,755.5844,88.24,15.0,1575.0,49725.079365079364,66.5,0,0.33899545632891714
4314803,56.04,741.5347,81.58,372.0,34071.0,53320.33107334683,63.86,1,0.33899545632891714
4314902,40.04,726.7029,,2978.0,1332833.0,78586.94375064243,,1,0.33899545632891714
4315008,78.57,756.9832,100.0,14.0,4360.0,29580.73394495413,78.99,0,0.33899545632891714
4315057,41.07,733.5984,87.5,28.0,2142.0,37141.45658263306,53.45,1,0.33899545632891714
4315107,71.76,759.2122,88.57,62.0,9938.0,23151.740792916084,74.31,0,0.33899545632891714
4315131,92.31,782.3814,100.0,13.0,1739.0,33297.2972972973,80.0,0,0.33899545632891714
4315149,87.03,766.1597,92.68,38.0,3077.0,120810.52973675658,80.0,0,0.33899545632891714
4315156,78.42,759.2305,88.46,23.0,5340.0,33993.07116104869,78.88,0,0.33899545632891714
4315172,79.98,768.2097,84.85,28.0,2025.0,46102.71604938272,79.99,0,0.33899545632891714
4315206,87.73,769.4598,86.67,26.0,3747.0,41034.96130237524,80.0,0,0.33899545632891714
4315305,54.77,737.466,72.29,60.0,23500.0,30640.72340425532,63.01,1,0.33899545632891714
4315313,52.94,736.3299,73.91,17.0,1552.0,87965.8505154639,61.78,1,0.33899545632891714
4315354,68.89,750.7357,96.55,28.0,3910.0,44217.647058823524,72.39,0,0.33899545632891714
4315404,81.44,762.6081,83.33,50.0,9738.0,21318.956664612855,80.0,0,0.33899545632891714
4315503,45.49,729.208,79.21,80.0,14939.0,43057.09886873285,56.63,1,0.33899545632891714
4315552,88.89,767.695,90.0,9.0,2835.0,41149.91181657848,80.0,0,0.33899545632891714
4315602,54.17,740.4874,76.02,1325.0,191900.0,73510.57842626366,62.61,1,0.33899545632891714
4315701,73.36,756.2012,89.29,50.0,34654.0,36013.70693137877,75.39,0,0.33899545632891714
4315750,76.01,758.2553,84.85,28.0,4473.0,37060.585736642075,77.2,0,0.33899545632891714
4315800,75.61,758.8881,74.53,79.0,10418.0,60146.957189479755,76.93,0,0.33899545632891714
4315909,88.57,773.0626,92.59,25.0,6654.0,45258.491133152995,80.0,0,0.33899545632891714
4316006,88.63,767.0619,94.74,144.0,21253.0,44747.000423469624,80.0,0,0.33899545632891714
4316105,75.29,763.3232,87.8,36.0,9777.0,41200.3682111077,76.71,0,0.33899545632891714
4316303,75.71,775.5544,84.21,32.0,6576.0,60333.48540145985,77.0,0,0.33899545632891714
4316402,35.19,724.6041,74.42,96.0,36630.0,40903.9858039858,49.0,1,0.33899545632891714
4316428,78.81,764.5082,91.89,34.0,2480.0,27057.25806451613,79.16,0,0.33899545632891714
4316451,81.46,755.8541,89.83,53.0,10203.0,58308.438694501616,80.0,0,0.33899545632891714
4316477,100.0,785.7587,100.0,14.0,2877.0,56399.02676399026,80.0,0,0.33899545632891714
4316501,88.12,770.3198,92.11,70.0,6879.0,57513.59209187382,80.0,0,0.33899545632891714
4316600,74.42,755.9987,88.29,98.0,16399.0,53537.22787974876,76.11,0,0.33899545632891714
4316709,66.04,754.868,89.61,69.0,8122.0,107801.1573504063,70.5,0,0.33899545632891714
4316733,75.0,760.0884,94.12,16.0,1674.0,54576.46356033452,76.51,0,0.33899545632891714
4316758,91.08,770.9476,94.83,55.0,6887.0,62108.900827646285,80.0,0,0.33899545632891714
4316808,64.84,748.6255,84.85,661.0,133246.0,100540.4890203083,69.7,0,0.33899545632891714
4316907,65.32,748.4165,76.9,1272.0,271735.0,40230.45982298931,70.02,1,0.33899545632891714
4316956,78.3,763.8569,85.71,36.0,6340.0,42823.501577287054,78.8,0,0.33899545632891714
4316972,42.41,730.5909,83.33,25.0,2596.0,107207.24191063175,54.43,1,0.33899545632891714
4317004,48.82,743.7768,91.43,32.0,7024.0,33831.007972665146,58.96,1,0.33899545632891714
4317103,49.75,736.3982,74.16,244.0,84421.0,37237.346157946486,59.6,1,0.33899545632891714
4317202,72.42,756.0821,92.13,410.0,76963.0,58864.0775437548,74.76,0,0.33899545632891714
4317301,56.01,739.6446,77.49,210.0,30983.0,64252.62240583546,63.84,1,0.33899545632891714
4317400,72.84,753.1911,87.68,249.0,48938.0,38041.82843598022,75.04,0,0.33899545632891714
4317509,64.36,748.3724,87.5,322.0,76917.0,43941.10534732244,69.39,0,0.33899545632891714
4317558,72.22,765.7648,90.0,18.0,2091.0,53766.1406025825,74.62,0,0.33899545632891714
4317608,77.32,759.0197,94.04,205.0,42947.0,50733.01976855194,78.11,0,0.33899545632891714
4317707,73.47,745.9666,91.89,68.0,10300.0,42070.19417475728,75.47,0,0.33899545632891714
4317756,77.14,751.1254,93.55,29.0,2089.0,79773.57587362375,77.99,0,0.33899545632891714
4317806,77.71,753.6966,90.53,86.0,13902.0,52398.9354049777,78.38,0,0.33899545632891714
4317905,76.02,756.2408,91.8,112.0,15320.0,50040.2088772846,77.21,0,0.33899545632891714
4317954,100.0,764.4808,100.0,10.0,2349.0,44928.48020434228,80.0,0,0.33899545632891714
4318002,65.4,748.853,82.88,368.0,59676.0,42737.24780481266,70.07,0,0.33899545632891714
4318101,58.21,744.9478,80.0,108.0,17618.0,33634.294471563175,65.31,1,0.33899545632891714
4318200,56.8,741.758,88.6,101.0,21893.0,54907.13926825927,64.37,1,0.33899545632891714
4318309,61.13,746.6991,83.11,428.0,58487.0,45872.17672303248,67.25,1,0.33899545632891714
4318424,76.53,753.8758,93.94,31.0,4461.0,44443.17417619368,77.56,0,0.33899545632891714
4318440,76.67,757.1652,88.24,30.0,2912.0,38857.82967032967,77.66,0,0.33899545632891714
4318457,78.44,764.8667,79.31,23.0,2362.0,32295.088907705333,78.89,0,0.33899545632891714
4318481,78.76,764.0001,94.87,37.0,4447.0,33538.56532493816,79.12,0,0.33899545632891714
4318499,82.48,765.423,96.67,29.0,2406.0,88984.62177888611,80.0,0,0.33899545632891714
4318507,53.9,740.5654,87.55,225.0,25443.0,50051.64485320127,62.43,1,0.33899545632891714
4318606,62.54,759.3784,89.47,34.0,6834.0,62370.207784606384,68.18,0,0.33899545632891714
4318614,85.0,766.3807,86.96,20.0,2380.0,46854.621848739494,80.0,0,0.33899545632891714
4318622,61.59,743.0863,,47.0,4172.0,42468.120805369115,,0,0.33899545632891714
4318705,57.01,740.6327,76.75,1690.0,217409.0,54003.80389036332,64.51,1,0.33899545632891714
4318804,79.09,755.7248,82.39,234.0,41989.0,40953.4878182381,79.35,0,0.33899545632891714
4318903,80.28,758.5641,81.68,156.0,34752.0,49291.839318600374,80.0,0,0.33899545632891714
4319000,83.78,763.7375,87.77,122.0,21084.0,70610.7474862455,80.0,0,0.33899545632891714
4319109,83.57,770.5755,89.09,49.0,5481.0,55635.650428753885,80.0,0,0.33899545632891714
4319125,76.47,753.4194,73.91,17.0,2860.0,73849.65034965036,77.52,0,0.33899545632891714
4319158,76.3,754.664,86.21,50.0,7056.0,73296.76870748299,77.4,0,0.33899545632891714
4319208,57.89,745.0897,90.48,19.0,5118.0,34925.55685814771,65.1,1,0.33899545632891714
4319307,77.73,759.1647,95.0,57.0,5846.0,36726.47964420116,78.4,0,0.33899545632891714
4319356,80.67,763.4491,91.3,42.0,3548.0,34569.05298759865,80.0,0,0.33899545632891714
4319364,90.0,765.7222,90.91,10.0,1757.0,41497.438816163914,80.0,0,0.33899545632891714
4319372,85.71,769.2515,100.0,14.0,3070.0,45434.85342019544,80.0,0,0.33899545632891714
4319406,77.14,760.4451,94.44,119.0,15577.0,32471.1433523785,77.99,0,0.33899545632891714
4319505,57.7,740.4438,85.64,155.0,24428.0,45995.087604388405,64.97,1,0.33899545632891714
4319604,82.29,760.2966,82.96,112.0,21219.0,49932.08916537066,80.0,0,0.33899545632891714
4319703,91.76,801.6236,93.94,31.0,3264.0,38259.19117647059,80.0,0,0.33899545632891714
4319711,94.12,773.8866,89.47,17.0,2207.0,38449.02582691436,80.0,0,0.33899545632891714
4319737,71.43,746.4805,87.5,14.0,2543.0,26677.546205269366,74.09,0,0.33899545632891714
4319752,100.0,771.3052,93.75,15.0,2251.0,46784.095957352285,80.0,0,0.33899545632891714
4319802,77.33,760.6601,89.47,68.0,8097.0,58032.110658268495,78.12,0,0.33899545632891714
4319901,72.77,751.2139,82.8,703.0,75648.0,61786.88134517767,74.99,0,0.33899545632891714
4320008,59.14,743.2512,80.11,1132.0,132107.0,35799.82892655196,65.93,1,0.33899545632891714
4320107,71.47,755.8525,89.55,180.0,22851.0,62476.959432847565,74.12,0,0.33899545632891714
4320206,83.74,760.5635,94.12,64.0,11950.0,69246.52719665272,80.0,0,0.33899545632891714
4320230,85.29,765.2831,100.0,34.0,2704.0,45338.3875739645,80.0,0,0.33899545632891714
4320263,75.0,758.1678,100.0,20.0,6009.0,30235.646530204693,76.51,0,0.33899545632891714
4320321,83.97,764.9609,92.59,25.0,2673.0,34939.393939393936,80.0,0,0.33899545632891714
4320354,73.81,755.2835,80.36,45.0,5306.0,33904.44779494911,75.7,0,0.33899545632891714
4320404,83.22,766.102,83.33,125.0,16961.0,58281.70508814338,80.0,0,0.33899545632891714
4320453,85.41,763.5525,84.21,16.0,1941.0,36233.38485316847,80.0,0,0.33899545632891714
4320578,78.57,763.6475,93.33,14.0,1830.0,42178.14207650273,78.99,0,0.33899545632891714
4320651,66.67,755.0677,78.26,18.0,2028.0,35603.55029585799,70.92,0,0.33899545632891714
4320677,69.64,752.0923,88.61,70.0,8557.0,29013.32242608391,72.89,0,0.33899545632891714
4320701,82.34,762.6404,93.0,93.0,14226.0,36780.54266835372,80.0,0,0.33899545632891714
4320800,66.25,749.3575,87.34,69.0,29991.0,43774.53235970792,70.64,0,0.33899545632891714
4320859,59.69,746.7036,82.14,46.0,4461.0,39509.9753418516,66.3,1,0.33899545632891714
4320909,69.7,752.5675,90.96,302.0,24557.0,76169.60540782669,72.93,0,0.33899545632891714
4321006,61.35,750.8048,88.89,48.0,10592.0,55150.01888217522,67.4,0,0.33899545632891714
4321105,58.59,736.15,83.33,85.0,14695.0,43150.051037767946,65.57,1,0.33899545632891714
4321204,63.93,750.4948,94.56,400.0,53240.0,34105.46581517656,69.1,0,0.33899545632891714
4321303,49.6,735.421,74.45,102.0,25198.0,44596.59496785458,59.5,1,0.33899545632891714
4321329,83.99,768.117,89.29,25.0,3119.0,60383.776851554976,80.0,0,0.33899545632891714
4321352,65.7,752.6659,90.24,37.0,5212.0,26079.048349961628,70.27,0,0.33899545632891714
4321402,67.61,751.1757,93.43,128.0,14497.0,42416.637925087954,71.54,0,0.33899545632891714
4321436,66.9,749.8817,81.6,102.0,10334.0,33149.79678730405,71.07,0,0.33899545632891714
4321451,83.41,763.4924,85.33,221.0,32797.0,61083.36128304417,80.0,0,0.33899545632891714
4321469,87.5,768.9049,88.89,32.0,3267.0,53124.88521579431,80.0,0,0.33899545632891714
4321493,100.0,792.9557,92.86,13.0,2554.0,32225.5285826155,80.0,0,0.33899545632891714
4321501,62.86,744.7822,73.24,249.0,41751.0,43963.71344398936,68.39,1,0.33899545632891714
4321600,54.39,737.4222,80.05,610.0,54387.0,29046.003640575873,62.76,1,0.33899545632891714
4321626,87.67,767.8928,96.0,24.0,2152.0,39999.07063197026,80.0,0,0.33899545632891714
4321634,100.0,781.5986,100.0,12.0,2591.0,51829.79544577383,80.0,0,0.33899545632891714
4321667,87.85,765.4112,88.89,72.0,10962.0,34006.84181718664,80.0,0,0.33899545632891714
4321709,55.48,743.5854,82.42,272.0,23920.0,43732.14882943144,63.49,1,0.33899545632891714
4321808,79.03,757.5476,90.91,150.0,24916.0,61208.94204527211,79.31,0,0.33899545632891714
4321857,80.96,759.1332,93.18,41.0,4716.0,35178.32909245123,80.0,0,0.33899545632891714
4321907,82.86,762.9871,89.71,244.0,25436.0,48279.28919641453,80.0,0,0.33899545632891714
4321956,82.51,757.4291,85.25,52.0,7556.0,53405.373213340405,80.0,0,0.33899545632891714
4322004,66.82,753.4741,92.09,256.0,27498.0,275341.29754891264,71.02,0,0.33899545632891714
4322152,68.21,748.65,91.67,22.0,3681.0,25604.45531105678,71.94,0,0.33899545632891714
4322202,71.92,753.1965,91.36,148.0,20005.0,63746.76330917271,74.42,0,0.33899545632891714
4322251,81.98,766.8318,90.41,66.0,5029.0,120151.9188705508,80.0,0,0.33899545632891714
4322301,88.1,769.378,92.54,62.0,8363.0,44841.085734784174,80.0,0,0.33899545632891714
4322327,82.83,758.4017,95.45,42.0,3419.0,47185.141854343376,80.0,0,0.33899545632891714
4322376,58.82,751.1606,85.0,17.0,1995.0,35608.02005012532,65.72,1,0.33899545632891714
4322400,61.3,743.3323,79.27,673.0,117210.0,33406.3134544834,67.36,1,0.33899545632891714
4322509,65.96,747.8091,82.01,474.0,64197.0,57655.85619265698,70.45,0,0.33899545632891714
4322525,85.54,766.1005,91.07,51.0,3150.0,49796.8253968254,80.0,0,0.33899545632891714
4322533,86.11,769.2453,91.67,22.0,9902.0,38425.46960210058,80.0,0,0.33899545632891714
4322541,76.3,762.3951,90.38,47.0,6058.0,49206.17365467151,77.4,0,0.33899545632891714
4322558,83.67,764.9576,96.0,24.0,2004.0,40780.439121756484,80.0,0,0.33899545632891714
4322608,78.14,760.2502,92.91,262.0,68763.0,68105.43460872852,78.68,0,0.33899545632891714
4322707,66.46,747.5481,90.05,181.0,26714.0,42177.734521224826,70.78,0,0.33899545632891714
4322806,77.14,762.2902,84.36,205.0,24021.0,99721.78510470004,77.99,0,0.33899545632891714
4322855,81.25,770.1301,94.12,16.0,1818.0,57397.139713971395,80.0,0,0.33899545632891714
4322905,86.68,772.3538,83.33,25.0,4766.0,40122.32480067142,80.0,0,0.33899545632891714
4323002,58.86,742.42,81.78,2236.0,224124.0,24741.589477253663,65.74,1,0.33899545632891714
4323101,72.28,763.6852,86.49,32.0,4665.0,31696.46302250804,74.66,0,0.33899545632891714
4323200,88.92,771.8751,89.29,25.0,2780.0,84803.59712230216,80.0,0,0.33899545632891714
4323309,90.54,773.8408,95.45,42.0,3646.0,103321.17388919364,80.0,0,0.33899545632891714
4323358,71.21,755.5786,93.1,27.0,2079.0,74685.42568542568,73.94,0,0.33899545632891714
4323457,49.03,737.8001,82.22,37.0,3863.0,56302.87341444473,59.11,1,0.33899545632891714
4323507,90.0,767.2092,76.92,10.0,2660.0,51573.308270676695,80.0,0,0.33899545632891714
4323606,95.03,771.8497,90.48,19.0,1590.0,48029.55974842768,80.0,0,0.33899545632891714
4323770,82.91,768.5612,81.48,22.0,3098.0,75751.45255003228,80.0,0,0.33899545632891714
4323804,56.84,741.0682,80.73,222.0,16463.0,55561.197837575164,64.4,1,0.33899545632891714
5000203,70.19,765.9648,91.22,322.0,16741.0,92266.4715369452,73.26,0,0.33899545632891714
5000252,76.7,776.2462,91.07,102.0,4537.0,84718.5364778488,77.68,0,0.33899545632891714
5000609,42.01,732.3475,93.14,625.0,39325.0,61697.67323585505,54.14,1,0.33899545632891714
5000708,27.37,711.5978,83.0,376.0,24114.0,32505.63987724973,42.53,1,0.33899545632891714
5000807,65.19,758.5781,97.79,133.0,7653.0,81498.75865673592,69.94,0,0.33899545632891714
5000856,92.96,815.3627,94.31,199.0,10729.0,115898.12657283996,80.0,0,0.33899545632891714
5000906,54.07,741.618,91.78,134.0,9303.0,91559.81941309255,62.54,1,0.33899545632891714
5001003,51.45,736.1858,86.14,379.0,27674.0,79107.53776107538,60.77,1,0.33899545632891714
5001102,70.0,764.9442,84.72,599.0,46803.0,30712.79618827853,73.13,0,0.33899545632891714
5001243,73.91,766.3748,95.29,182.0,10748.0,125488.64905098625,75.77,0,0.33899545632891714
5001508,25.95,706.3941,97.53,158.0,7940.0,126114.10579345087,41.27,1,0.33899545632891714
5001904,37.66,724.5926,96.05,316.0,23031.0,79975.5546871608,50.9,1,0.33899545632891714
5002001,45.7,735.6087,94.42,186.0,10712.0,73266.33681852129,56.78,1,0.33899545632891714
5002100,43.77,731.2532,85.25,312.0,21613.0,54425.577198908075,55.41,1,0.33899545632891714
5002159,44.62,735.2293,78.18,129.0,8567.0,45105.63791292168,56.02,1,0.33899545632891714
5002209,53.37,743.2975,89.51,384.0,23659.0,67060.18851177141,62.07,1,0.33899545632891714
5002308,51.72,741.7269,90.1,173.0,11579.0,100131.01304084982,60.95,1,0.33899545632891714
5002407,52.93,743.357,89.62,406.0,30612.0,83401.4438782177,61.77,1,0.33899545632891714
5002605,32.2,716.2563,95.35,205.0,13583.0,64218.213943900475,46.61,1,0.33899545632891714
5002704,41.61,726.7477,83.99,9345.0,898100.0,47065.76995880192,53.84,1,0.33899545632891714
5002803,49.46,738.9099,85.32,93.0,5036.0,49870.53216838761,59.4,1,0.33899545632891714
5002902,37.72,720.4978,89.72,288.0,20988.0,50503.76405565085,50.95,1,0.33899545632891714
5002951,43.31,732.2222,94.26,476.0,30993.0,107428.35478979124,55.08,1,0.33899545632891714
5003108,45.65,713.6102,95.83,92.0,4783.0,36075.893790508046,56.75,1,0.33899545632891714
5003157,78.98,781.751,96.32,314.0,14289.0,27170.620757225843,79.28,0,0.33899545632891714
5003207,41.52,730.3295,86.66,1286.0,96268.0,43497.621224082766,53.78,1,0.33899545632891714
5003256,38.85,727.7734,92.23,451.0,26037.0,128336.25225640435,51.8,1,0.33899545632891714
5003306,39.69,722.6428,86.9,451.0,32151.0,43570.43326801655,52.43,1,0.33899545632891714
5003454,97.01,793.4862,94.32,166.0,13663.0,52157.87162409427,80.0,0,0.33899545632891714
5003488,38.16,723.4203,91.89,204.0,11100.0,41151.08108108108,51.28,1,0.33899545632891714
5003504,28.79,721.5978,81.25,65.0,5578.0,46611.50950161348,43.76,1,0.33899545632891714
5003702,40.43,727.1128,82.9,3038.0,243367.0,83240.34482900311,52.98,1,0.33899545632891714
5003751,75.4,768.648,86.9,126.0,11386.0,61882.31161075004,76.78,0,0.33899545632891714
5003801,60.8,754.37,95.24,300.0,20609.0,37329.952933184526,67.03,0,0.33899545632891714
5003900,58.57,741.2732,94.52,69.0,3539.0,52793.1619101441,65.55,0,0.33899545632891714
5004007,78.91,785.5267,87.41,125.0,10444.0,43080.237456913055,79.23,0,0.33899545632891714
5004106,46.91,738.6447,87.85,159.0,9940.0,48048.289738430576,57.63,1,0.33899545632891714
5004304,38.28,733.762,90.48,209.0,13808.0,69712.70278099652,51.37,1,0.33899545632891714
5004403,33.64,716.0745,86.4,108.0,8404.0,112601.975249881,47.77,1,0.33899545632891714
5004502,69.03,759.9415,91.8,224.0,24137.0,63208.1037411443,72.48,0,0.33899545632891714
5004601,73.35,771.4235,95.54,364.0,19423.0,79624.82623693558,75.39,0,0.33899545632891714
5004700,61.82,754.4988,93.48,459.0,27821.0,72084.72017540706,67.71,0,0.33899545632891714
5004809,12.68,699.4701,81.61,142.0,8148.0,29722.017673048602,27.25,1,0.33899545632891714
5004908,38.46,729.403,93.64,103.0,7139.0,100532.42751085588,51.51,1,0.33899545632891714
5005004,35.28,718.503,83.83,337.0,23981.0,47130.519994996044,49.07,1,0.33899545632891714
5005103,66.67,763.402,75.0,9.0,3586.0,203563.30172894592,70.92,0,0.33899545632891714
5005152,22.63,703.5564,88.31,136.0,6729.0,76969.83207014414,38.18,1,0.33899545632891714
5005202,25.17,700.7144,91.48,290.0,21522.0,19546.742867763216,40.56,1,0.33899545632891714
5005251,83.01,779.8318,96.23,153.0,6799.0,184975.7317252537,80.0,0,0.33899545632891714
5005400,40.62,727.7175,88.98,646.0,45047.0,131446.31163007527,53.12,1,0.33899545632891714
5005608,26.61,708.2446,83.33,385.0,25536.0,30640.46835839599,41.86,1,0.33899545632891714
5005681,83.81,799.9189,94.59,210.0,19193.0,53050.33084978899,80.0,0,0.33899545632891714
5005707,60.27,750.1117,91.93,809.0,50457.0,72739.3027726579,66.68,0,0.33899545632891714
5005806,53.94,740.0698,92.55,236.0,13220.0,46806.65658093797,62.45,1,0.33899545632891714
5006002,37.23,721.7813,84.02,368.0,21822.0,118807.396205664,50.57,1,0.33899545632891714
5006200,58.38,752.2081,93.78,678.0,48563.0,73486.91390564834,65.43,0,0.33899545632891714
5006259,47.37,735.3844,100.0,95.0,4721.0,95506.4604956577,57.95,1,0.33899545632891714
5006275,76.38,770.0432,94.07,127.0,5510.0,252215.2450090744,77.46,0,0.33899545632891714
5006309,30.65,713.7666,92.15,493.0,40957.0,49127.27983006568,45.33,1,0.33899545632891714
5006358,44.89,736.5251,97.78,176.0,12921.0,28727.110904728735,56.21,1,0.33899545632891714
5006408,33.66,720.8064,83.47,101.0,6941.0,66407.4340873073,47.79,1,0.33899545632891714
5006606,57.76,748.2462,91.34,1530.0,92017.0,65963.78929980329,65.01,0,0.33899545632891714
5006903,30.48,718.3579,93.97,187.0,12859.0,44444.43580371724,45.19,1,0.33899545632891714
5007109,34.35,722.3262,87.81,425.0,23150.0,144850.36717062636,48.34,1,0.33899545632891714
5007208,40.18,729.9673,90.14,567.0,37601.0,101963.00630302387,52.79,1,0.33899545632891714
5007307,53.09,743.9598,91.01,81.0,4841.0,35196.44701507953,61.88,1,0.33899545632891714
5007406,47.3,739.453,92.31,312.0,19818.0,46755.32344333433,57.9,1,0.33899545632891714
5007505,38.71,721.4522,82.3,93.0,5199.0,67770.14810540488,51.7,1,0.33899545632891714
5007554,48.28,737.9546,93.55,116.0,7027.0,91499.50192116125,58.59,1,0.33899545632891714
5007695,52.32,742.0149,91.14,473.0,29579.0,97496.5347036749,61.36,1,0.33899545632891714
5007703,54.25,736.1887,96.23,153.0,10994.0,44928.961251591776,62.66,1,0.33899545632891714
5007802,26.67,705.7881,88.82,135.0,8142.0,330535.2493244903,41.91,1,0.33899545632891714
5007901,36.19,718.4406,80.16,723.0,47118.0,87065.36779999151,49.77,1,0.33899545632891714
5007935,47.5,734.3211,95.67,199.0,14516.0,102582.87406999174,58.04,1,0.33899545632891714
5007950,51.61,740.7491,78.39,185.0,10808.0,34988.06439674316,60.88,1,0.33899545632891714
5007976,78.85,772.5021,100.0,52.0,3625.0,59412.137931034486,79.18,0,0.33899545632891714
5008008,60.42,752.5873,91.95,240.0,17652.0,76396.10242465441,66.78,0,0.33899545632891714
5008305,69.86,768.983,96.31,1669.0,132152.0,111703.31133845876,73.04,0,0.33899545632891714
5008404,65.38,755.2566,91.57,76.0,6336.0,60721.906565656565,70.06,0,0.33899545632891714
5100102,38.04,732.09,86.44,51.0,5014.0,33780.01595532509,51.19,1,0.33899545632891714
5100201,59.1,748.94,86.77,374.0,29219.0,84866.52520620145,65.9,0,0.33899545632891714
5100250,53.52,744.67,88.36,683.0,58613.0,51773.37791957416,62.17,1,0.33899545632891714
5100300,73.84,768.83,84.36,177.0,17193.0,118455.70871866455,75.72,0,0.33899545632891714
5100359,93.68,789.76,92.08,93.0,5715.0,53846.369203849514,80.0,0,0.33899545632891714
5100409,40.74,732.25,90.21,175.0,13052.0,94491.87863928899,53.21,1,0.33899545632891714
5100508,67.56,758.64,83.81,88.0,8009.0,21382.31989012361,71.51,0,0.33899545632891714
5100607,72.32,763.75,94.24,180.0,10904.0,109576.85253118121,74.69,0,0.33899545632891714
5100805,48.69,742.17,90.48,95.0,8590.0,33929.33643771828,58.87,1,0.33899545632891714
5101001,100.0,838.33,94.34,50.0,3795.0,44533.59683794466,80.0,0,0.33899545632891714
5101209,22.22,714.96,90.0,18.0,1010.0,30789.10891089109,37.78,1,0.33899545632891714
5101258,48.48,740.86,90.57,192.0,14786.0,58458.13607466523,58.73,1,0.33899545632891714
5101308,62.33,752.79,96.23,51.0,10576.0,30774.11119515885,68.04,0,0.33899545632891714
5101407,60.16,752.05,85.56,403.0,24626.0,58959.47372695525,66.61,0,0.33899545632891714
5101605,60.04,750.46,88.89,40.0,7253.0,19806.562801599335,66.53,0,0.33899545632891714
5101704,50.91,740.95,87.9,414.0,29403.0,60340.713532632726,60.4,1,0.33899545632891714
5101803,61.17,753.77,90.71,703.0,69210.0,51115.38794971824,67.28,0,0.33899545632891714
5101852,31.32,708.33,78.85,123.0,7280.0,137636.53846153847,45.89,1,0.33899545632891714
5101902,51.92,743.96,86.75,288.0,17004.0,156909.6095036462,61.09,1,0.33899545632891714
5102504,47.53,739.62,87.98,1142.0,89681.0,31174.15060046164,58.07,1,0.33899545632891714
5102603,38.79,723.65,80.83,156.0,15347.0,40063.59549097543,51.76,1,0.33899545632891714
5102637,62.23,754.66,88.12,727.0,45899.0,172492.49438985597,67.98,0,0.33899545632891714
5102678,56.21,747.03,90.48,646.0,44585.0,114368.17315240552,63.98,0,0.33899545632891714
5102686,48.17,740.07,87.63,170.0,8822.0,329299.36522330536,58.51,1,0.33899545632891714
5102694,34.68,729.46,91.95,80.0,4485.0,66674.47045707915,48.6,1,0.33899545632891714
5102702,32.45,718.44,85.77,241.0,25858.0,116043.54551782814,46.81,1,0.33899545632891714
5102793,42.52,734.96,85.71,108.0,10332.0,40950.251645373595,54.51,1,0.33899545632891714
5102850,63.1,758.38,81.93,68.0,7506.0,34846.38955502265,68.55,0,0.33899545632891714
5103007,47.7,737.44,84.82,257.0,18990.0,95713.32280147447,58.18,1,0.33899545632891714
5103056,58.39,750.96,91.5,140.0,9593.0,124317.00198061086,65.43,0,0.33899545632891714
5103106,78.71,776.26,85.19,69.0,6220.0,58471.06109324759,79.08,0,0.33899545632891714
5103205,49.25,740.37,90.02,433.0,31370.0,62423.39815109978,59.26,1,0.33899545632891714
5103254,41.71,732.03,86.9,431.0,25766.0,33073.62415586432,53.92,1,0.33899545632891714
5103304,57.77,745.9,89.05,252.0,18238.0,59657.089593157136,65.02,1,0.33899545632891714
5103353,35.6,724.08,86.84,574.0,35075.0,56101.952957947244,49.32,1,0.33899545632891714
5103361,40.85,732.76,89.09,49.0,3760.0,47646.80851063829,53.29,1,0.33899545632891714
5103379,58.35,747.78,86.53,167.0,11011.0,29765.779674870584,65.41,1,0.33899545632891714
5103403,53.94,744.14,82.19,6035.0,650877.0,59997.13156249184,62.45,1,0.33899545632891714
5103437,33.24,717.42,84.34,70.0,4903.0,27693.045074444217,47.45,1,0.33899545632891714
5103452,58.18,748.4,93.06,67.0,7014.0,110814.65640148276,65.29,0,0.33899545632891714
5103502,52.11,741.26,88.26,248.0,21941.0,261696.27637755798,61.22,1,0.33899545632891714
5103601,88.28,789.44,97.92,94.0,7872.0,92077.48983739837,80.0,0,0.33899545632891714
5103700,65.18,754.2,91.01,172.0,10521.0,109429.80705256153,69.93,0,0.33899545632891714
5103809,86.02,784.98,86.36,38.0,3187.0,35317.5400062755,80.0,0,0.33899545632891714
5103858,45.03,730.63,83.2,104.0,8642.0,160370.40037028465,56.31,1,0.33899545632891714
5103908,89.12,795.72,82.05,32.0,6037.0,83898.1282093755,80.0,0,0.33899545632891714
5103957,90.57,779.91,97.14,34.0,2905.0,39644.750430292595,80.0,0,0.33899545632891714
5104104,60.81,752.0,89.23,439.0,31024.0,41462.38396080454,67.04,0,0.33899545632891714
5104203,86.43,794.73,96.55,112.0,10966.0,64382.27247857013,80.0,0,0.33899545632891714
5104500,44.71,732.77,86.84,33.0,2213.0,49552.64347040217,56.08,1,0.33899545632891714
5104526,61.83,753.04,90.96,161.0,7815.0,278315.6749840051,67.71,0,0.33899545632891714
5104542,89.0,789.24,87.5,133.0,7539.0,113564.92903568111,80.0,0,0.33899545632891714
5104559,57.99,749.11,87.25,89.0,5020.0,132810.1593625498,65.17,0,0.33899545632891714
5104609,42.56,732.48,88.43,237.0,12236.0,167482.75580254983,54.54,1,0.33899545632891714
5104807,57.01,746.82,87.41,257.0,28569.0,59909.97234764955,64.51,1,0.33899545632891714
5104906,55.89,742.01,79.63,43.0,7426.0,28319.552922165363,63.76,1,0.33899545632891714
5105002,46.7,734.72,92.48,122.0,8367.0,44391.538185729645,57.48,1,0.33899545632891714
5105101,53.34,739.35,84.14,297.0,34906.0,53258.03586775912,62.05,1,0.33899545632891714
5105150,45.51,738.61,89.45,534.0,45869.0,40234.929909088925,56.65,1,0.33899545632891714
5105176,59.71,751.46,89.93,134.0,10213.0,37799.960834230886,66.31,0,0.33899545632891714
5105200,48.65,741.9,84.75,100.0,11480.0,48349.216027874565,58.84,1,0.33899545632891714
5105234,87.13,764.83,93.94,31.0,4790.0,59335.90814196242,80.0,0,0.33899545632891714
5105259,63.96,755.16,89.15,1307.0,83798.0,98319.36323062604,69.12,0,0.33899545632891714
5105309,37.65,725.76,90.63,29.0,2509.0,38012.754085292945,50.89,1,0.33899545632891714
5105507,46.76,732.83,78.33,159.0,16774.0,56436.330034577324,57.53,1,0.33899545632891714
5105580,62.31,758.21,90.29,186.0,11396.0,90320.46332046333,68.03,0,0.33899545632891714
5105606,65.6,761.75,85.63,298.0,20091.0,89129.16231148275,70.21,0,0.33899545632891714
5105622,51.68,740.97,91.26,157.0,26785.0,43433.97423931305,60.92,1,0.33899545632891714
5105903,56.94,749.94,89.55,197.0,15492.0,96343.46759617866,64.47,0,0.33899545632891714
5106000,47.48,741.17,91.36,74.0,5956.0,67058.26057756884,58.03,1,0.33899545632891714
5106109,68.54,769.52,94.57,122.0,12940.0,33510.510046367854,72.16,0,0.33899545632891714
5106158,73.3,775.43,95.87,209.0,13635.0,37113.75137513752,75.35,0,0.33899545632891714
5106174,45.8,749.39,93.18,41.0,4200.0,43738.571428571435,56.85,1,0.33899545632891714
5106182,55.17,755.74,96.33,105.0,6670.0,72989.05547226388,63.28,0,0.33899545632891714
5106190,79.22,782.58,95.83,69.0,4239.0,114128.56805850436,79.45,0,0.33899545632891714
5106208,55.65,745.09,89.06,57.0,3932.0,55116.988809766015,63.6,1,0.33899545632891714
5106216,56.56,749.28,95.6,152.0,11707.0,90368.32664217988,64.21,0,0.33899545632891714
5106224,64.2,758.78,87.85,889.0,55839.0,136949.60511470478,69.28,0,0.33899545632891714
5106232,50.74,740.77,92.64,239.0,16352.0,47209.14872798435,60.28,1,0.33899545632891714
5106240,73.23,774.32,85.14,189.0,11530.0,276222.6366001735,75.3,0,0.33899545632891714
5106257,71.61,764.64,82.39,262.0,24345.0,48683.179297597046,74.21,0,0.33899545632891714
5106265,53.62,744.94,86.67,117.0,6520.0,96163.19018404909,62.24,1,0.33899545632891714
5106273,62.97,759.3,98.15,53.0,3349.0,39607.64407285757,68.47,0,0.33899545632891714
5106281,58.82,748.3,88.99,97.0,6919.0,134538.5171267524,65.72,0,0.33899545632891714
5106299,60.69,752.89,91.75,178.0,11671.0,71382.82923485563,66.96,0,0.33899545632891714
5106307,45.39,739.39,84.39,319.0,26423.0,110538.01612231768,56.56,1,0.33899545632891714
5106315,71.23,762.19,97.44,38.0,2015.0,35485.359801488834,73.96,0,0.33899545632891714
5106372,56.73,750.59,89.31,259.0,18066.0,82518.26635669214,64.33,0,0.33899545632891714
5106422,36.06,728.81,84.64,463.0,32714.0,35042.76456562939,49.67,1,0.33899545632891714
5106455,58.62,760.09,98.41,62.0,3166.0,93512.31838281745,65.58,0,0.33899545632891714
5106505,31.43,715.44,91.82,359.0,31217.0,27609.123234135248,45.98,1,0.33899545632891714
5106653,69.67,760.36,89.04,65.0,6932.0,35297.46105020196,72.91,0,0.33899545632891714
5106703,76.77,779.42,81.82,18.0,2008.0,24828.685258964142,77.73,0,0.33899545632891714
5106752,65.94,759.14,87.3,667.0,52018.0,54919.547079856966,71.81,0,0.33899545632891714
5106778,31.09,724.25,88.83,183.0,12127.0,46040.24078502515,45.7,1,0.33899545632891714
5106802,75.58,774.28,85.29,58.0,5593.0,258304.13016270337,76.91,0,0.33899545632891714
5106828,43.95,733.55,90.85,149.0,10204.0,31726.185809486477,55.54,1,0.33899545632891714
5106851,89.12,787.85,95.74,45.0,3224.0,30969.91315136477,80.0,0,0.33899545632891714
5107008,47.11,736.84,92.31,264.0,23283.0,53343.94193188162,57.77,1,0.33899545632891714
5107040,49.15,741.15,88.92,1140.0,85146.0,100664.84626406408,59.19,1,0.33899545632891714
5107065,57.84,753.1,90.77,423.0,26769.0,140882.8122081512,65.07,0,0.33899545632891714
5107107,90.1,795.97,94.93,131.0,17849.0,30834.10835340916,80.0,0,0.33899545632891714
5107156,76.26,783.8,81.25,26.0,2122.0,25459.00094250707,77.38,0,0.33899545632891714
5107180,63.42,756.94,85.9,134.0,10089.0,80732.08444840915,68.76,0,0.33899545632891714
5107198,48.96,743.76,92.45,49.0,2593.0,74378.7119166988,59.06,1,0.33899545632891714
5107206,48.15,737.87,91.14,72.0,4535.0,28642.778390297684,58.5,1,0.33899545632891714
5107248,71.5,765.45,92.73,102.0,5374.0,210850.94901377,74.14,0,0.33899545632891714
5107263,52.08,748.37,87.5,28.0,2519.0,76907.89996030171,61.2,1,0.33899545632891714
5107297,80.66,768.09,87.5,35.0,2875.0,24409.04347826087,80.0,0,0.33899545632891714
5107305,73.17,764.34,86.33,240.0,14911.0,112872.10783984975,75.26,0,0.33899545632891714
5107354,51.3,742.69,89.05,122.0,5964.0,141378.60496311198,60.66,1,0.33899545632891714
5107404,72.89,766.48,95.12,78.0,4191.0,19347.41111906466,75.07,0,0.33899545632891714
5107602,52.75,743.83,86.18,3037.0,244911.0,67650.08513296666,61.65,1,0.33899545632891714
5107701,53.65,744.77,86.59,155.0,15453.0,42087.426389697794,62.26,1,0.33899545632891714
5107743,53.52,746.75,77.61,52.0,2661.0,225944.75760992107,62.17,1,0.33899545632891714
5107750,95.24,808.75,93.33,42.0,3679.0,32653.1666213645,80.0,0,0.33899545632891714
5107768,64.77,756.01,91.49,86.0,3276.0,409443.52869352873,69.66,0,0.33899545632891714
5107776,39.81,736.0,82.35,28.0,7596.0,40302.39599789363,52.52,1,0.33899545632891714
5107792,60.97,750.94,83.33,55.0,4099.0,320476.2137106611,67.14,0,0.33899545632891714
5107859,34.84,720.41,81.12,159.0,13621.0,172659.27611775935,48.72,1,0.33899545632891714
5107875,69.76,762.99,84.85,420.0,28944.0,221470.66749585405,72.97,0,0.33899545632891714
5107883,65.34,760.31,94.44,34.0,1800.0,88917.77777777778,70.03,0,0.33899545632891714
5107909,57.03,747.32,87.51,2459.0,196312.0,59782.626635152206,64.53,1,0.33899545632891714
5107925,79.08,781.08,90.48,1729.0,110635.0,124271.31558729154,79.35,0,0.33899545632891714
5107941,51.43,745.27,83.49,182.0,9818.0,156889.284986759,60.75,1,0.33899545632891714
5107958,48.7,739.12,87.72,1200.0,106434.0,52635.43604487288,58.88,1,0.33899545632891714
5108006,55.92,751.69,92.38,194.0,14370.0,171709.60334029226,63.78,0,0.33899545632891714
5108055,58.72,750.94,86.46,166.0,10616.0,53828.93745290128,65.65,0,0.33899545632891714
5108105,,,,,3025.0,108088.59504132232,57.7,1,0.33899545632891714
5108204,95.14,812.74,91.49,43.0,4164.0,58018.49183477426,80.0,0,0.33899545632891714
5108303,60.38,757.17,91.25,73.0,3838.0,156757.9468473163,66.75,0,0.33899545632891714
5108352,48.81,738.29,91.11,41.0,2904.0,28002.06611570248,58.95,1,0.33899545632891714
5108402,47.94,738.94,90.68,3638.0,300078.0,46601.94349469138,58.35,1,0.33899545632891714
5108501,34.76,724.96,89.23,174.0,12800.0,117523.75,48.66,1,0.33899545632891714
5108600,47.89,733.29,90.6,270.0,19888.0,46290.27554304103,58.32,1,0.33899545632891714
5108808,68.02,757.54,94.59,70.0,4590.0,51616.99346405229,71.81,0,0.33899545632891714
5108857,44.14,735.32,96.67,58.0,3529.0,156361.29215075093,55.67,1,0.33899545632891714
5108907,61.75,752.73,87.85,94.0,5846.0,255023.77694149848,67.66,0,0.33899545632891714
5108956,77.16,768.43,94.04,142.0,8313.0,53163.83976903645,78.0,0,0.33899545632891714
5200050,59.84,748.6854,88.15,320.0,19128.0,24988.65537432037,66.39,0,0.33899545632891714
5200100,78.96,762.9923,80.67,192.0,17232.0,36735.43407613742,79.26,0,0.33899545632891714
5200134,58.49,745.9411,88.81,262.0,21568.0,55089.901706231445,65.5,1,0.33899545632891714
5200159,80.95,767.0524,77.78,21.0,2297.0,25897.257292120154,80.0,0,0.33899545632891714
5200175,55.81,740.9104,90.0,81.0,4954.0,96142.10738796931,63.71,1,0.33899545632891714
5200209,69.57,772.2464,88.46,23.0,1858.0,40331.00107642627,72.84,0,0.33899545632891714
5200258,48.9,733.535,86.58,3009.0,225693.0,13567.921911623313,59.02,1,0.33899545632891714
5200308,76.28,760.5208,85.44,311.0,27008.0,67842.15787914692,77.39,0,0.33899545632891714
5200506,,,,,1973.0,33658.388241256966,80.0,0,0.33899545632891714
5200555,66.64,753.0978,92.74,115.0,6072.0,102603.09617918314,70.9,0,0.33899545632891714
5200605,82.88,769.4462,98.73,156.0,10306.0,39619.833106928,80.0,0,0.33899545632891714
5200803,64.57,744.9541,94.5,103.0,8446.0,26415.93653800616,69.53,0,0.33899545632891714
5200829,84.23,763.1566,80.95,34.0,3268.0,38127.60097919217,80.0,0,0.33899545632891714
5200852,74.3,757.3602,95.45,63.0,5259.0,20174.748050960257,76.03,0,0.33899545632891714
5201108,72.21,757.0193,86.91,3889.0,398869.0,51225.111502774096,74.61,0,0.33899545632891714
5201207,80.0,755.6838,100.0,20.0,924.0,28937.22943722944,80.0,0,0.33899545632891714
5201306,92.26,787.833,94.8,164.0,18503.0,39481.3813976112,80.0,0,0.33899545632891714
5201405,60.67,746.7593,83.97,5744.0,527796.0,39577.672055112205,66.95,1,0.33899545632891714
5201454,59.59,751.3452,87.5,42.0,2907.0,52059.51152390781,66.23,0,0.33899545632891714
5201504,61.96,752.5578,85.0,51.0,4325.0,119903.35260115609,67.8,0,0.33899545632891714
5201603,77.27,776.371,88.0,44.0,3799.0,22961.832061068704,78.08,0,0.33899545632891714
5201702,63.56,750.2965,88.14,221.0,18390.0,19607.014681892328,68.86,0,0.33899545632891714
5201801,54.97,742.6603,81.4,175.0,11890.0,20007.485281749367,63.15,1,0.33899545632891714
5202155,43.29,734.9517,90.63,58.0,7153.0,35344.33104990913,55.06,1,0.33899545632891714
5202353,91.53,773.8533,84.85,28.0,2946.0,91292.26069246435,80.0,0,0.33899545632891714
5202502,79.82,764.1049,82.79,100.0,8300.0,45773.614457831325,79.87,0,0.33899545632891714
5202601,75.98,746.3944,89.19,33.0,3284.0,33910.779537149814,77.18,0,0.33899545632891714
5202809,71.44,757.1252,87.5,35.0,2868.0,29152.022315202234,74.1,0,0.33899545632891714
5203104,64.29,746.2649,100.0,42.0,3351.0,52361.08624291256,69.34,0,0.33899545632891714
5203203,80.55,764.5593,91.11,164.0,10371.0,162586.73223411434,80.0,0,0.33899545632891714
5203302,61.22,746.647,89.88,302.0,34445.0,57574.85847002468,67.31,0,0.33899545632891714
5203401,79.14,766.9009,90.91,90.0,7826.0,53432.915921288004,79.39,0,0.33899545632891714
5203500,75.75,764.5076,90.94,301.0,23958.0,63122.75649052509,77.02,0,0.33899545632891714
5203559,58.03,743.3117,87.25,130.0,10296.0,15396.270396270396,65.19,1,0.33899545632891714
5203575,48.9,738.5961,89.13,41.0,3299.0,85569.56653531373,59.02,1,0.33899545632891714
5203609,48.93,733.395,81.25,39.0,3992.0,26656.3126252505,59.04,1,0.33899545632891714
5203807,82.04,778.4006,90.32,82.0,5695.0,53643.02019315189,80.0,0,0.33899545632891714
5203906,69.02,753.0264,94.55,102.0,10495.0,53513.19676036208,72.48,0,0.33899545632891714
5203939,95.35,779.9762,91.49,43.0,2732.0,28905.92972181552,80.0,0,0.33899545632891714
5203962,49.29,736.8009,88.89,40.0,3145.0,21624.801271860095,59.29,1,0.33899545632891714
5204003,69.66,754.4503,94.0,94.0,7560.0,64064.55026455026,72.9,0,0.33899545632891714
5204102,73.19,759.0374,88.66,164.0,11513.0,31716.320680969337,75.28,0,0.33899545632891714
5204201,65.0,753.5189,83.33,20.0,1405.0,32400.0,69.81,0,0.33899545632891714
5204250,72.51,757.0615,95.5,106.0,7782.0,114440.50372654843,74.82,0,0.33899545632891714
5204300,73.23,763.9013,85.43,129.0,13774.0,88571.51154348771,75.3,0,0.33899545632891714
5204409,76.59,759.6928,76.97,117.0,16513.0,88193.42336341065,77.6,0,0.33899545632891714
5204508,58.83,743.9063,90.27,1204.0,98622.0,38348.68487761352,65.72,1,0.33899545632891714
5204557,72.02,759.9296,98.51,66.0,4507.0,22964.72154426448,74.49,0,0.33899545632891714
5204607,79.35,764.8548,96.49,55.0,3755.0,20841.544607190408,79.54,0,0.33899545632891714
5204656,70.45,758.1559,97.78,44.0,3708.0,36668.01510248112,73.43,0,0.33899545632891714
5204706,73.78,756.4362,91.55,193.0,12510.0,33786.650679456434,75.68,0,0.33899545632891714
5204805,79.9,760.6437,85.71,96.0,7422.0,130003.36836432228,79.93,0,0.33899545632891714
5204854,86.91,773.3519,96.4,107.0,8081.0,29420.987501546842,80.0,0,0.33899545632891714
5204904,65.21,749.7783,90.16,229.0,18108.0,22357.190192180253,69.95,0,0.33899545632891714
5204953,63.71,748.5155,89.66,52.0,4005.0,20215.730337078654,68.96,0,0.33899545632891714
5205000,78.85,764.42,86.42,70.0,9710.0,55986.30278063852,79.18,0,0.33899545632891714
5205059,80.99,762.5445,94.0,47.0,2985.0,47008.71021775543,80.0,0,0.33899545632891714
5205109,64.88,749.3936,81.35,951.0,114427.0,90415.6623873736,69.73,0,0.33899545632891714
5205208,68.4,760.4849,88.51,77.0,5184.0,24435.95679012345,72.06,0,0.33899545632891714
5205307,60.19,742.8707,90.48,114.0,9583.0,38945.94594594594,66.63,0,0.33899545632891714
5205406,88.1,777.2196,86.14,143.0,22046.0,44727.25210922616,80.0,0,0.33899545632891714
5205455,41.26,726.2114,91.13,113.0,8090.0,65904.82076637825,53.59,1,0.33899545632891714
5205471,80.04,762.9372,93.43,197.0,12870.0,193162.85936285937,80.0,0,0.33899545632891714
5205497,51.3,736.4118,87.09,1255.0,91767.0,14722.209508864842,60.66,1,0.33899545632891714
5205513,79.53,764.3849,88.86,311.0,25016.0,21193.755996162454,79.67,0,0.33899545632891714
5205521,62.72,744.6398,92.98,53.0,4030.0,21686.600496277923,68.3,0,0.33899545632891714
5205703,77.4,763.7392,95.65,22.0,2454.0,35603.096984515076,78.17,0,0.33899545632891714
5205802,72.1,747.8291,97.96,96.0,10562.0,32234.51997727703,74.54,0,0.33899545632891714
5205901,71.44,766.1002,87.88,87.0,9164.0,118035.57398515932,74.1,0,0.33899545632891714
5206206,67.92,753.0521,92.4,1058.0,62337.0,91562.28243258418,71.75,0,0.33899545632891714
5206305,88.62,775.5547,83.33,35.0,3504.0,38450.91324200913,80.0,0,0.33899545632891714
5206404,66.73,756.2986,89.41,152.0,17065.0,35854.61470846763,70.96,0,0.33899545632891714
5206503,55.88,731.3843,86.0,43.0,3883.0,36301.57095029616,63.76,1,0.33899545632891714
5206602,76.19,767.0505,91.3,21.0,2927.0,39419.54219337206,77.33,0,0.33899545632891714
5206701,70.55,750.9187,91.38,53.0,3770.0,15790.185676392573,73.5,0,0.33899545632891714
5206800,93.21,777.0055,91.18,31.0,2724.0,22248.16446402349,80.0,0,0.33899545632891714
5206909,87.08,761.8273,88.57,31.0,1902.0,261043.11251314403,80.0,0,0.33899545632891714
5207253,78.21,770.5172,94.44,85.0,6956.0,98060.37952846465,78.73,0,0.33899545632891714
5207352,76.65,761.5424,90.38,47.0,4001.0,129033.49162709324,77.65,0,0.33899545632891714
5207402,82.36,765.5112,93.48,129.0,11747.0,101837.32016685112,80.0,0,0.33899545632891714
5207501,67.18,753.3391,95.24,40.0,3205.0,35473.01092043681,71.25,0,0.33899545632891714
5207535,73.62,755.1857,77.78,42.0,7070.0,29893.493635077797,75.57,0,0.33899545632891714
5207600,96.67,786.4761,96.55,54.0,5877.0,42336.05581078782,80.0,0,0.33899545632891714
5207808,76.84,763.9822,91.01,81.0,10419.0,33689.70150686246,77.78,0,0.33899545632891714
5207907,66.75,752.5228,91.18,124.0,13744.0,20923.239231664724,70.97,0,0.33899545632891714
5208004,63.28,749.1132,91.2,1202.0,115901.0,33806.77474741374,68.67,0,0.33899545632891714
5208103,70.81,748.103,91.84,45.0,4660.0,28652.360515021453,73.67,0,0.33899545632891714
5208152,98.15,782.6927,93.88,46.0,3456.0,70712.38425925926,80.0,0,0.33899545632891714
5208301,79.91,766.2616,86.57,58.0,4457.0,25502.580210904198,79.94,0,0.33899545632891714
5208400,74.4,759.045,79.7,155.0,13967.0,28378.24872914728,76.1,0,0.33899545632891714
5208509,44.66,728.081,83.08,54.0,4973.0,42375.22622159662,56.04,1,0.33899545632891714
5208608,79.79,766.4141,92.94,920.0,73707.0,36519.489329371696,79.85,0,0.33899545632891714
5208707,66.56,750.6494,81.56,8851.0,1437366.0,52722.02487049227,70.84,1,0.33899545632891714
5208806,69.12,754.3956,89.44,1057.0,71916.0,22313.351688080533,72.54,0,0.33899545632891714
5208905,67.46,750.664,87.64,156.0,24071.0,32983.548668522286,71.44,0,0.33899545632891714
5209101,68.19,748.1637,91.65,448.0,35664.0,76413.18977119784,71.92,0,0.33899545632891714
5209150,39.78,729.4058,87.5,70.0,4390.0,77029.61275626424,52.5,1,0.33899545632891714
5209200,64.19,750.9502,83.16,242.0,19545.0,25445.5871066769,69.27,0,0.33899545632891714
5209291,72.59,756.4576,81.25,26.0,2188.0,27680.53016453382,74.87,0,0.33899545632891714
5209408,32.11,729.2323,83.78,31.0,4085.0,24507.95593635251,46.54,1,0.33899545632891714
5209457,52.38,739.4426,95.45,21.0,2161.0,34033.780657103205,61.4,1,0.33899545632891714
5209606,53.58,745.4499,91.89,34.0,3354.0,28788.61061419201,62.21,1,0.33899545632891714
5209705,68.97,748.6735,88.94,362.0,27742.0,55084.31259462187,72.44,0,0.33899545632891714
5209804,68.26,760.7772,98.15,53.0,3545.0,31310.86036671368,71.97,0,0.33899545632891714
5209903,64.01,745.2822,89.41,150.0,10584.0,25093.726379440664,69.15,0,0.33899545632891714
5209937,76.2,758.8714,90.79,69.0,5954.0,62707.59153510245,77.33,0,0.33899545632891714
5209952,67.15,752.1224,93.9,231.0,17061.0,44197.11622999824,71.23,0,0.33899545632891714
5210000,81.28,766.8665,91.26,501.0,52204.0,36024.883150716414,80.0,0,0.33899545632891714
5210109,64.1,750.4827,87.83,267.0,25548.0,109517.96618130578,69.21,0,0.33899545632891714
5210158,93.1,771.6685,100.0,29.0,2919.0,32826.99554642001,80.0,0,0.33899545632891714
5210208,78.36,763.2592,88.6,340.0,35684.0,34402.84160968501,78.84,0,0.33899545632891714
5210406,78.96,769.5056,90.09,525.0,44734.0,51540.4166852953,79.26,0,0.33899545632891714
5210562,85.79,765.0755,91.23,52.0,4963.0,25514.8095909732,80.0,0,0.33899545632891714
5210604,81.65,771.1195,90.38,47.0,4904.0,24447.185970636212,80.0,0,0.33899545632891714
5210802,81.81,772.3429,84.38,54.0,4380.0,42992.23744292238,80.0,0,0.33899545632891714
5210901,78.84,765.1904,90.36,251.0,21087.0,28449.18670270783,79.18,0,0.33899545632891714
5211008,34.36,728.6466,93.07,94.0,8007.0,37498.56375671289,48.34,1,0.33899545632891714
5211206,81.61,766.4049,88.6,202.0,26113.0,28143.568337609617,80.0,0,0.33899545632891714
5211305,76.72,761.5242,84.27,75.0,6101.0,67588.75594164891,77.69,0,0.33899545632891714
5211404,96.95,792.0194,87.14,61.0,7736.0,46490.56359875905,80.0,0,0.33899545632891714
5211503,69.78,755.2827,90.75,1177.0,107970.0,60714.791145688614,72.98,0,0.33899545632891714
5211602,80.84,765.9982,96.55,28.0,2693.0,54111.39992573338,80.0,0,0.33899545632891714
5211701,77.19,761.31,96.83,61.0,6272.0,71224.96811224491,78.02,0,0.33899545632891714
5211800,82.9,769.56,94.26,493.0,45223.0,26652.278707737212,80.0,0,0.33899545632891714
5211909,64.01,749.0067,89.07,1123.0,105729.0,94828.44820247992,69.15,0,0.33899545632891714
5212055,100.0,797.8349,90.91,30.0,2123.0,24131.88883655205,80.0,0,0.33899545632891714
5212105,57.9,740.9506,93.42,71.0,7159.0,59109.51250174605,65.11,0,0.33899545632891714
5212204,58.98,744.6399,90.43,189.0,19620.0,45074.71967380224,65.82,0,0.33899545632891714
5212253,80.95,766.0012,91.3,21.0,1390.0,48382.01438848921,80.0,0,0.33899545632891714
5212303,77.67,756.7687,82.56,71.0,8745.0,51725.786163522,78.35,0,0.33899545632891714
5212501,64.05,747.7107,90.92,3006.0,209129.0,29956.012795929786,69.18,0,0.33899545632891714
5212600,97.33,787.2598,91.67,33.0,2561.0,39573.6040609137,80.0,0,0.33899545632891714
5212709,50.41,735.8885,95.58,108.0,8124.0,17189.807976366323,60.06,1,0.33899545632891714
5212808,69.6,753.5243,92.8,116.0,10700.0,38460.56074766355,72.86,0,0.33899545632891714
5212907,92.15,766.5158,90.0,36.0,2758.0,27658.085569253082,80.0,0,0.33899545632891714
5212956,59.71,745.4804,92.98,53.0,4042.0,55674.17120237505,66.31,0,0.33899545632891714
5213004,78.46,763.275,92.17,153.0,10304.0,31784.549689440995,78.91,0,0.33899545632891714
5213053,66.67,760.1544,95.45,21.0,2614.0,68541.6985462892,70.92,0,0.33899545632891714
5213087,75.66,759.0769,90.83,327.0,27075.0,47516.048014773776,76.96,0,0.33899545632891714
5213103,80.26,763.5881,89.65,970.0,70081.0,64729.741299353605,80.0,0,0.33899545632891714
5213400,68.61,772.1304,,14.0,1685.0,43404.15430267062,80.0,0,0.33899545632891714
5213509,73.88,757.2405,96.77,90.0,6692.0,21187.98565451285,75.75,0,0.33899545632891714
5213707,66.57,750.0498,87.63,85.0,8756.0,93427.2498857926,70.85,0,0.33899545632891714
5213756,65.97,748.6449,92.21,142.0,12521.0,129369.77877166361,70.45,0,0.33899545632891714
5213772,59.37,745.0892,95.24,40.0,3779.0,32816.88277322043,66.08,0,0.33899545632891714
5213806,62.28,746.9782,88.05,463.0,51351.0,49152.36314774784,68.01,0,0.33899545632891714
5213855,100.0,793.6059,91.67,22.0,2456.0,28089.57654723127,80.0,0,0.33899545632891714
5213905,85.24,773.0151,78.69,48.0,4654.0,36734.63687150838,80.0,0,0.33899545632891714
5214002,51.21,734.6731,91.47,236.0,14750.0,92677.01694915254,60.6,1,0.33899545632891714
5214051,96.18,790.1667,97.47,77.0,6189.0,51685.24802068186,80.0,0,0.33899545632891714
5214101,92.95,782.4026,92.31,48.0,3564.0,29660.77441077441,80.0,0,0.33899545632891714
5214408,79.0,757.0973,93.97,107.0,8189.0,38253.51080718037,79.29,0,0.33899545632891714
5214507,68.08,753.6398,92.4,375.0,31932.0,48493.423524990605,71.85,0,0.33899545632891714
5214606,72.84,756.2293,87.57,324.0,34964.0,43362.40132707928,75.04,0,0.33899545632891714
5214705,89.9,774.8803,86.11,31.0,2337.0,25982.456140350878,80.0,0,0.33899545632891714
5214804,14.29,705.0054,95.45,21.0,2101.0,33969.0623512613,29.25,1,0.33899545632891714
5214838,64.36,750.5391,85.33,155.0,12815.0,72741.70893484195,69.39,0,0.33899545632891714
5214861,81.84,766.2043,88.17,82.0,8310.0,23606.257521058964,80.0,0,0.33899545632891714
5214879,92.68,780.748,90.2,46.0,3010.0,24243.853820598008,80.0,0,0.33899545632891714
5214903,61.29,734.8754,85.29,29.0,3076.0,26303.6410923277,67.36,1,0.33899545632891714
5215009,86.43,768.1884,88.98,105.0,9481.0,27602.67904229512,80.0,0,0.33899545632891714
5215207,84.09,768.9761,88.24,45.0,3527.0,29965.126169549196,80.0,0,0.33899545632891714
5215231,52.29,739.6349,87.06,1063.0,103804.0,13005.115409810796,61.34,1,0.33899545632891714
5215256,84.74,769.9317,98.31,58.0,3716.0,51362.21743810549,80.0,0,0.33899545632891714
5215306,86.48,769.4239,88.73,126.0,16399.0,69978.90115250931,80.0,0,0.33899545632891714
5215405,95.87,789.6506,88.89,48.0,4057.0,53568.15380823269,80.0,0,0.33899545632891714
5215504,65.43,751.1179,89.22,91.0,7200.0,67599.58333333333,70.09,0,0.33899545632891714
5215603,58.23,743.8808,86.84,394.0,34967.0,29631.967283438673,65.33,1,0.33899545632891714
5215652,79.55,762.4607,91.67,44.0,3132.0,82863.34610472542,79.68,0,0.33899545632891714
5215702,67.97,755.6408,88.21,344.0,31858.0,65399.146211312705,71.78,0,0.33899545632891714
5215801,28.57,712.8943,82.35,14.0,2259.0,26091.633466135456,43.57,1,0.33899545632891714
5215900,89.15,771.9414,93.88,46.0,3851.0,60704.23266683978,80.0,0,0.33899545632891714
5216007,75.33,759.381,93.48,43.0,2455.0,84715.68228105905,76.74,0,0.33899545632891714
5216304,85.71,773.1885,91.59,98.0,7607.0,41781.25410805837,80.0,0,0.33899545632891714
5216403,61.83,745.1936,85.26,132.0,10659.0,171201.42602495546,67.71,0,0.33899545632891714
5216452,77.62,763.8542,96.15,50.0,2964.0,266805.330634278,78.32,0,0.33899545632891714
5216809,59.28,753.0025,88.71,55.0,9573.0,25576.4128277447,66.02,0,0.33899545632891714
5216908,96.02,765.089,90.0,18.0,2328.0,52039.08934707904,80.0,0,0.33899545632891714
5217104,67.96,752.9316,79.21,219.0,24883.0,52716.59365832094,71.77,0,0.33899545632891714
5217203,78.1,759.9349,95.9,113.0,11712.0,81379.09836065574,78.66,0,0.33899545632891714
5217302,72.91,756.2245,90.26,343.0,26690.0,31101.124016485577,75.09,0,0.33899545632891714
5217401,67.36,754.2149,89.4,268.0,32373.0,59566.98483303988,71.37,0,0.33899545632891714
5217609,65.51,749.5247,90.45,1570.0,105031.0,18469.8231950567,70.15,0,0.33899545632891714
5217708,73.38,759.2849,87.11,167.0,18309.0,45881.91599759681,75.41,0,0.33899545632891714
5218003,51.66,735.0381,85.06,427.0,44317.0,46772.72829839565,60.91,1,0.33899545632891714
5218052,83.88,767.7158,87.06,74.0,4070.0,95414.98771498773,80.0,0,0.33899545632891714
5218102,71.68,761.1831,77.27,51.0,3280.0,93165.85365853658,74.26,0,0.33899545632891714
5218300,76.16,757.6027,91.76,401.0,34914.0,26869.593859196884,77.31,0,0.33899545632891714
5218391,81.62,771.9273,88.57,31.0,3649.0,23793.642093724306,80.0,0,0.33899545632891714
5218508,66.97,752.9553,91.02,586.0,48447.0,64472.5989225339,71.11,0,0.33899545632891714
5218607,68.21,756.572,90.77,118.0,12165.0,33770.16029593095,71.94,0,0.33899545632891714
5218706,76.56,761.5043,88.64,39.0,3980.0,31508.040201005027,77.58,0,0.33899545632891714
5218789,79.26,760.334,92.0,69.0,3864.0,149884.57556935816,79.47,0,0.33899545632891714
5218805,86.06,776.5049,89.27,2644.0,225696.0,98849.922018999,80.0,0,0.33899545632891714
5218904,77.53,764.2922,92.46,233.0,19788.0,38782.0396199717,78.26,0,0.33899545632891714
5219001,78.09,763.0521,81.37,83.0,7918.0,35271.28062642081,78.65,0,0.33899545632891714
5219100,78.28,771.4328,92.05,81.0,6149.0,29831.0294356806,78.78,0,0.33899545632891714
5219209,72.59,756.8126,87.88,29.0,3002.0,97677.88141239171,74.87,0,0.33899545632891714
5219258,76.89,763.8929,91.57,76.0,4951.0,70870.7331852151,77.81,0,0.33899545632891714
5219357,79.49,763.2865,100.0,39.0,3538.0,41745.05370265687,79.64,0,0.33899545632891714
5219407,78.75,763.4124,92.54,62.0,5924.0,36493.75422012154,79.11,0,0.33899545632891714
5219456,87.69,784.661,91.43,32.0,2689.0,66798.06619561175,80.0,0,0.33899545632891714
5219506,80.22,764.2552,91.11,41.0,2820.0,35736.524822695035,80.0,0,0.33899545632891714
5219605,96.21,776.1432,87.1,27.0,3293.0,32029.76009717583,80.0,0,0.33899545632891714
5219704,84.75,769.3675,80.0,80.0,10645.0,24415.875998121184,80.0,0,0.33899545632891714
5219712,82.48,767.744,88.89,32.0,4267.0,77168.26810405437,80.0,0,0.33899545632891714
5219738,91.99,775.9615,86.89,106.0,7386.0,27092.60763606824,80.0,0,0.33899545632891714
5219753,42.71,730.6716,83.71,861.0,72127.0,13488.693554424834,54.64,1,0.33899545632891714
5219803,45.68,729.095,86.67,104.0,9711.0,28505.097312326223,56.77,1,0.33899545632891714
5219902,58.94,745.8555,94.19,81.0,6378.0,27260.74004390091,65.8,0,0.33899545632891714
5220009,81.82,767.3783,82.86,174.0,14041.0,42537.56854924863,80.0,0,0.33899545632891714
5220058,87.5,765.4672,96.0,24.0,1774.0,83825.817361894,80.0,0,0.33899545632891714
5220108,66.51,752.2684,90.48,300.0,33852.0,59329.58170861397,70.81,0,0.33899545632891714
5220157,75.36,773.6079,90.91,80.0,4837.0,45838.94976224933,76.76,0,0.33899545632891714
5220207,86.66,779.7918,89.76,298.0,21900.0,40219.26940639268,80.0,0,0.33899545632891714
5220264,81.95,768.2154,84.78,39.0,4464.0,75597.89426523299,80.0,0,0.33899545632891714
5220280,89.17,773.3494,100.0,27.0,2143.0,30855.809612692487,80.0,0,0.33899545632891714
5220405,72.78,757.9946,88.11,252.0,17020.0,149076.08695652176,75.0,0,0.33899545632891714
5220454,48.52,732.8982,84.59,1867.0,155635.0,35307.321617888,58.75,1,0.33899545632891714
5220504,54.47,745.5997,92.45,98.0,8027.0,102115.36065778001,62.81,1,0.33899545632891714
5220603,86.01,774.1599,92.82,168.0,22245.0,71665.13823331086,80.0,0,0.33899545632891714
5220686,86.31,769.8854,87.67,64.0,5742.0,40637.23441309648,80.0,0,0.33899545632891714
5220702,57.64,739.4386,91.67,33.0,2927.0,35615.98906730441,64.93,1,0.33899545632891714
5221007,69.59,761.0262,95.16,59.0,4026.0,24115.7476403378,72.86,0,0.33899545632891714
5221080,56.82,734.9958,96.97,32.0,2701.0,17585.708996667898,64.39,1,0.33899545632891714
5221197,57.84,744.4318,87.16,95.0,7944.0,32533.7361530715,65.07,1,0.33899545632891714
5221304,79.46,763.3745,78.38,29.0,2921.0,33124.272509414586,79.62,0,0.33899545632891714
5221403,66.34,752.8217,89.85,1645.0,142431.0,25497.42682421664,70.7,0,0.33899545632891714
5221452,90.94,774.4376,88.89,32.0,3120.0,26326.282051282047,80.0,0,0.33899545632891714
5221502,72.58,761.1073,87.27,48.0,4480.0,80195.08928571428,74.86,0,0.33899545632891714
5221551,68.16,752.7613,90.91,70.0,4985.0,151920.962888666,71.9,0,0.33899545632891714
5221577,38.84,739.8646,88.24,30.0,2798.0,30976.411722659042,51.79,1,0.33899545632891714
5221601,69.31,754.7249,87.79,381.0,42546.0,38484.2758426174,72.67,0,0.33899545632891714
5221700,75.58,766.5731,85.61,119.0,13729.0,29547.964163449637,76.91,0,0.33899545632891714
5221809,78.1,771.2671,90.32,28.0,3553.0,42866.310160427805,78.66,0,0.33899545632891714
5221858,56.69,740.9352,87.22,2080.0,198861.0,18212.922594173815,64.3,1,0.33899545632891714
5221908,97.74,787.5718,78.18,43.0,3716.0,32932.18514531755,80.0,0,0.33899545632891714
5222005,89.04,777.4084,84.88,174.0,14956.0,61175.64856913614,80.0,0,0.33899545632891714
5222054,78.24,767.6076,94.2,130.0,8768.0,77281.02189781022,78.75,0,0.33899545632891714
5222203,83.76,777.9995,92.11,70.0,4215.0,47887.54448398577,80.0,0,0.33899545632891714
5222302,74.44,762.2105,90.54,65.0,5815.0,76390.1977644024,76.13,0,0.33899545632891714
