id_municipio,risco_observado,risco_previsto,codigo_uf,regiao,meta_alfabetizacao_2025,taxa_alfabetizacao_anterior,n_estudantes_teste,taxa_alfabetizacao_prevista,risco_ic95_inferior,risco_ic95_superior,deficit_para_meta_pp,amostra_suficiente,nome_municipio
2902252,0.8333333333333334,0.8431021048987904,29,Nordeste,32.22,16.86,6,15.689789510120955,0.552077913272385,1.0,16.530210489879046,False,Arataca
2909208,0.6,0.8284079762268608,29,Nordeste,43.69,28.7,10,17.15920237731392,0.5947251720798592,1.0,26.530797622686077,False,Coronel João Sá
2907400,1.0,0.8208753550879093,29,Nordeste,24.3,10.48,2,17.912464491209068,0.2894315446245289,1.0,6.387535508790933,False,Catolândia
2930105,0.7758620689655172,0.813327987425385,29,Nordeste,35.5,19.93,58,18.667201257461496,0.7130479383101481,0.913608036540622,16.832798742538504,True,Senhor do Bonfim
2919603,0.5,0.8100750993338648,29,Nordeste,34.07,18.56,8,18.99249006661352,0.5382655733461987,1.0,15.07750993338648,False,Macajuba
2920908,0.7857142857142857,0.8067053672708452,29,Nordeste,37.88,22.32,14,19.329463272915483,0.5998535102006631,1.0,18.55053672708452,False,Mascote
2924009,0.6767676767676768,0.8062530446785805,29,Nordeste,40.21,24.79,99,19.37469553214195,0.7283971318291248,0.8841089575280362,20.83530446785805,True,Paulo Afonso
2803609,0.8333333333333334,0.799755482846776,28,Nordeste,31.57,16.28,18,20.0244517153224,0.6148802437479204,0.9846307219456316,11.5455482846776,False,Laranjeiras
4302600,1.0,0.7987025746568431,43,Sul,52.66,40.0,1,20.129742534315685,0.012801787721506086,1.0,32.530257465684315,False,Braga
2400604,0.6666666666666666,0.7977047773091727,24,Nordeste,25.17,11.11,3,20.229522269082732,0.34312579305989177,1.0,4.940477730917269,False,Almino Afonso
2916609,0.16666666666666666,0.7966712510776731,29,Nordeste,45.64,31.02,6,20.332874892232688,0.47462413599442793,1.0,25.307125107767312,False,Itapitanga
2924405,0.775,0.7961608135992441,29,Nordeste,39.38,23.9,40,20.383918640075592,0.6713160551599329,0.9210055720385553,18.99608135992441,True,Pilão Arcado
2404705,0.1,0.7928682205807414,24,Nordeste,28.51,13.69,10,20.713177941925863,0.541691176692519,1.0,7.796822058074138,False,Ipanguaçu
4306932,1.0,0.7903777783058223,43,Sul,56.56,28.49,2,20.962222169417764,0.22625050839259764,1.0,35.59777783058224,False,Entre-Ijuís
2926103,0.6923076923076923,0.7898469973565578,29,Nordeste,33.98,18.48,13,21.015300264344216,0.5683725224350575,1.0,12.964699735655781,False,Retirolândia
2900306,0.3,0.7890677258468515,29,Nordeste,35.26,19.7,10,21.093227415314853,0.5362050502154093,1.0,14.166772584685145,False,Acajutiba
2901908,0.8148148148148148,0.788964311401121,29,Nordeste,33.23,17.78,27,21.1035688598879,0.6350493557984263,0.9428792670038157,12.126431140112096,False,Aporá
2911105,0.6153846153846154,0.7889424023955213,29,Nordeste,35.22,19.66,26,21.105759760447874,0.6320895063484839,0.9457952984425586,14.114240239552124,False,Formosa do Rio Preto
2913101,0.5,0.7867391064394139,29,Nordeste,41.4,26.1,6,21.32608935605861,0.4589825202165192,1.0,20.07391064394139,False,Ibititá
2404002,1.0,0.7863805840639208,24,Nordeste,35.57,20.0,1,21.361941593607924,0.0,1.0,14.208058406392077,False,Frutuoso Gomes
2914901,0.5454545454545454,0.7850545185977893,29,Nordeste,46.71,32.32,22,21.49454814022107,0.6133985931176305,0.9567104440779481,25.21545185977893,False,Itacaré
2411205,0.5526315789473685,0.7837160702926632,24,Nordeste,36.93,21.35,38,21.628392970733678,0.6528112089475409,0.9146209316377856,15.301607029266322,True,Santa Cruz
2928000,0.7142857142857143,0.7816824227923407,29,Nordeste,40.48,25.08,21,21.831757720765932,0.6049948728025516,0.9583699727821298,18.648242279234065,False,Santaluz
2911204,0.47619047619047616,0.7816589793845216,29,Nordeste,47.47,33.26,21,21.834102061547846,0.6049645927830227,0.9583533659860204,25.635897938452153,False,Gandu
2926004,0.5277777777777778,0.7787108567218097,29,Nordeste,40.5,25.1,36,22.128914327819025,0.6431067040015084,0.9143150094421111,18.371085672180975,True,Remanso
4311759,0.5,0.778580737079027,43,Sul,43.57,28.57,2,22.141926292097303,0.20314000317059533,1.0,21.428073707902698,False,Manoel Viana
2908903,0.8888888888888888,0.773039985018044,29,Nordeste,45.58,30.95,18,22.696001498195596,0.5795335225450099,0.9665464474910782,22.883998501804403,False,Coração de Maria
2907103,0.6829268292682927,0.7727197422917084,29,Nordeste,43.56,28.55,41,22.728025770829163,0.6444406129303013,0.9009988716531154,20.83197422917084,True,Carinhanha
3551405,0.5714285714285714,0.7695496994698091,35,Sudeste,39.42,23.94,7,23.04503005301909,0.45757884156440204,1.0,16.37496994698091,False,Serra Azul
1715705,0.5,0.7690664801041848,17,Norte,22.17,9.01,8,23.093351989581524,0.4770304023631937,1.0,-0.9233519895815228,False,Palmeirante
2932309,0.6153846153846154,0.7688287981338464,29,Nordeste,45.98,31.43,13,23.11712018661536,0.5396544092888362,0.9980031869788566,22.862879813384637,False,Ubatã
2903805,0.75,0.7666314226010446,29,Nordeste,47.58,33.4,12,23.336857739895546,0.527310898215674,1.0,24.243142260104452,False,Boa Vista do Tupim
2929404,0.375,0.7635547936183633,29,Nordeste,43.74,28.76,8,23.64452063816367,0.46911504470642124,1.0,20.095479361836333,False,São Miguel das Matas
2915304,0.625,0.7629649719206126,29,Nordeste,47.11,32.81,8,23.703502807938737,0.468272092493151,1.0,23.406497192061263,False,Itagimirim
2407104,0.7068965517241379,0.7621808374229887,24,Nordeste,44.07,29.15,58,23.78191625770113,0.6526101187595742,0.8717515560864032,20.28808374229887,True,Macaíba
2912400,0.3684210526315789,0.7611340978005665,29,Nordeste,44.62,29.8,19,23.88659021994335,0.5694054808000423,0.9528627148010907,20.733409780056647,False,Ibipeba
2922854,1.0,0.760420706077081,29,Nordeste,46.37,31.91,1,23.9579293922919,0.0,1.0,22.4120706077081,False,Nova Redenção
2917003,0.8571428571428571,0.7594891472656761,29,Nordeste,42.9,27.79,28,24.051085273432392,0.601180302053784,0.9177979924775681,18.848914726567607,False,Itiúba
2929305,0.9166666666666666,0.7587041974129723,29,Nordeste,49.94,36.4,12,24.129580258702767,0.5166143507536726,1.0,25.81041974129723,False,São Gonçalo dos Campos
1301407,0.7647058823529411,0.7579595597933761,13,Norte,,19.19,17,24.204044020662387,0.5543497983048776,0.9615693212818747,,False,Eirunepé
1501204,0.6551724137931034,0.7567593212320693,15,Norte,42.66,27.52,29,24.324067876793066,0.6006049790232223,0.9129136634409164,18.33593212320693,False,Baião
2915353,0.6666666666666666,0.7541909174382463,29,Nordeste,36.47,20.89,12,24.58090825617537,0.5105753369408683,0.9978064979356243,11.889091743824629,False,Itaguaçu da Bahia
2514602,1.0,0.7528006104295865,25,Nordeste,26.33,11.97,2,24.719938957041354,0.15493337758885295,1.0,1.6100610429586446,False,São José do Bonfim
2902609,0.3333333333333333,0.752174741476762,29,Nordeste,49.85,36.29,6,24.7825258523238,0.40670294144036,1.0,25.0674741476762,False,Baixa Grande
2906402,1.0,0.7516092450918893,29,Nordeste,45.56,30.92,8,24.83907549081107,0.4521933525711084,1.0,20.720924509188933,False,Candeal
2415008,0.7142857142857143,0.7497986050459112,24,Nordeste,34.93,19.38,7,25.020139495408877,0.4289322146026089,1.0,9.909860504591123,False,Vila Flor
2920007,0.7142857142857143,0.7485185786544691,29,Nordeste,44.65,29.83,7,25.148142134553087,0.42710716377366087,1.0,19.50185786544691,False,Maiquinique
2407302,1.0,0.7473179421085617,24,Nordeste,42.12,26.9,1,25.268205789143828,0.0,1.0,16.85179421085617,False,Marcelino Vieira
2925501,0.8387096774193549,0.746686536854586,29,Nordeste,48.75,34.88,31,25.331346314541403,0.5935871254508515,0.8997859482583205,23.418653685458597,True,Prado
1303536,0.6170212765957447,0.7466534458232196,13,Norte,48.19,34.17,47,25.334655417678043,0.6223096330390407,0.8709972586073984,22.855344582321955,True,Presidente Figueiredo
2402105,0.5714285714285714,0.7461033091333624,24,Nordeste,39.52,24.04,7,25.38966908666376,0.42367359759144446,1.0,14.130330913336245,False,Campo Redondo
4321303,1.0,0.7460397186295394,43,Sul,59.5,49.6,7,25.396028137046056,0.42358337441693855,1.0,34.10397186295394,False,Taquari
1713809,0.5,0.7457262835399839,17,Norte,33.59,18.11,12,25.427371646001607,0.49934602373010295,0.9921065433498649,8.162628353998397,False,Palmeiras do Tocantins
2920205,0.72,0.7444808876862257,29,Nordeste,40.62,25.23,25,25.55191123137743,0.5735090662081206,0.9154527091643307,15.068088768622566,False,Malhada
2805604,0.9130434782608695,0.7439206922669179,28,Nordeste,39.04,23.53,23,25.607930773308208,0.5655421065337156,0.9222992780001202,13.432069226691791,False,Porto da Folha
2800605,0.625,0.743748609782649,28,Nordeste,37.7,22.14,24,25.625139021735098,0.5690873255465804,0.9184098940187176,12.074860978264905,False,Barra dos Coqueiros
2907806,0.6190476190476191,0.7424746925943738,29,Nordeste,45.57,30.93,21,25.75253074056262,0.5554507496796999,0.9294986355090478,19.81746925943738,False,Cícero Dantas
2931400,0.5714285714285714,0.7413461433806549,29,Nordeste,53.42,41.03,14,25.865385661934514,0.5119627099721847,0.970729576789125,27.554614338065488,False,Teodoro Sampaio
4314902,0.7661290322580645,0.7404087729740685,43,Sul,,40.04,248,25.959122702593152,0.6858441681093335,0.7949733778388035,,True,Porto Alegre
2933059,0.75,0.7371916369630754,29,Nordeste,46.92,32.58,8,26.280836303692457,0.43217686821283324,1.0,20.639163696307545,False,Várzea da Roça
4305454,0.7142857142857143,0.7369529682996289,43,Sul,,42.82,7,26.304703170037115,0.41078324867697524,1.0,,False,Cidreira
1500701,0.5757575757575758,0.7360776224786829,15,Norte,42.04,26.81,33,26.39223775213171,0.5856945283044491,0.8864607166529167,15.64776224786829,True,Anajás
2913457,0.7,0.7355997489149553,29,Nordeste,45.04,30.3,10,26.44002510850447,0.4622568543066732,1.0,18.599974891495528,False,Igrapiúna
2413201,0.5714285714285714,0.734778166947423,24,Nordeste,39.38,23.89,7,26.522183305257695,0.4077464991782992,1.0,12.857816694742308,False,Senador Georgino Avelino
1504406,0.5384615384615384,0.7341890585915707,15,Norte,43.72,28.74,13,26.581094140842932,0.4940433799607167,0.9743347372224247,17.138905859157067,False,Marapanim
2916104,0.8,0.7337563168304099,29,Nordeste,51.35,38.25,15,26.624368316959014,0.5100768985181342,0.9574357351426855,24.725631683040987,False,Itaparica
2801603,0.5,0.7334919162500929,28,Nordeste,37.78,22.22,4,26.65080837499071,0.3002016478917514,1.0,11.129191625009291,False,Cedro de São João
1507003,0.5757575757575758,0.7334051401638704,15,Norte,41.06,25.72,33,26.659485983612964,0.5825371996212368,0.8842730807065039,14.400514016387039,True,Santo Antônio do Tauá
2928208,0.5555555555555556,0.7333724226711732,29,Nordeste,44.72,29.91,27,26.66275773288268,0.5665751250786858,0.9001697202636606,18.057242267117317,False,Santana
2406007,0.5,0.7308331463919503,24,Nordeste,55.7,28.68,6,26.91668536080497,0.3759377602952101,1.0,28.783314639195034,False,José da Penha
1600501,0.8478260869565217,0.7275501238966499,16,Norte,41.39,26.09,46,27.244987610335013,0.5988876426769603,0.8562126051163395,14.145012389664988,True,Oiapoque
2926608,0.5531914893617021,0.7272750127853176,29,Nordeste,48.37,34.39,47,27.272498721468242,0.5999484718712813,0.8546015536993539,21.097501278531755,True,Ribeira do Pombal
2906105,0.6666666666666666,0.7261159371020764,29,Nordeste,50.63,37.3,15,27.388406289792357,0.5004339967216037,0.9517978774825492,23.241593710207646,False,Canápolis
2925907,0.65,0.7252410984340432,29,Nordeste,51.51,38.46,20,27.475890156595682,0.5296008693132372,0.9208813275548491,24.034109843404316,False,Quijingue
2933208,0.5,0.7206360229776462,29,Nordeste,52.02,39.14,36,27.936397702235382,0.5740650377300085,0.8672070082252838,24.08360229776462,True,Vera Cruz
4312500,0.35714285714285715,0.7202002304256785,43,Sul,60.72,51.38,14,27.97997695743215,0.48505165190984056,0.9553488089415164,32.74002304256785,False,Mostardas
2926905,1.0,0.7194974189143055,29,Nordeste,50.01,36.5,2,28.050258108569448,0.09687590287170111,1.0,21.95974189143055,False,Rio do Pires
2208601,0.3333333333333333,0.7194507061124892,22,Nordeste,29.23,14.28,3,28.05492938875108,0.2110565432318946,1.0,1.1750706112489198,False,Prata do Piauí
1507102,0.35294117647058826,0.7187132374913427,15,Norte,47.56,33.37,17,28.128676250865723,0.5049740865377114,0.9324523884449741,19.43132374913428,False,São Caetano de Odivelas
1505304,0.7,0.7186404151152009,15,Norte,48.47,34.52,70,28.135958488479908,0.61330031484926,0.8239805153811419,20.33404151152009,True,Oriximiná
2933000,0.6153846153846154,0.718407416537966,29,Nordeste,46.64,32.24,13,28.159258346203398,0.4739065487305878,0.9629082843453443,18.480741653796603,False,Valente
2908804,1.0,0.7183308472727762,29,Nordeste,39.48,24.0,1,28.16691527272238,0.0,1.0,11.313084727277616,False,Contendas do Sincorá
2900108,1.0,0.7182587547633925,29,Nordeste,48.51,34.57,1,28.174124523660748,0.0,1.0,20.33587547633925,False,Abaíra
1717800,0.6666666666666666,0.7152670076832487,17,Norte,22.93,9.52,3,28.47329923167513,0.20458749326722758,1.0,-5.543299231675132,False,Ponte Alta do Bom Jesus
2908507,0.5384615384615384,0.7141662972249423,29,Nordeste,48.3,34.3,26,28.58337027750577,0.5404959027918745,0.88783669165801,19.716629722494226,False,Conceição do Jacuípe
2915205,0.5384615384615384,0.7133910357684379,29,Nordeste,50.34,36.92,13,28.660896423156213,0.46758468238877954,0.9591973891480963,21.67910357684379,False,Itagibá
4323457,0.25,0.7131037215434773,43,Sul,59.11,49.03,4,28.689627845652264,0.2698372481538322,1.0,30.420372154347735,False,Vila Nova do Sul
4315602,0.48623853211009177,0.7121488819971163,43,Sul,62.61,54.17,109,28.785111800288366,0.6271502020433243,0.7971475619509084,33.82488819971164,True,Rio Grande
4321600,0.627906976744186,0.7104382852286014,43,Sul,62.76,54.39,43,28.956171477139858,0.574870783711396,0.8460057867458068,33.803828522860144,True,Tramandaí
2110278,0.46153846153846156,0.7103801570025059,21,Nordeste,47.51,33.31,13,28.96198429974941,0.4638080405217596,0.9569522734832522,18.548015700250588,False,Santo Amaro do Maranhão
2705606,0.5294117647058824,0.709683417427189,27,Nordeste,42.53,27.37,17,29.0316582572811,0.4939090456056874,0.9254577892486906,13.4983417427189,False,Novo Lino
2906907,0.4782608695652174,0.7087118548865277,29,Nordeste,53.33,40.91,23,29.128814511347233,0.5230219015588584,0.8944018082141969,24.201185488652765,False,Caravelas
4312609,0.6666666666666666,0.708290809221594,43,Sul,60.38,50.88,3,29.170919077840594,0.19392001272347958,1.0,31.20908092215941,False,Muçum
2806404,0.875,0.7067695607084259,28,Nordeste,43.85,28.89,8,29.32304392915741,0.3913021350101673,1.0,14.52695607084259,False,Santana do São Francisco
1302306,0.7142857142857143,0.706313758123092,13,Norte,50.12,36.64,28,29.368624187690795,0.537612745451881,0.8750147707943031,20.751375812309202,False,Jutaí
2703106,0.68,0.7038496470489863,27,Nordeste,44.57,29.74,25,29.615035295101364,0.5248788620942826,0.8828204320036901,14.954964704898636,False,Igaci
1703008,0.8571428571428571,0.7037200938982036,17,Norte,36.07,20.49,7,29.627990610179644,0.3654542663451556,1.0,6.442009389820356,False,Babaçulândia
2407252,0.0,0.703181808662252,24,Nordeste,45.97,31.42,6,29.681819133774802,0.33762109470387447,1.0,16.288180866225197,False,Major Sales
2913200,0.5384615384615384,0.7019640540211862,29,Nordeste,54.41,42.38,26,29.80359459788138,0.5261469356385863,0.8777811724037862,24.606405402118618,False,Ibotirama
2925105,0.4594594594594595,0.700980888239836,29,Nordeste,55.58,44.01,37,29.901911176016405,0.5534585553697103,0.8485032211099616,25.678088823983593,True,Poções
5101852,0.25,0.6997403099009629,51,Centro-Oeste,45.89,31.32,8,30.025969009903708,0.3821055371035873,1.0,15.864030990096293,False,Bom Jesus do Araguaia
5005202,0.6129032258064516,0.6987851616365455,50,Centro-Oeste,40.56,25.17,31,30.121483836345455,0.5372804328866747,0.8602898903864162,10.438516163654548,True,Ladário
1507201,0.5833333333333334,0.6977830205710217,15,Norte,45.48,30.82,12,30.22169794289783,0.4379555429032686,0.9576104982387748,15.258302057102167,False,São Domingos do Capim
2930709,0.5094339622641509,0.6962715480359505,29,Nordeste,54.58,42.62,106,30.372845196404953,0.6087257710624729,0.783817325009428,24.207154803595046,True,Simões Filho
2914604,0.4745762711864407,0.6957732147820156,29,Nordeste,54.14,42.02,59,30.422678521798442,0.5783746892294381,0.813171740334593,23.71732147820156,True,Irecê
2920601,0.5833333333333334,0.6954321112613636,29,Nordeste,58.0,47.43,24,30.456788873863637,0.5113040938349165,0.8795601286878107,27.543211126136363,False,Maragogipe
4309951,0.0,0.6933197898040357,43,Sul,72.34,49.55,1,30.668021019596424,0.0,1.0,41.67197898040358,False,Ibirapuitã
2902658,0.4444444444444444,0.6927899191103636,29,Nordeste,53.25,40.8,9,30.721008088963643,0.3913829236708796,0.9941969145498475,22.528991911036357,False,Banzaê
4321501,0.5641025641025641,0.6924864991031837,43,Sul,68.39,62.86,39,30.75135008968163,0.5476555032226463,0.8373174949837211,37.63864991031837,True,Torres
2930766,0.5555555555555556,0.6920199910773893,29,Nordeste,55.61,44.05,9,30.79800089226107,0.3904032796078788,0.9936367025468998,24.81199910773893,False,Sítio do Quinto
2926657,0.3333333333333333,0.6909140023247985,29,Nordeste,57.87,47.25,6,30.90859976752015,0.32114363150423975,1.0,26.961400232479846,False,Ribeirão do Largo
2202174,0.3333333333333333,0.6905700984006496,22,Nordeste,33.1,17.66,12,30.942990159935036,0.42902265891354485,0.9521175378877544,2.1570098400649655,False,Campo Largo do Piauí
1705607,0.7142857142857143,0.6893831043028263,17,Norte,42.73,27.6,7,31.061689569717366,0.34657592665804876,1.0,11.66831043028263,False,Conceição do Tocantins
2901502,0.5,0.6883441738067836,29,Nordeste,51.72,38.74,12,31.16558261932164,0.42628106188257825,0.9504072857309889,20.55441738067836,False,Anguera
2700607,0.5,0.6880337285031456,27,Nordeste,46.28,31.79,12,31.19662714968544,0.4258992581803898,0.9501681988259014,15.08337285031456,False,Barra de São Miguel
2204352,0.5,0.684882392872295,22,Nordeste,35.05,19.5,6,31.5117607127705,0.31315481504689874,1.0,3.538239287229498,False,Geminiano
2500908,0.6666666666666666,0.6845460662986121,25,Nordeste,49.12,35.35,6,31.545393370138786,0.3127115004525221,1.0,17.57460662986121,False,Arara
2804607,0.7222222222222222,0.6839953656739359,28,Nordeste,47.02,32.7,18,31.600463432606407,0.469215718657507,0.8987750126903649,15.419536567393596,False,Nossa Senhora das Dores
2402204,0.6764705882352942,0.6827886835768722,24,Nordeste,50.93,37.7,34,31.721131642312784,0.5263536188342102,0.8392237483195342,19.208868357687216,True,Canguaretama
2801306,0.6571428571428571,0.6825235042888114,28,Nordeste,47.68,33.52,35,31.747649571118863,0.5283049441180497,0.836742064459573,15.932350428881136,True,Capela
2806107,0.6666666666666666,0.6818950034559793,28,Nordeste,52.05,39.18,12,31.81049965440207,0.4183775118846566,0.945412495027302,20.23950034559793,False,Rosário do Catete
4320008,0.5454545454545454,0.6799847586379983,43,Sul,65.93,59.14,121,32.00152413620017,0.5968661419355746,0.763103375340422,33.92847586379984,True,Sapucaia do Sul
2923506,0.7142857142857143,0.6799500494244375,29,Nordeste,55.38,43.73,7,32.00499505755625,0.33436540383666863,1.0,23.375004942443752,False,Palmeiras
2903003,0.6363636363636364,0.6795023020235147,29,Nordeste,52.1,39.25,11,32.04976979764853,0.40371920003280115,0.9552854040142282,20.05023020235147,False,Barra do Mendes
1300839,1.0,0.6794969559548649,13,Norte,30.23,30.2,11,32.05030440451351,0.40371263876086577,0.955281273148864,-1.8203044045135108,False,Caapiranga
2702207,0.5,0.6794939028509618,27,Nordeste,48.48,34.53,8,32.05060971490382,0.3561073121724891,1.0,16.429390285096176,False,Coqueiro Seco
4318101,0.75,0.6794482746692337,43,Sul,65.31,58.21,4,32.05517253307663,0.22209337595687367,1.0,33.25482746692337,False,São Francisco de Assis
2705200,0.6363636363636364,0.6791598477420543,27,Nordeste,45.47,30.81,22,32.08401522579457,0.4840967625160667,0.8742229329680419,13.385984774205426,False,Messias
1718550,0.75,0.6782949033096585,17,Norte,36.89,21.31,4,32.17050966903415,0.22050698873935326,1.0,4.719490330965847,False,Riachinho
2906600,0.45454545454545453,0.6777334863325152,29,Nordeste,57.5,46.72,11,32.226651366748484,0.40155058261188925,0.9539163900531411,25.273348633251516,False,Candiba
2802106,0.74,0.6774574812250367,28,Nordeste,48.03,33.96,50,32.25425187749633,0.5478871475217022,0.8070278149283712,15.775748122503671,True,Estância
2704500,0.6346153846153846,0.6767342884205202,27,Nordeste,46.77,32.4,52,32.32657115794798,0.5496056746707639,0.8038629021702764,14.443428842052022,True,Maragogi
2903706,0.5384615384615384,0.6757763339064777,29,Nordeste,55.73,44.22,13,32.422366609352224,0.4213229443146296,0.9302297234983259,23.307633390647773,False,Boa Nova
2402006,0.4583333333333333,0.6756669332127716,24,Nordeste,49.31,35.59,24,32.43330667872284,0.48837787859219095,0.8629559878333523,16.87669332127716,False,Caicó
2207934,0.5,0.6730587106368974,22,Nordeste,50.99,37.77,4,32.694128936310264,0.213345021870883,1.0,18.295871063689738,False,Pedro Laurentino
4318507,0.6428571428571429,0.6729334730803693,43,Sul,62.43,53.9,14,32.706652691963065,0.427181977843888,0.9186849683168506,29.723347308036935,False,São José do Norte
2807105,0.5416666666666666,0.6719740675065409,28,Nordeste,47.41,33.19,24,32.80259324934591,0.48413721752359795,0.8598109174894838,14.607406750654086,False,Simão Dias
2515609,1.0,0.6716343240949291,25,Nordeste,32.81,17.39,2,32.836567590507094,0.020776107423594814,1.0,-0.02656759050709212,False,Serra da Raiz
1502103,0.648,0.6707797015935182,15,Norte,52.96,40.41,125,32.92202984064818,0.5883973237691134,0.753162079417923,20.037970159351822,True,Cametá
2403251,0.6312056737588653,0.6704947771773172,24,Nordeste,55.79,44.3,141,32.95052228226828,0.5929102056450728,0.7480793487095616,22.839477717731718,True,Parnamirim
2803708,0.25,0.67011703958667,28,Nordeste,51.39,38.3,4,32.988296041333,0.2093500602948445,1.0,18.401703958667,False,Macambira
4209409,0.8,0.6697541565954861,42,Sul,47.47,33.26,5,33.02458434045139,0.257516692333597,1.0,14.445415659548608,False,Laguna
2904001,0.6153846153846154,0.6689190497531968,29,Nordeste,56.32,45.05,13,33.10809502468032,0.41309682362604955,0.9247412758803442,23.211904975319683,False,Boninal
4310751,0.0,0.6683108288997097,43,Sul,63.85,,1,33.16891711002903,0.0,1.0,30.681082889970973,False,Ivorá
2932002,0.6296296296296297,0.6681006655486589,29,Nordeste,56.24,44.93,27,33.18993344513411,0.49047802082158964,0.8457233102757281,23.050066554865893,False,Uauá
4314100,0.5196078431372549,0.667480225943815,43,Sul,65.53,58.54,102,33.251977405618504,0.5760512351516109,0.758909216736019,32.2780225943815,True,Passo Fundo
2806800,1.0,0.6673690944256212,28,Nordeste,44.44,29.59,5,33.26309055743788,0.25438301445062345,1.0,11.17690944256212,False,São Domingos
4311718,0.3333333333333333,0.6670246367550211,43,Sul,71.11,66.97,3,33.29753632449789,0.13372359482033558,1.0,37.81246367550211,False,Maçambará
4309209,0.6524064171122995,0.6663260556105725,43,Sul,68.91,63.64,187,33.36739443894275,0.5987426902944635,0.7339094209266814,35.54260556105724,True,Gravataí
2413904,0.6666666666666666,0.6660482800420632,24,Nordeste,50.04,36.54,6,33.39517199579368,0.2886715265319512,1.0,16.644828004206317,False,Taipu
2403103,0.3076923076923077,0.6649421610952694,24,Nordeste,53.54,41.2,26,33.50578389047306,0.48350709630225674,0.846377225888282,20.034216109526938,False,Currais Novos
2803500,0.6333333333333333,0.6646462593824644,28,Nordeste,49.32,35.6,60,33.535374061753565,0.5451849402468779,0.7841075785180508,15.784625938246435,True,Lagarto
1505700,0.4838709677419355,0.6636086125562956,15,Norte,51.69,38.7,31,33.63913874437044,0.497285093411589,0.8299321317010021,18.050861255629556,True,Ponta de Pedras
4309407,0.3125,0.6635511991127235,43,Sul,55.09,,16,33.644880088727646,0.4320289186189522,0.8950734796064949,21.445119911272357,False,Guaporé
2926400,0.5294117647058824,0.6618791154193543,29,Nordeste,54.24,42.15,17,33.81208845806457,0.4369959489046181,0.8867622819340905,20.42791154193543,False,Riacho de Santana
2403608,0.7169811320754716,0.6617319839978927,24,Nordeste,58.39,48.0,53,33.82680160021073,0.5343553794566149,0.7891085885391704,24.56319839978927,True,Extremoz
4320859,1.0,0.6614622866623242,43,Sul,66.3,59.69,6,33.85377133376758,0.28281354463497876,1.0,32.446228666232415,False,Tabaí
4309126,1.0,0.6598324170199686,43,Sul,45.15,,2,34.01675829800313,0.0032271536079846452,1.0,11.133241701996866,False,Gramado dos Loureiros
1720200,0.75,0.6597343673238457,17,Norte,42.19,26.98,12,34.02656326761543,0.39165768140942125,0.9278110532382702,8.163436732384568,False,São Miguel do Tocantins
1721307,0.3333333333333333,0.6592495671952161,17,Norte,40.4,25.0,3,34.07504328047839,0.12291155416692667,1.0,6.324956719521609,False,Tupiratins
2700706,0.1,0.6579621673572104,27,Nordeste,47.38,33.15,10,34.20378326427896,0.3639308392862487,0.951993495428172,13.176216735721042,False,Batalha
3135209,0.6363636363636364,0.6555590419257056,31,Sudeste,35.71,20.14,11,34.44409580742944,0.3747422788609624,0.9363758049904487,1.2659041925705594,False,Januária
2900355,0.4444444444444444,0.6554486192479612,29,Nordeste,56.06,44.68,9,34.455138075203884,0.3449703988676683,0.9659268396282541,21.60486192479612,False,Adustina
2703908,0.5,0.6553324936171104,27,Nordeste,48.53,34.6,10,34.46675063828896,0.360763457568721,0.9499015296654998,14.063249361711044,False,Jundiá
2907558,0.5,0.6545854659218255,29,Nordeste,57.64,46.92,4,34.54145340781744,0.1885922881711281,1.0,23.098546592182558,False,Caturama
2708709,0.5714285714285714,0.654001636126127,27,Nordeste,48.46,34.51,14,34.59983638738729,0.4048185883043729,0.9031846839478812,13.860163612612709,False,São Miguel dos Milagres
4305124,0.6,0.6539444969139516,43,Sul,76.56,75.07,5,34.60555030860484,0.2369652949080368,1.0,41.95444969139516,False,Cerrito
1304237,0.7105263157894737,0.6530573938316101,13,Norte,56.94,45.93,38,34.69426061683899,0.5017121537174873,0.8044026339457329,22.24573938316101,True,Tonantins
1504059,0.5333333333333333,0.65244067356284,15,Norte,56.63,45.48,30,34.755932643716,0.4820364200406634,0.8228449270850166,21.874067356284,True,Mãe do Rio
2406502,0.6666666666666666,0.6509060787554707,24,Nordeste,48.64,34.74,15,34.90939212445293,0.40967083969283863,0.8921413178181028,13.730607875547072,False,Lagoa Nova
2203354,0.8,0.6505620177424751,22,Nordeste,47.45,33.24,5,34.94379822575249,0.23263497330308275,1.0,12.506201774247515,False,Dirceu Arcoverde
1301209,0.75,0.6504323154459688,13,Norte,51.74,38.77,44,34.95676845540312,0.5095370410629364,0.7913275898290012,16.78323154459688,True,Coari
2210938,0.6666666666666666,0.6494952866696502,22,Nordeste,42.28,27.08,6,35.050471333034984,0.2677133477248103,1.0,7.229528666965017,False,Sussuapara
1718907,1.0,0.6487298524273134,17,Norte,36.44,20.86,1,35.12701475726866,0.0,1.0,1.3129852427313367,False,Santa Rosa do Tocantins
1503754,0.6363636363636364,0.6486991354246611,15,Norte,33.52,36.03,11,35.13008645753389,0.3665875006119994,0.9308107702373227,-1.610086457533889,False,Jacareacanga
3506904,0.5555555555555556,0.6482322360939072,35,Sudeste,56.84,45.78,9,35.17677639060928,0.3362512346089741,0.9602132375788404,21.663223609390727,False,Bofete
4301057,0.6,0.6478352403009104,43,Sul,71.44,67.46,15,35.216475969908956,0.4061135215399323,0.8895569590618886,36.22352403009104,False,Arroio do Sal
1714203,0.3,0.6478191202549793,17,Norte,43.26,28.21,10,35.21808797450207,0.3517685926873784,0.9438696478225803,8.041912025497929,False,Natividade
2708808,0.631578947368421,0.6469833870073709,27,Nordeste,50.14,36.66,19,35.30166129926291,0.4320898236643863,0.8618769503503555,14.83833870073709,False,São Sebastião
4311502,1.0,0.6465465241015241,43,Sul,65.1,57.89,4,35.345347589847584,0.17806540252956538,1.0,29.75465241015241,False,Lavras do Sul
4313409,0.6157894736842106,0.6449258543756754,43,Sul,68.07,62.37,190,35.50741456243246,0.5768812505116875,0.7129704582396633,32.562585437567535,True,Novo Hamburgo
2411700,0.6666666666666666,0.6446954904496927,24,Nordeste,47.54,33.35,3,35.53045095503074,0.10310239383219277,1.0,12.009549044969262,False,São Bento do Trairí
5006408,0.3076923076923077,0.6440558217986424,50,Centro-Oeste,47.79,33.66,13,35.59441782013576,0.38377803967656277,0.904333603920722,12.195582179864239,False,Pedro Gomes
4306908,0.7777777777777778,0.6435356610130919,43,Sul,69.06,63.87,9,35.64643389869081,0.33061865216289965,0.9564526698632841,33.41356610130919,False,Encruzilhada do Sul
1505437,0.42105263157894735,0.6434240546357395,15,Norte,58.86,48.68,38,35.65759453642605,0.4911278989853297,0.7957202102861493,23.202405463573946,True,Ourilândia do Norte
2204907,0.5,0.6432735476483525,22,Nordeste,42.95,27.85,6,35.672645235164744,0.2599672541104016,1.0,7.277354764835259,False,Isaías Coelho
5102702,0.5925925925925926,0.6413471786665439,51,Centro-Oeste,46.81,32.45,27,35.86528213334561,0.4604391216137268,0.822255235719361,10.944717866654393,False,Canarana
2400406,0.0,0.6411504044189771,24,Nordeste,47.49,33.29,1,35.884959558102295,0.0,1.0,11.605040441897707,False,Água Nova
1301001,0.4,0.6392370844257238,13,Norte,57.96,47.38,25,36.07629155742762,0.4509901155103005,0.8274840533411472,21.883708442572377,False,Carauari
2902807,0.6071428571428571,0.637868077116629,29,Nordeste,58.1,47.58,28,36.213192288337105,0.4598451674605153,0.8158909867727426,21.886807711662897,False,Barra da Estiva
4313953,0.9,0.6370595927625929,43,Sul,74.82,72.52,10,36.29404072374071,0.3390269991237798,0.9350921864014061,38.525959276259286,False,Pantano Grande
2404101,0.0,0.6365935227816096,24,Nordeste,51.41,38.33,7,36.340647721839034,0.2802782065344414,0.9929088390287779,15.069352278160963,False,Galinhos
1700301,0.75,0.6356166640341129,17,Norte,40.59,25.2,12,36.43833359658871,0.36331998828810314,0.9079133397801227,4.151666403411291,False,Aguiarnópolis
4302659,0.3333333333333333,0.6352147069706697,43,Sul,69.68,64.81,6,36.478529302933026,0.25003856502061766,1.0,33.20147069706698,False,Brochier
2517209,0.0,0.6346935730360007,25,Nordeste,43.25,28.19,3,36.53064269639993,0.08980694411332679,1.0,6.71935730360007,False,Vieirópolis
2412500,0.6153846153846154,0.6345030495747714,24,Nordeste,52.54,39.84,26,36.549695042522856,0.44939379450101563,0.8196123046485273,15.990304957477143,False,São Miguel
2904803,0.625,0.6339022391135145,29,Nordeste,58.71,48.46,8,36.60977608864855,0.3000757790911581,0.9677286991358709,22.10022391135145,False,Caatiba
2924652,0.5,0.6330490041672421,29,Nordeste,56.24,44.93,8,36.69509958327579,0.2990587624119649,0.9670392459225192,19.54490041672421,False,Pintadas
5007505,0.42857142857142855,0.632870520073341,50,Centro-Oeste,51.7,38.71,7,36.7129479926659,0.2757834590047307,0.9899575811419512,14.9870520073341,False,Rochedo
2410801,0.42857142857142855,0.6308125728292523,24,Nordeste,58.04,47.5,7,36.91874271707477,0.27330876410906874,0.9883163815494358,21.121257282925228,False,Riacho de Santana
4309654,1.0,0.6303932758948775,43,Sul,73.26,70.19,2,36.96067241051225,0.0,1.0,36.29932758948775,False,Hulha Negra
1301902,0.5180722891566265,0.6293568797020215,13,Norte,57.21,46.31,83,37.064312029797854,0.525450194854771,0.733263564549272,20.145687970202147,True,Itacoatiara
4304002,0.3333333333333333,0.6292994923826444,43,Sul,68.43,62.91,6,37.070050761735565,0.2428250962705477,1.0,31.35994923826444,False,Campo Novo
2923001,0.6444444444444445,0.6254156770840268,29,Nordeste,64.09,56.37,45,37.45843229159732,0.4839962756217036,0.76683507854635,26.631567708402685,True,Nova Viçosa
4305355,0.5185185185185185,0.6244147135049077,43,Sul,68.99,63.76,27,37.55852864950923,0.44174563473227824,0.8070837922775372,31.431471350490767,False,Charqueadas
2514909,0.25,0.6234113418775866,25,Nordeste,50.89,37.65,4,37.65886581224134,0.14857161847145361,1.0,13.231134187758663,False,São Mamede
2102150,0.6,0.6227268948557145,21,Nordeste,47.46,33.25,10,37.727310514428545,0.32230415260631484,0.9231496371051142,9.732689485571456,False,Brejo de Areia
2706901,0.5555555555555556,0.6216905050830087,27,Nordeste,50.85,37.59,54,37.83094949169913,0.49233946371162607,0.7510415464543914,13.019050508300872,True,Pilar
1502855,0.6875,0.6210114639402308,15,Norte,50.81,37.54,16,37.898853605976925,0.38329518396477424,0.8587277439156873,12.911146394023078,False,Curuá
1709302,0.5882352941176471,0.6205237373308305,17,Norte,49.68,36.07,17,37.94762626691694,0.38984736244641655,0.8512001122152446,11.732373733083058,False,Guaraí
1301803,0.42105263157894735,0.6198982233753076,13,Norte,66.47,40.83,19,38.01017766246923,0.4016305513197619,0.8381658954308534,28.459822337530767,False,Ipixuna
2414159,0.75,0.6186995491920091,24,Nordeste,56.03,44.64,4,38.13004508079909,0.142707569734836,1.0,17.89995491920091,False,Tenente Laurentino Cruz
4314456,0.6666666666666666,0.618212826497385,43,Sul,64.14,56.45,3,38.17871735026151,0.0684503216082285,1.0,25.961282649738493,False,Pinhal
1508407,0.5254237288135594,0.6179213161725542,15,Norte,59.68,49.86,59,38.20786838274458,0.49393519926528107,0.7419074330798273,21.47213161725542,True,Xinguara
1503044,0.25,0.6175232092765527,15,Norte,58.23,47.77,12,38.24767907234473,0.3425473080365843,0.8924991105165211,19.982320927655266,False,Floresta do Araguaia
2412005,0.6875,0.6161974912760274,24,Nordeste,61.37,52.34,64,38.38025087239726,0.4970513581669542,0.7353436243851006,22.989749127602735,True,São Gonçalo do Amarante
2505303,0.5,0.6153534231906617,25,Nordeste,51.24,38.1,2,38.46465768093383,0.0,1.0,12.77534231906617,False,Curral Velho
2502201,0.0,0.6150642633757427,25,Nordeste,40.92,25.56,3,38.49357366242573,0.06444702091880283,1.0,2.42642633757427,False,Bom Jesus
1302207,0.4,0.6131032747139256,13,Norte,53.1,40.6,5,38.689672528607446,0.18619417306466213,1.0,14.410327471392556,False,Juruá
4320800,0.2727272727272727,0.6130843882860364,43,Sul,70.64,66.25,11,38.69156117139636,0.3252597389850589,0.9009090375870139,31.948438828603642,False,Soledade
1300300,0.3076923076923077,0.6123063765402085,13,Norte,,44.6,13,38.769362345979154,0.34744836431014997,0.8771643887702669,,False,Autazes
3529401,0.6666666666666666,0.6122456724497404,35,Sudeste,56.81,45.74,9,38.77543275502596,0.29391681871563247,0.9305745261838483,18.034567244974042,False,Mauá
1722081,0.8333333333333334,0.6121001282572917,17,Norte,48.97,35.16,6,38.789987174270834,0.22220168659210737,1.0,10.180012825729165,False,Wanderlândia
5214804,0.0,0.6114694265825968,52,Centro-Oeste,29.25,14.29,1,38.85305734174032,0.0,1.0,-9.603057341740318,False,Nova Aurora
2408904,0.4444444444444444,0.6114005479909334,24,Nordeste,55.09,43.33,9,38.859945200906665,0.29294499926434725,0.9298560967175195,16.230054799093338,False,Parelhas
1506203,0.5652173913043478,0.6107978248870006,15,Norte,55.04,43.26,46,38.92021751129994,0.46989700319744815,0.7516986465765532,16.11978248870006,True,Salinópolis
1300201,0.15,0.6102651812347927,13,Norte,62.63,54.2,20,38.97348187652073,0.396525590680824,0.8240047717887613,23.656518123479273,False,Atalaia do Norte
3502507,0.4594594594594595,0.6099868005787394,35,Sudeste,55.2,43.48,37,39.00131994212606,0.45282207421780485,0.767151526939674,16.198680057873943,True,Aparecida
5002902,0.46153846153846156,0.6091935026409013,50,Centro-Oeste,50.95,37.72,26,39.080649735909866,0.4216388178837255,0.7967481873980772,11.869350264090137,False,Cassilândia
1302504,0.5789473684210527,0.6090609710505599,13,Norte,55.57,43.99,114,39.09390289494401,0.5194856144199835,0.6986363276811363,16.47609710505599,True,Manacapuru
2209609,0.42857142857142855,0.6089058135217923,22,Nordeste,49.29,35.56,7,39.10941864782077,0.24739375196492147,0.9704178750786632,10.180581352179232,False,São Félix do Piauí
3513405,0.4358974358974359,0.6080225171962719,35,Sudeste,52.17,39.34,39,39.197748280372814,0.45480297542804116,0.7612420589645026,12.972251719627188,True,Cruzeiro
4305447,0.125,0.6067935279463528,43,Sul,73.83,71.05,8,39.32064720536472,0.2683066192259591,0.9452804366667464,34.50935279463528,False,Chuvisca
4312450,1.0,0.6067826633350392,43,Sul,75.12,72.96,3,39.32173366649609,0.054033168194299375,1.0,35.79826633350392,False,Morro Redondo
2927903,0.5555555555555556,0.6062658395677363,29,Nordeste,57.93,47.34,9,39.37341604322637,0.2870621417919799,0.9254695373434927,18.55658395677363,False,Santa Inês
3304904,0.5361990950226244,0.6060340445148844,33,Sudeste,56.76,45.67,442,39.396595548511556,0.5604804350190215,0.6515876540107474,17.363404451488442,True,São Gonçalo
3305554,0.4583333333333333,0.6055175659013825,33,Sudeste,57.34,46.5,96,39.448243409861746,0.5077493561797591,0.7032857756230059,17.891756590138257,True,Seropédica
4319901,0.6,0.6049248277745803,43,Sul,74.99,72.77,60,39.50751722254196,0.4812244517018504,0.7286252038473103,35.48248277745803,True,Sapiranga
2100477,0.3333333333333333,0.604521848505395,21,Nordeste,49.66,36.04,33,39.5478151494605,0.4376948446848382,0.7713488523259519,10.1121848505395,True,Alto Alegre do Pindaré
2701357,0.23076923076923078,0.6043147815650716,27,Nordeste,53.57,41.23,13,39.568521843492846,0.33849278405911243,0.8701367790710307,14.001478156507154,False,Campestre
1600550,0.8,0.6039121710546733,16,Norte,49.94,36.41,10,39.608782894532666,0.30077533648472615,0.9070490056246205,10.331217105467331,False,Pracuúba
5215801,0.0,0.6029599854067423,52,Centro-Oeste,43.57,28.57,4,39.70400145932577,0.12346125605972552,1.0,3.8659985406742337,False,Palmelo
5003702,0.45741324921135645,0.6019379765950656,50,Centro-Oeste,52.98,40.43,317,39.806202340493435,0.5480517608699323,0.655824192320199,13.173797659506562,True,Dourados
3554102,0.4729064039408867,0.6017315254799191,35,Sudeste,55.84,44.37,203,39.82684745200808,0.5343877593239893,0.669075291635849,16.013152547991922,True,Taubaté
1200351,0.4117647058823529,0.6009224893203129,12,Norte,66.11,,17,39.90775106796871,0.3681297307085203,0.8337152479321055,26.20224893203129,False,Marechal Thaumaturgo
3549607,0.0,0.6008561158559971,35,Sudeste,51.08,37.89,2,39.91438841440029,0.0,1.0,11.165611585599706,False,São José do Barreiro
1200500,0.3111111111111111,0.6007874817962512,12,Norte,67.71,,45,39.921251820374884,0.4576964789185801,0.7438784846739223,27.78874817962511,True,Sena Madureira
3509452,0.5,0.600703856355025,35,Sudeste,56.83,45.77,4,39.9296143644975,0.12074518368002946,1.0,16.900385635502495,False,Campina do Monte Alegre
4312658,0.375,0.6001688624425621,43,Sul,70.55,66.12,16,39.983113755743794,0.36013577226712223,0.8402019526180019,30.566886244256203,False,Não-Me-Toque
3302601,0.5510204081632653,0.5992895106776006,33,Sudeste,58.07,47.54,49,40.07104893223994,0.46207762745810255,0.7365013938970987,17.99895106776006,True,Mangaratiba
2502409,0.42857142857142855,0.598398615864442,25,Nordeste,53.3,40.87,7,40.1601384135558,0.23523699817487398,0.96156023355401,13.139861586444198,False,Bonito de Santa Fé
3549508,0.46153846153846156,0.5974546699781593,35,Sudeste,58.14,47.63,13,40.25453300218407,0.33086441402927963,0.8640449259270391,17.885466997815932,False,São José da Bela Vista
4313607,0.25,0.5970792276468962,43,Sul,79.26,78.96,4,40.29207723531037,0.11640383939976895,1.0,38.96792276468963,False,Paim Filho
2104081,0.14285714285714285,0.5965478744527802,21,Nordeste,44.7,29.89,7,40.345212554721975,0.2331137467807477,0.9599820021248128,4.354787445278028,False,Fernando Falcão
3300803,0.7,0.5957119412621935,33,Sudeste,60.17,50.58,30,40.42880587378065,0.4200979740813152,0.7713259084430718,19.741194126219355,True,Cachoeiras de Macacu
4300802,0.2857142857142857,0.5956711343772719,43,Sul,70.43,65.93,7,40.432886562272806,0.2321097884052683,0.9592324803492756,29.9971134377272,False,Antônio Prado
4310009,0.3333333333333333,0.5955451697140001,43,Sul,66.47,59.96,3,40.445483028599995,0.040168271657953,1.0,26.024516971400004,False,Ibirubá
2501005,0.5625,0.5951043526520895,25,Nordeste,48.99,35.18,16,40.48956473479105,0.35457715165020465,0.8356315536539743,8.50043526520895,False,Araruna
2103174,0.6875,0.5937722111050442,21,Nordeste,52.68,40.03,16,40.62277888949558,0.3531194611537596,0.8344249610563288,12.057221110504422,False,Centro Novo do Maranhão
1200393,0.6,0.5930664436124209,12,Norte,47.15,,5,40.69335563875791,0.16245606097379295,1.0,6.456644361242091,False,Porto Walter
1200336,0.3333333333333333,0.5925207565245375,12,Norte,45.65,,15,40.74792434754625,0.3438555791251614,0.8411859339239136,4.902075652453746,False,Mâncio Lima
1200450,0.5,0.591059407346577,12,Norte,50.47,,8,40.8940592653423,0.2503714707872706,0.9317473439058834,9.5759407346577,False,Senador Guiomard
1506559,0.6842105263157895,0.5906369011811191,15,Norte,64.14,56.45,19,40.936309881888086,0.3695342729316684,0.8117395294305698,23.203690118111915,False,Santa Luzia do Pará
2406155,1.0,0.5898902128543158,24,Nordeste,41.43,54.55,1,41.010978714568424,0.0,1.0,0.419021285431576,False,Jundiá
3303302,0.5161290322580645,0.5896589284197976,33,Sudeste,61.09,51.92,248,41.03410715802024,0.5284375414226407,0.6508803154169546,20.055892841979762,True,Niterói
4311122,1.0,0.5890732757872508,43,Sul,72.13,68.5,1,41.092672421274926,0.0,1.0,31.03732757872507,False,Jaquirana
1502772,0.4583333333333333,0.5887623846035608,15,Norte,60.3,50.76,24,41.12376153964392,0.39189811748365666,0.7856266517234649,19.176238460356075,False,Curionópolis
2112100,0.5333333333333333,0.5874899426130631,21,Nordeste,54.08,41.93,30,41.25100573869369,0.41132765843627456,0.7636522267898516,12.828994261306306,True,Timbiras
1703701,0.5714285714285714,0.5866819824893467,17,Norte,51.24,38.1,7,41.331801751065335,0.22188553901607205,0.9514784259626212,9.908198248934667,False,Brejinho de Nazaré
2107605,0.14285714285714285,0.5866716660191188,21,Nordeste,54.18,42.07,7,41.33283339808812,0.22187387731496927,0.9514694547232683,12.84716660191188,False,Palmeirândia
3302304,0.3333333333333333,0.5855562262547167,33,Sudeste,56.42,45.19,6,41.44437737452833,0.19137352841360206,0.9797389240958314,14.975622625471672,False,Laje do Muriaé
3524006,0.5384615384615384,0.5842718597671852,35,Sudeste,56.2,44.88,65,41.57281402328148,0.46445675020074717,0.7040869693336232,14.627185976718522,True,Itupeva
1702158,0.625,0.5839895940275204,17,Norte,50.95,37.72,8,41.60104059724796,0.24243059731500027,0.9255485907400405,9.348959402752044,False,Araguanã
1504802,0.6129032258064516,0.583555352551538,15,Norte,62.46,53.95,62,41.644464744846196,0.4608453691685268,0.7062653359345492,20.815535255153804,True,Monte Alegre
3522307,0.5424836601307189,0.5833398272276563,35,Sudeste,54.24,42.15,153,41.66601727723437,0.5052198397341352,0.6614598147211774,12.573982722765635,True,Itapetininga
2600609,0.5,0.5831222086174932,26,Nordeste,54.75,42.86,22,41.68777913825068,0.37709294909945035,0.789151468135536,13.062220861749317,False,Alagoinha
3504008,0.4222222222222222,0.5828891890437651,35,Sudeste,55.12,43.37,90,41.71108109562349,0.4810174922222749,0.6847608858652552,13.408918904376506,True,Assis
2102325,0.647887323943662,0.5814460298870453,21,Nordeste,52.09,39.23,71,41.85539701129547,0.46669480378915573,0.6961972559849349,10.23460298870453,True,Buriticupu
2504009,0.5296167247386759,0.5813945979163538,25,Nordeste,54.42,42.4,287,41.86054020836462,0.5243186630911082,0.6384705327415995,12.559459791635383,True,Campina Grande
2510006,0.4,0.580983505192184,25,Nordeste,50.0,36.48,5,41.9016494807816,0.14850101381934638,1.0,8.0983505192184,False,Nazarezinho
2404853,0.5555555555555556,0.5800124797500622,24,Nordeste,64.47,56.95,9,41.99875202499378,0.2575555767470857,0.9024693827530388,22.47124797500622,False,Itajá
4316709,0.7142857142857143,0.5797964115149643,43,Sul,70.5,66.04,7,42.02035884850357,0.21413873834115715,0.9454540846887715,28.47964115149643,False,Santa Bárbara do Sul
1720903,0.3,0.5793439375155374,17,Norte,51.39,38.31,30,42.065606248446265,0.402688400830088,0.7559994742009868,9.324393751553735,True,Taguatinga
3536307,0.3,0.5790713350037151,35,Sudeste,56.04,44.66,20,42.09286649962849,0.3626942039981057,0.7954484660093245,13.947133500371507,False,Patrocínio Paulista
3552007,0.4444444444444444,0.5783996972406846,35,Sudeste,56.9,45.87,9,42.16003027593154,0.2557737429436551,0.9010256515377142,14.739969724068459,False,Silveiras
1100130,0.4166666666666667,0.5775011509874015,11,Norte,60.73,51.4,36,42.24988490125985,0.41614184654871134,0.7388604554260917,18.48011509874015,True,Machadinho D'Oeste
1600279,0.5964912280701754,0.5768993736137488,16,Norte,52.13,39.29,57,42.310062638625126,0.44863958749449434,0.7051591597330031,9.819937361374876,True,Laranjal do Jari
1710904,0.0,0.5754961765551805,17,Norte,48.92,35.09,2,42.45038234448195,0.0,1.0,6.46961765551805,False,Itapiratins
5002100,0.5428571428571428,0.5752621017128321,50,Centro-Oeste,55.41,43.77,35,42.47378982871679,0.41149923285305845,0.7390249705726057,12.936210171283207,True,Bela Vista
5103254,0.1891891891891892,0.5745680154267697,51,Centro-Oeste,53.92,41.71,37,42.54319845732303,0.4152587623822824,0.7338772684712571,11.376801542676972,True,Colniza
3300936,0.38461538461538464,0.5742930742295093,33,Sudeste,60.47,51.01,13,42.57069257704907,0.30550713722769474,0.8430790112313238,17.899307422950926,False,Carapebus
2201507,0.6923076923076923,0.5738838357284359,22,Nordeste,55.33,43.66,13,42.611616427156406,0.30506456665211823,0.8427031048047536,12.718383572843592,False,Batalha
2503308,0.375,0.5731952048534635,25,Nordeste,54.17,42.05,8,42.68047951465365,0.23044557283922223,0.9159448368677048,11.489520485346354,False,Cachoeira dos Índios
5103858,0.3333333333333333,0.5730653715348308,51,Centro-Oeste,56.31,45.03,9,42.693462846516915,0.24990537813371477,0.8962253649359468,13.616537153483087,False,Gaúcha do Norte
3519709,0.42045454545454547,0.5729257672397084,35,Sudeste,56.09,44.73,88,42.707423276029154,0.4695745496485634,0.6762769848308535,13.38257672397085,True,Ibiúna
2110708,0.4782608695652174,0.5724571844745137,21,Nordeste,54.0,41.82,23,42.75428155254863,0.3702700743431253,0.774644294605902,11.245718447451367,False,São Domingos do Maranhão
2503902,0.6,0.5724362829154589,25,Nordeste,49.89,36.34,5,42.75637170845411,0.13879055957469966,1.0,7.1336282915458895,False,Camalaú
3518701,0.5851063829787234,0.5720525538694698,35,Sudeste,58.55,48.23,188,42.79474461305301,0.5013247243722173,0.6427803833667224,15.755255386946985,True,Guarujá
1100601,0.14285714285714285,0.571819806544782,11,Norte,62.92,54.63,7,42.8180193455218,0.20525570142145838,0.9383839116681056,20.101980654478204,False,Cacaulândia
2606705,0.25,0.571773581244365,26,Nordeste,52.17,39.34,4,42.822641875563505,0.08684827737256418,1.0,9.347358124436496,False,Ibirajuba
3535804,0.375,0.5711929736959301,35,Sudeste,59.31,49.33,16,42.88070263040699,0.3286892259410367,0.8136967214508235,16.429297369593016,False,Paranapanema
3541000,0.4961038961038961,0.571100495758698,35,Sudeste,60.28,50.73,385,42.8899504241302,0.5216626261989854,0.6205383653184107,17.390049575869803,True,Praia Grande
1506708,0.32558139534883723,0.570518986071192,15,Norte,62.85,54.53,43,42.9481013928808,0.4225642473829174,0.7184737247594666,19.9018986071192,True,Santana do Araguaia
1709500,0.375,0.5702882313267895,17,Norte,55.89,44.44,64,42.97117686732105,0.4490046777783775,0.6915717848752015,12.918823132678952,True,Gurupi
4202305,0.68,0.5701909814153227,42,Sul,,38.76,25,42.98090185846773,0.37613188675669584,0.7642500760739495,,False,Biguaçu
1501576,0.6190476190476191,0.5701447453348373,15,Norte,65.25,58.11,21,42.98552546651627,0.35840611130032085,0.7818833793693537,22.264474533483728,False,Bom Jesus do Tocantins
4209151,0.6,0.5694265120416713,42,Sul,50.48,37.11,5,43.05734879583287,0.1354027034482082,1.0,7.422651204167124,False,José Boiteux
3512001,0.1875,0.5681114067863945,35,Sudeste,55.43,43.8,16,43.18885932136055,0.3253952417141741,0.8108275718586149,12.241140678639447,False,Colina
4302352,0.5,0.5671562306471366,43,Sul,75.63,73.71,10,43.28437693528634,0.2600610434011415,0.8742514178931318,32.345623064713656,False,Bom Princípio
1707108,0.375,0.5663244090108787,17,Norte,51.98,39.09,8,43.36755909891213,0.22290391581944785,0.9097449022023094,8.612440901087865,False,Divinópolis do Tocantins
5001904,0.4074074074074074,0.5657955762318022,50,Centro-Oeste,50.9,37.66,27,43.42044237681978,0.37883454926143323,0.7527566032021712,7.47955762318022,False,Bataguassu
3548203,0.5,0.5656618931728437,35,Sudeste,54.76,42.87,6,43.43381068271563,0.16904347827016186,0.9622803080755254,11.326189317284367,False,Santo Antônio do Pinhal
4322202,0.6666666666666666,0.5647369944747778,43,Sul,74.42,71.92,6,43.52630055252222,0.16802124373029637,0.9614527452192592,30.89369944747778,False,Tupanciretã
3529807,0.3,0.5639876478156,35,Sudeste,56.82,45.76,10,43.60123521844,0.2566326609210864,0.8713426347101135,13.218764781559997,False,Mineiros do Tietê
5007208,0.5535714285714286,0.5636743167282205,50,Centro-Oeste,52.79,40.18,56,43.63256832717794,0.4337825660921669,0.6935660673642742,9.157431672822057,True,Rio Brilhante
4312807,0.5555555555555556,0.5633502058997694,43,Sul,80.0,82.28,9,43.664979410023065,0.23931613632167115,0.8873842754778676,36.335020589976935,False,Nova Araçá
2701605,0.5238095238095238,0.5626948407363498,27,Nordeste,56.64,45.5,21,43.73051592636502,0.35052913262793123,0.7748605488447684,12.909484073634978,False,Canapi
1713205,0.7142857142857143,0.5617051662671441,17,Norte,53.79,41.54,14,43.82948337328559,0.3017913066099279,0.8216190259243602,9.960516626714409,False,Miracema do Tocantins
3552205,0.48592870544090055,0.5612680753408975,35,Sudeste,58.32,47.9,533,43.87319246591025,0.51913945315989,0.6033966975219051,14.44680753408975,True,Sorocaba
2932606,0.47058823529411764,0.5611636894822053,29,Nordeste,66.0,59.24,17,43.88363105177947,0.3252638370689144,0.7970635418954962,22.116368948220533,False,Urandi
1505635,0.42857142857142855,0.5611299072705114,15,Norte,65.37,58.29,14,43.88700927294886,0.3011787501476013,0.8210810643934214,21.482990727051146,False,Piçarra
3512605,0.5,0.5603527696358828,35,Sudeste,57.19,46.28,4,43.964723036411726,0.07393547503518105,1.0,13.225276963588271,False,Coronel Macedo
2702355,0.23809523809523808,0.5597882279094474,27,Nordeste,56.78,45.7,21,44.02117720905526,0.3474690955869517,0.772107360231943,12.758822790944741,False,Craíbas
4212650,0.8333333333333334,0.5581539090307975,42,Sul,52.93,40.37,6,44.18460909692025,0.16078586367988612,0.955521954381709,8.745390903079752,False,Pescaria Brava
3549250,1.0,0.5581224424160889,35,Sudeste,55.57,44.0,1,44.18775575839111,0.0,1.0,11.382244241608888,False,São João de Iracema
1304401,0.6666666666666666,0.5570995354905818,13,Norte,52.79,48.58,18,44.29004645094182,0.3276224714311047,0.7865765995500589,8.499953549058176,False,Urucurituba
5100409,0.3684210526315789,0.5563650340863995,51,Centro-Oeste,53.21,40.74,19,44.363496591360054,0.33297074362158763,0.7797593245512113,8.846503408639947,False,Alto Garças
4309506,0.3333333333333333,0.5561655289320232,43,Sul,73.38,70.37,6,44.38344710679768,0.15861439662429222,0.9537166612397542,28.996552893202313,False,Guarani das Missões
3557006,0.44554455445544555,0.5552640374943518,35,Sudeste,59.0,48.87,101,44.47359625056482,0.4583478587332226,0.6521802162554811,14.526403749435183,True,Votorantim
2604601,0.5833333333333334,0.554821264821022,26,Nordeste,56.69,45.57,24,44.5178735178978,0.3559856368859292,0.7536568927561148,12.1721264821022,False,Condado
4314704,0.7142857142857143,0.5545989762085024,43,Sul,74.79,72.47,7,44.54010237914976,0.18640880693970663,0.9227891454772982,30.24989762085025,False,Planalto
3305208,0.4732824427480916,0.554331880244776,33,Sudeste,63.99,56.22,131,44.566811975522405,0.4692158939750792,0.6394478665144727,19.423188024477597,True,São Pedro da Aldeia
1716604,0.5,0.5533564006222781,17,Norte,57.32,46.47,6,44.66435993777219,0.15555759723046747,0.9511552040140887,12.65564006222781,False,Peixe
4128559,0.3076923076923077,0.5522731412382972,41,Sul,61.39,52.37,13,44.77268587617028,0.2819595199847843,0.8225867624918101,16.617314123829722,False,Vera Cruz do Oeste
1101807,0.6,0.5519625660426498,11,Norte,63.63,55.69,5,44.80374339573502,0.11606641692660652,0.9878587151586931,18.826256604264984,False,Vale do Paraíso
1506187,0.2,0.5509867573414826,15,Norte,66.61,60.17,30,44.90132426585174,0.372996758861044,0.7289767558219212,21.708675734148258,True,Rondon do Pará
2410256,0.0,0.5506414590681535,24,Nordeste,65.41,58.35,3,44.935854093184645,0.0,1.0,20.47414590681535,False,Porto do Mangue
4323358,1.0,0.5503767140167887,43,Sul,73.94,71.21,2,44.962328598321136,0.0,1.0,28.97767140167886,False,Vila Lângaro
1508084,0.5348837209302325,0.5502518046958644,15,Norte,65.7,58.8,43,44.974819530413555,0.4015599098002358,0.698943699591493,20.725180469586448,True,Tucumã
3548054,0.5,0.5467832996436587,35,Sudeste,59.88,50.15,6,45.321670035634135,0.14845513134635857,0.9451114679409588,14.558329964365868,False,Santo Antônio do Aracanguá
4305306,0.7142857142857143,0.5465554126239331,43,Sul,76.72,75.31,7,45.344458737606686,0.17775936147477578,0.9153514637730905,31.375541262393313,False,Chapada
2611309,0.5,0.5464569220962313,26,Nordeste,57.66,46.95,16,45.35430779037687,0.30251675478284756,0.7903970894096151,12.305692209623125,False,Pombos
4321956,0.25,0.5463738660125417,43,Sul,80.0,82.51,8,45.362613398745836,0.20138500694979655,0.8913627250752868,34.637386601254164,False,Trindade do Sul
2412609,0.6153846153846154,0.5463049878592989,24,Nordeste,,54.24,13,45.369501214070105,0.2756699759025957,0.8169399998160022,,False,São Paulo do Potengi
2507507,0.4310722100656455,0.5461771223251068,25,Nordeste,57.49,46.71,457,45.382287767489316,0.5005305767775889,0.5918236678726247,12.107712232510686,True,João Pessoa
5106828,0.75,0.5461706856153776,51,Centro-Oeste,55.54,43.95,12,45.382931438462236,0.26447777694512037,0.8278635942856349,10.157068561537763,False,Porto Esperidião
2109304,0.6,0.5459712425352086,21,Nordeste,55.77,44.27,10,45.40287574647914,0.23738068291076242,0.8545618021596547,10.367124253520863,False,Presidente Vargas
3502754,0.3333333333333333,0.5456894651435837,35,Sudeste,59.86,50.13,15,45.43105348564163,0.29371320231815673,0.7976657279690107,14.428946514358373,False,Araçariguama
3301306,0.45652173913043476,0.5450949551310369,33,Sudeste,63.12,54.93,46,45.49050448689631,0.40119070743747676,0.688999202824597,17.629495513103684,True,Casimiro de Abreu
3516309,0.5165876777251185,0.5450671522190631,35,Sudeste,60.21,50.64,211,45.49328477809369,0.4778757821317001,0.6122585223064261,14.716715221906313,True,Francisco Morato
4304952,0.6666666666666666,0.5446804763132531,43,Sul,80.0,86.13,3,45.53195236867469,0.0,1.0,34.46804763132531,False,Caseiros
2210003,0.2857142857142857,0.5445734641289715,22,Nordeste,55.82,44.35,21,45.542653587102855,0.3315713924528223,0.7575755358051206,10.277346412897145,False,São João do Piauí
1505601,0.125,0.5441565994946713,15,Norte,62.33,53.76,8,45.584340050532866,0.19902806763290765,0.8892851313564349,16.745659949467132,False,Peixe-Boi
2909000,0.5,0.5441311570296191,29,Nordeste,72.68,69.32,6,45.58688429703809,0.1456092510516669,0.9426530630075713,27.093115702961917,False,Cordeiros
3113800,0.6666666666666666,0.5428744586124244,31,Sudeste,44.58,29.75,3,45.712554138757554,0.0,1.0,-1.1325541387575555,False,Carmésia
2703759,0.0,0.5423078587862079,27,Nordeste,59.93,50.22,9,45.76921412137921,0.21681273009791885,0.867802987474497,14.160785878620793,False,Jequiá da Praia
3541307,0.3684210526315789,0.5398442196814178,35,Sudeste,58.66,48.39,19,46.01557803185822,0.3157317922531887,0.763956647109647,12.644421968141778,False,Presidente Epitácio
1720259,0.3333333333333333,0.5390688826769302,17,Norte,58.13,47.62,3,46.09311173230698,0.0,1.0,12.036888267693023,False,São Salvador do Tocantins
4316105,0.0,0.5388215408473844,43,Sul,76.71,75.29,3,46.117845915261555,0.0,1.0,30.59215408473844,False,Ronda Alta
2918704,0.0,0.5385669493768728,29,Nordeste,71.57,67.65,2,46.14330506231272,0.0,1.0,25.426694937687273,False,Lafaiete Coutinho
3521150,0.4,0.5385508457121173,35,Sudeste,58.39,48.0,10,46.144915428788266,0.22957014434971618,0.8475315470745184,12.245084571211734,False,Ipiguá
1506195,0.5897435897435898,0.5384354836263008,15,Norte,65.15,57.97,39,46.15645163736992,0.38197422795202596,0.6948967393005756,18.993548362630087,True,Rurópolis
2607653,0.5517241379310345,0.5383848728489463,26,Nordeste,58.78,48.56,29,46.16151271510537,0.3569404962233848,0.7198292494745078,12.618487284894634,False,Itambé
4304309,0.75,0.5371862630178019,43,Sul,76.87,75.52,4,46.28137369821981,0.04854330395485057,1.0,30.588626301780195,False,Cândido Godói
3540259,0.6666666666666666,0.536525646625699,35,Sudeste,56.02,44.63,6,46.3474353374301,0.1375112706074182,0.9355400226439798,9.672564662569904,False,Pontalinda
3503000,0.2,0.5365047003016198,35,Sudeste,55.06,43.28,5,46.349529969838024,0.09940500682710296,0.9736043937761366,8.710470030161979,False,Aramina
3506102,0.4489795918367347,0.5363021952801561,35,Sudeste,58.87,48.69,49,46.36978047198439,0.39667168067665415,0.6759327098836581,12.500219528015606,True,Bebedouro
1721109,0.0,0.5360117707978991,17,Norte,54.82,42.96,3,46.398822920210094,0.0,1.0,8.421177079789906,False,Tocantínia
3527702,0.5555555555555556,0.535945554804665,35,Sudeste,62.93,54.64,9,46.4054445195335,0.2101241425262143,0.8617669670831156,16.524555480466496,False,Luiziânia
2205805,0.5625,0.5348963902111433,22,Nordeste,60.96,51.73,16,46.510360978885664,0.29049382006866176,0.7792989603536249,14.449639021114336,False,Luzilândia
3513009,0.5115511551155115,0.5343979433738723,35,Sudeste,60.23,50.67,303,46.56020566261277,0.4782318016938925,0.590564085053852,13.669794337387223,True,Cotia
3552106,0.28,0.5338998614557477,35,Sudeste,60.34,50.82,25,46.610013854425226,0.3383508669864098,0.7294488559250857,13.729986145574777,False,Socorro
1506005,0.6851851851851852,0.5337878993951909,15,Norte,64.73,57.34,54,46.62121006048091,0.4007316355813235,0.6668441632090583,18.10878993951909,True,Prainha
5209408,0.25,0.5324378282470891,52,Centro-Oeste,46.54,32.11,8,46.75621717529109,0.18668542050305958,0.8781902359911186,-0.2162171752910922,False,Guarani de Goiás
3534005,0.4,0.5324147459165384,35,Sudeste,57.76,47.09,5,46.758525408346166,0.09506738503187179,0.969762106801205,11.001474591653832,False,Onda Verde
2601052,0.25,0.5317558026731263,26,Nordeste,56.79,45.71,20,46.824419732687375,0.3130635518436464,0.7504480535026061,9.965580267312625,False,Araçoiaba
3167004,0.0,0.5317034390342231,31,Sudeste,51.51,38.46,1,46.829656096577686,0.0,1.0,4.680343903422312,False,Serranos
2602001,0.5806451612903226,0.5309361532037535,26,Nordeste,56.45,45.23,31,46.906384679624644,0.35526018557062633,0.7066121208368807,9.543615320375359,True,Bodocó
3106101,0.0,0.5299242205409395,31,Sudeste,61.99,33.6,3,47.00757794590606,0.0,1.0,14.982422054093945,False,Belmiro Braga
1502152,0.36764705882352944,0.5295074322489004,15,Norte,67.89,62.1,136,47.04925677510996,0.44561958858267114,0.6133952759151297,20.84074322489004,True,Canaã dos Carajás
2514305,0.4,0.529209609041501,25,Nordeste,58.52,48.19,5,47.07903909584989,0.09168878849961842,0.9667304295833836,11.44096090415011,False,São José de Caiana
4208708,0.2222222222222222,0.5279206070721765,42,Sul,61.83,53.02,9,47.207939292782356,0.20176365079459763,0.8540775633497553,14.622060707217642,False,Jacinto Machado
3534203,0.625,0.5278055392077123,35,Sudeste,55.25,43.55,8,47.21944607922877,0.18185939553026842,0.8737516828851563,8.030553920771233,False,Orindiúva
2614857,0.34782608695652173,0.5259050511627343,26,Nordeste,56.21,44.9,23,47.409494883726566,0.3218353687915806,0.7299747335338881,8.800505116273435,False,Tamandaré
3512704,0.4,0.5257093339353347,35,Sudeste,55.31,43.63,5,47.42906660646653,0.08801975941502077,0.9633989084556487,7.880933393533475,False,Corumbataí
4216206,0.6129032258064516,0.5252149212379916,42,Sul,,44.54,31,47.47850787620084,0.34942568338612645,0.7010041590898568,,True,São Francisco do Sul
3302809,0.4,0.5251702089874231,33,Sudeste,65.41,58.36,15,47.4829791012577,0.27245611559829686,0.7778843023765493,17.9270208987423,False,Mendes
3150539,0.3333333333333333,0.5237860446082464,31,Sudeste,48.61,34.7,3,47.62139553917536,0.0,1.0,0.9886044608246394,False,Pingo-d'Água
1301506,0.8,0.5232728474882411,13,Norte,27.7,56.52,15,47.67271525117589,0.27051218444283476,0.7760335105336474,-19.972715251175888,False,Envira
4306924,0.6666666666666666,0.5230933677253431,43,Sul,77.83,76.92,3,47.69066322746569,0.0,1.0,30.139336772534307,False,Engenho Velho
4320404,0.5384615384615384,0.5226315886689467,43,Sul,80.0,83.22,13,47.73684113310534,0.2511070642794716,0.7941561130584217,32.26315886689466,False,Serafina Corrêa
4311791,0.0,0.5222757883937552,43,Sul,71.68,67.82,1,47.772421160624475,0.0,1.0,23.90757883937553,False,Maratá
2210508,0.2,0.5211042367548938,22,Nordeste,59.26,49.25,20,47.88957632451062,0.3021648622295106,0.7400436112802771,11.370423675489377,False,São Pedro do Piauí
2504355,0.0,0.5206570856170719,25,Nordeste,61.82,53.0,4,47.93429143829281,0.031075445096124532,1.0,13.88570856170719,False,Caturité
3129707,0.14285714285714285,0.5181350617943076,31,Sudeste,47.1,32.8,7,48.18649382056924,0.14797359648477043,0.8882965271038448,-1.0864938205692383,False,Ibiraci
2708956,0.3333333333333333,0.5180614427069735,27,Nordeste,61.07,51.9,15,48.19385572930265,0.265191672572456,0.770931212841491,12.876144270697353,False,Senador Rui Palmeira
3127057,0.0,0.51792190746816,31,Sudeste,50.6,37.26,3,48.207809253183996,0.0,1.0,2.3921907468160057,False,Fronteira dos Vales
2207959,0.6666666666666666,0.5178323254893368,22,Nordeste,58.41,48.03,3,48.216767451066325,0.0,1.0,10.193232548933672,False,Nova Santa Rita
2609808,0.625,0.517657447799243,26,Nordeste,56.93,45.91,16,48.234255220075696,0.2728102703387181,0.762504625259768,8.695744779924304,False,Orocó
1502939,0.27419354838709675,0.5172310032919463,15,Norte,66.05,59.32,62,48.27689967080537,0.3928448070705729,0.6416171995133196,17.773100329194627,True,Dom Eliseu
4215208,0.3333333333333333,0.5165717790942727,42,Sul,61.19,52.07,3,48.34282209057273,0.0,1.0,12.847177909427266,False,Romelândia
1501006,0.4166666666666667,0.5163741234116209,15,Norte,64.66,57.23,12,48.36258765883791,0.23362423080071648,0.7991240160225254,16.297412341162087,False,Aveiro
3510500,0.5208333333333334,0.5130150671654935,35,Sudeste,62.72,54.34,144,48.69849328345065,0.43137607254268584,0.5946540617883012,14.021506716549347,True,Caraguatatuba
3136959,0.5,0.5126592278602121,31,Sudeste,,36.81,4,48.734077213978786,0.02281630396566009,1.0,,False,Juvenília
3301108,0.5,0.5120082447681914,33,Sudeste,63.67,55.75,18,48.79917552318086,0.2810866552399579,0.7429298342964249,14.870824476819145,False,Cantagalo
2921807,0.42857142857142855,0.5112997089578944,29,Nordeste,72.44,68.97,7,48.87002910421055,0.14098912669252922,0.8816102912232597,23.569970895789446,False,Mortugaba
1300060,0.25,0.5107626896880332,13,Norte,68.27,62.67,16,48.92373103119668,0.2658194556540757,0.7557059237219906,19.346268968803315,False,Amaturá
4306700,1.0,0.5090704502256319,43,Sul,80.0,81.25,2,49.09295497743681,0.0,1.0,30.90704502256319,False,Dona Francisca
3533403,0.4166666666666667,0.5090203799706605,35,Sudeste,63.12,54.93,48,49.09796200293395,0.3675925848216648,0.6504481751196562,14.02203799706605,True,Nova Odessa
3304003,0.3793103448275862,0.5087637853913887,33,Sudeste,65.7,58.8,29,49.12362146086113,0.3268103099050036,0.6907172608777737,16.576378539138872,False,Piraí
2100501,0.5555555555555556,0.5087535359879893,21,Nordeste,57.53,46.76,18,49.12464640120107,0.2778007221764318,0.7397063497995469,8.405353598798932,False,Alto Parnaíba
4307906,0.41935483870967744,0.5076013053349612,43,Sul,80.0,83.04,62,49.23986946650388,0.38315556427874453,0.6320470463911778,30.760130533496117,True,Farroupilha
3538006,0.3732394366197183,0.507289783957326,35,Sudeste,62.84,54.51,142,49.271021604267396,0.42505875190814946,0.5895208160065026,13.568978395732607,True,Pindamonhangaba
4202073,0.6111111111111112,0.5072859045474335,42,Sul,55.1,51.47,18,49.27140954525665,0.2763222144057594,0.7382495946891077,5.828590454743349,False,Balneário Gaivota
2602605,0.625,0.5068469254222866,26,Nordeste,61.79,52.96,40,49.31530745777134,0.35190984913787493,0.6617840017066983,12.47469254222866,True,Brejo da Madre de Deus
5103403,0.5333333333333333,0.5066018883506274,51,Centro-Oeste,62.45,53.94,615,49.33981116493727,0.467087919139486,0.5461158575617687,13.110188835062736,True,Cuiabá
2414902,0.6666666666666666,0.5063732105521012,24,Nordeste,65.79,58.93,3,49.362678944789884,0.0,1.0,16.427321055210122,False,Viçosa
3549102,0.35294117647058826,0.5060767406708125,35,Sudeste,62.88,54.57,68,49.392325932918745,0.38724306166494166,0.6249104196766834,13.487674067081258,True,São João da Boa Vista
2603801,0.28,0.5060578413236264,26,Nordeste,60.43,50.95,25,49.39421586763736,0.3100722272486413,0.7020434553986115,11.035784132362643,False,Capoeiras
2411908,0.0,0.5048697059945735,24,Nordeste,64.41,56.85,2,49.51302940054265,0.0,1.0,14.896970599457347,False,São Francisco do Oeste
1100338,0.5185185185185185,0.5048462607999226,11,Norte,68.5,63.02,27,49.51537392000775,0.3162540321349628,0.6934384894648824,18.984626079992253,False,Nova Mamoré
1100403,0.36363636363636365,0.5047620817702658,11,Norte,67.51,61.53,11,49.523791822973415,0.2092943658884453,0.8002297976520863,17.98620817702659,False,Alto Paraíso
5107941,0.4375,0.5037624662930072,51,Centro-Oeste,60.75,51.43,16,49.623753370699276,0.2587694029059813,0.7487555296800332,11.126246629300724,False,Tabaporã
4320578,0.5,0.5034470729782273,43,Sul,78.99,78.57,2,49.65529270217727,0.0,1.0,29.334707297822725,False,Sete de Setembro
2101707,0.21428571428571427,0.5033348751160012,21,Nordeste,60.01,50.35,84,49.66651248839988,0.3964104872757892,0.6102592629562131,10.343487511600117,True,Barreirinhas
3505807,0.5294117647058824,0.5030666800567649,35,Sudeste,61.06,51.88,17,49.69333199432351,0.26538623819135426,0.7407471219221755,11.366668005676495,False,Bastos
3142254,1.0,0.5030069856077817,31,Sudeste,53.18,40.71,1,49.699301439221834,0.0,1.0,3.4806985607781655,False,Miravânia
2202251,0.25,0.5020994998264978,22,Nordeste,60.25,50.7,4,49.79005001735022,0.01210381958707002,0.9920951800659257,10.459949982649782,False,Canavieira
5006358,0.4444444444444444,0.501996807691309,50,Centro-Oeste,56.21,44.89,18,49.80031923086909,0.27101043452239204,0.7329831808602261,6.409680769130908,False,Paranhos
2607802,0.4166666666666667,0.501341240185574,26,Nordeste,58.59,48.29,12,49.8658759814426,0.21844062612225795,0.78424185424889,8.724124018557404,False,Itaquitinga
4318614,1.0,0.5011347682256073,43,Sul,80.0,85.0,2,49.886523177439265,0.0,1.0,30.113476822560735,False,São José do Sul
4213401,0.38461538461538464,0.5008627694101963,42,Sul,61.87,53.07,13,49.91372305898037,0.22906007790485017,0.7726654609155423,11.956276941019624,False,Ponte Serrada
3168051,0.3333333333333333,0.5004118009509807,31,Sudeste,55.66,44.12,3,49.95881990490193,0.0,1.0,5.701180095098067,False,Taparuba
3538709,0.4608150470219436,0.4991295825407466,35,Sudeste,62.99,54.74,319,50.08704174592534,0.4442601996082648,0.5539989654732284,12.902958254074662,True,Piracicaba
2501500,0.125,0.49893007962576846,25,Nordeste,60.49,51.04,16,50.10699203742315,0.2539306405439181,0.7439295187076188,10.383007962576855,False,Bananeiras
3525706,0.4,0.4987111214073778,35,Sudeste,63.69,55.78,15,50.128887859262214,0.24567705014380992,0.7517451926709456,13.561112140737784,False,José Bonifácio
2609402,0.5,0.49810990240456265,26,Nordeste,62.08,53.38,44,50.18900975954374,0.35037039916233903,0.6458494056467863,11.890990240456262,True,Moreno
1100254,0.17647058823529413,0.49808114124078834,11,Norte,68.1,62.41,17,50.19188587592116,0.2603979790323252,0.7357643034492515,17.908114124078836,False,Presidente Médici
2201988,0.0,0.49793223860468355,22,Nordeste,60.0,50.33,3,50.20677613953164,0.0,1.0,9.793223860468359,False,Brejo do Piauí
3553807,0.5526315789473685,0.49781834485618,35,Sudeste,61.5,52.53,38,50.21816551438201,0.3388428654951188,0.6567938242172412,11.281834485617992,True,Taquarituba
3152402,0.14285714285714285,0.49761734848830425,31,Sudeste,53.94,41.74,7,50.23826515116958,0.1272163705645014,0.8680183264121071,3.7017348488304194,False,Poté
3553609,0.2,0.4971000012652699,35,Sudeste,62.16,53.51,5,50.289999873473015,0.05883804942089815,0.9353619531096415,11.870000126526982,False,Tapiratiba
3125002,0.14285714285714285,0.49558562186394817,31,Sudeste,49.36,35.65,7,50.441437813605184,0.12519487457103756,0.8659763691568587,-1.0814378136051843,False,Ewbank da Câmara
2102705,0.32,0.49526638346571583,21,Nordeste,61.85,53.04,25,50.47336165342842,0.2992751672557332,0.6912575996756984,11.376638346571582,False,Cantanhede
2611002,0.358974358974359,0.4949414076765222,26,Nordeste,61.05,51.87,39,50.50585923234778,0.33802384840276783,0.6518589669502766,10.544140767652216,True,Petrolândia
2500502,0.4117647058823529,0.49486738767638366,25,Nordeste,64.7,57.29,17,50.51326123236164,0.2571949984751619,0.7325397768776054,14.18673876763836,False,Alagoinha
3518206,0.3076923076923077,0.4945259996097667,35,Sudeste,65.3,58.19,39,50.54740003902334,0.337609813612905,0.6514421856066284,14.75259996097666,True,Guararapes
2910206,0.6666666666666666,0.49428651704543736,29,Nordeste,80.0,85.87,6,50.57134829545626,0.09422931379364258,0.8943437202972322,29.42865170454374,False,Dom Macedo Costa
4202057,0.8181818181818182,0.49405964525287865,42,Sul,66.68,60.27,11,50.59403547471213,0.1985993820683572,0.7895199084374,16.085964525287878,False,Balneário Barra do Sul
4308706,0.25,0.4932564813228294,43,Sul,79.16,78.81,4,50.67435186771706,0.003301048892900116,0.9832119137527586,28.48564813228294,False,Gaurama
4313391,0.0,0.4930605638563607,43,Sul,80.0,86.08,3,50.693943614363924,0.0,1.0,29.306056385636076,False,Novo Cabrais
4116505,0.3333333333333333,0.4923983092329874,41,Sul,51.24,38.1,3,50.76016907670127,0.0,1.0,0.479830923298735,False,Nova Aliança do Ivaí
5101902,0.3684210526315789,0.49215817900400627,51,Centro-Oeste,61.09,51.92,19,50.78418209959937,0.26735841265646637,0.7169579453515462,10.305817900400633,False,Brasnorte
3536604,0.2,0.49199011389897657,35,Sudeste,60.02,50.36,10,50.80098861010234,0.18212667146515055,0.8018535563328026,9.219011389897666,False,Paulo de Faria
4214409,0.5,0.491199148837709,42,Sul,,51.1,8,50.880085116229104,0.14477050377781076,0.8376277938976072,,False,Rio das Antas
5002308,0.3333333333333333,0.4905018159185847,50,Centro-Oeste,60.95,51.72,18,50.949818408141525,0.2595552819266531,0.7214483499105163,10.000181591858478,False,Brasilândia
3101805,0.2857142857142857,0.49036529001711876,31,Sudeste,57.08,46.13,7,50.96347099828813,0.12002888052824073,0.8607016995059968,6.116529001711868,False,Alpercata
3519055,0.2222222222222222,0.4903432803867243,35,Sudeste,65.4,58.34,9,50.96567196132757,0.16373754419516756,0.8169490165782811,14.434328038672433,False,Holambra
3115458,0.3333333333333333,0.48823709205645976,31,Sudeste,49.55,35.9,9,51.17629079435402,0.16166083702356926,0.8148133470893503,-1.62629079435402,False,Catuji
5100250,0.29411764705882354,0.48806096291346296,51,Centro-Oeste,62.17,53.52,68,51.19390370865371,0.36925239122787884,0.6068695345990471,10.976096291346295,True,Alta Floresta
2602803,0.47058823529411764,0.4875278667676652,26,Nordeste,61.51,52.54,51,51.247213323233474,0.35034311776242655,0.6247126157729038,10.262786676766524,True,Buíque
3121902,0.3333333333333333,0.4875079283164275,31,Sudeste,54.85,43.0,6,51.24920716835726,0.08754949064362094,0.887466365989234,3.6007928316427424,False,Divinésia
3304508,0.2857142857142857,0.48729729065389626,33,Sudeste,66.3,59.69,7,51.27027093461037,0.11701166268949997,0.8575829186182926,15.029729065389624,False,Rio das Flores
5209150,0.25,0.48722316800194065,52,Centro-Oeste,52.5,39.78,4,51.277683199805935,0.0,0.9770631593894908,1.222316800194065,False,Gouvelândia
3136702,0.4915254237288136,0.48572572826837335,31,Sudeste,55.31,43.63,236,51.42742717316266,0.42195916327423655,0.5494922932625101,3.8825728268373396,True,Juiz de Fora
4117602,0.5238095238095238,0.48450812224382156,41,Sul,63.61,55.66,63,51.549187775617845,0.3610990063614107,0.6079172381262324,12.060812224382154,True,Palmas
4309803,0.3333333333333333,0.4844113126763892,43,Sul,73.35,70.33,3,51.558868732361084,0.0,1.0,21.79113126763891,False,Ibiaçá
3520509,0.40444444444444444,0.4832035965284886,35,Sudeste,65.51,58.5,225,51.679640347151135,0.4179071371724391,0.5485000558845381,13.83035965284887,True,Indaiatuba
4314027,0.0,0.48303646828908453,43,Sul,80.0,82.26,1,51.696353171091545,0.0,1.0,28.303646828908455,False,Paraíso do Sul
2600708,0.5555555555555556,0.48061178137476007,26,Nordeste,63.27,55.15,27,51.93882186252399,0.292152538217032,0.6690710245324881,11.331178137476016,False,Aliança
3544301,0.23076923076923078,0.480328246257007,35,Sudeste,68.86,63.56,13,51.9671753742993,0.20873559515594808,0.7519208973580659,16.892824625700698,False,Roseira
5007703,0.5789473684210527,0.4802634560606012,50,Centro-Oeste,62.66,54.25,19,51.97365439393988,0.2556112597226182,0.7049156523985842,10.686345606060115,False,Sete Quedas
2103505,0.5263157894736842,0.4797061024099031,21,Nordeste,66.17,59.5,38,52.02938975900969,0.32086011056978714,0.638552094250019,14.140610240990313,True,Colinas
2607950,0.2727272727272727,0.4786484053619798,26,Nordeste,64.94,57.65,11,52.135159463802026,0.1834368247355233,0.7738599859884363,12.804840536197972,False,Jaqueira
5000906,0.36363636363636365,0.4773173242115791,50,Centro-Oeste,62.54,54.07,11,52.268267578842085,0.18214041542709386,0.7724942329960642,10.271732421157914,False,Antônio João
5106174,0.0,0.4756826910998227,51,Centro-Oeste,56.85,45.8,3,52.43173089001773,0.0,1.0,4.418269109982269,False,Nova Nazaré
4313334,0.75,0.4752853419751725,43,Sul,80.0,86.97,4,52.47146580248274,0.0,0.9646863778607115,27.52853419751726,False,Nova Ramada
4204202,0.4587628865979381,0.4748270628335269,42,Sul,63.99,56.22,194,52.51729371664731,0.4045563907333622,0.5450977349336916,11.472706283352693,True,Chapecó
4205308,0.36363636363636365,0.4748090201618895,42,Sul,61.6,52.68,11,52.51909798381105,0.17970315680298143,0.7699148835207975,9.08090201618895,False,Faxinal dos Guedes
2203107,0.0,0.4747819378084903,22,Nordeste,60.21,50.63,1,52.52180621915097,0.0,1.0,7.6881937808490335,False,Cristino Castro
2607901,0.46624472573839665,0.4737516418589055,26,Nordeste,64.67,57.25,474,52.62483581410945,0.42880081948933046,0.5187024642284805,12.045164185890549,True,Jaboatão dos Guararapes
3550209,0.3225806451612903,0.47363283002732165,35,Sudeste,64.5,56.99,31,52.63671699726784,0.29786454290910175,0.6494011171455416,11.86328300273216,True,São Miguel Arcanjo
3537305,0.4594594594594595,0.4730245737033776,35,Sudeste,66.89,60.58,37,52.697542629662244,0.312148209473753,0.6339009379330022,14.192457370337756,True,Penápolis
3169604,0.5,0.4727748639893666,31,Sudeste,51.94,39.03,24,52.72251360106335,0.2730299667632538,0.6725197612154794,-0.78251360106335,False,Tupaciguara
3116902,0.6,0.47233190153013627,31,Sudeste,49.4,35.71,5,52.766809846986376,0.03473410348767786,0.9099296995725947,-3.366809846986378,False,Comendador Gomes
4315552,0.0,0.47104325227529353,43,Sul,80.0,88.89,2,52.89567477247065,0.0,1.0,27.10432522752935,False,Rio dos Índios
3536109,0.5,0.46864088555927746,35,Sudeste,65.0,57.74,10,53.135911444072256,0.15934778938918154,0.7779339817293733,11.864088555927744,False,Pardinho
3527306,0.47540983606557374,0.46580453281469963,35,Sudeste,62.92,54.63,61,53.41954671853004,0.3406221804495437,0.5909868851798556,9.500453281469959,True,Louveira
3549904,0.37372013651877134,0.4654983321213366,35,Sudeste,64.8,57.44,586,53.45016678786634,0.425111400384793,0.5058852638578802,11.34983321213366,True,São José dos Campos
4313003,0.0,0.4650446851719273,43,Sul,78.1,77.31,1,53.495531482807266,0.0,1.0,24.60446851719273,False,Nova Bréscia
4211108,0.42857142857142855,0.4647183684718641,42,Sul,50.04,58.78,7,53.52816315281359,0.09523649163022524,0.8342002453135029,-3.4881631528135912,False,Monte Castelo
4211751,0.26666666666666666,0.46469799568583114,42,Sul,63.21,55.06,15,53.53020043141689,0.21229455183233542,0.7171014395393269,9.679799568583114,False,Otacílio Costa
3135803,0.3333333333333333,0.464618592202962,31,Sudeste,55.55,43.97,9,53.5381407797038,0.13877082338008861,0.7904663610258353,2.011859220296195,False,Jequitinhonha
2604502,0.3333333333333333,0.46433403975570176,26,Nordeste,63.39,55.33,18,53.56659602442983,0.23393423608855451,0.6947338434228489,9.823403975570173,False,Chã Grande
5220454,0.39226519337016574,0.4639033308728295,52,Centro-Oeste,58.75,48.52,181,53.609666912717046,0.39125057648732076,0.5365560852583382,5.140333087282954,True,Senador Canedo
4213351,0.5,0.4637436687379259,42,Sul,69.21,64.09,4,53.625633126207404,0.0,0.9524537397381616,15.58436687379259,False,Ponte Alta do Norte
2516755,0.25,0.4635280299218327,25,Nordeste,67.93,62.16,4,53.64719700781673,0.0,0.9522226907283857,14.282802992183278,False,Tenório
4303673,0.0,0.46186738303490343,43,Sul,80.0,90.0,1,53.81326169650966,0.0,1.0,26.186738303490337,False,Campestre da Serra
3548807,0.3305785123966942,0.4617970818946462,35,Sudeste,67.13,60.95,121,53.82029181053538,0.37296660321093256,0.5506275605783598,13.309708189464615,True,São Caetano do Sul
4109500,0.375,0.4613895831123194,41,Sul,73.22,70.13,8,53.86104168876806,0.11594185191863199,0.8068373143060068,19.358958311231937,False,Guaraqueçaba
2109601,0.34782608695652173,0.46130605895791205,21,Nordeste,64.27,56.65,46,53.86939410420879,0.3172462679648372,0.6053658499509869,10.400605895791209,True,Rosário
3509254,0.4358974358974359,0.4612149709707961,35,Sudeste,65.8,58.94,39,53.87850290292039,0.3047622121630579,0.6176677297785343,11.921497097079609,True,Cajati
5100201,0.22857142857142856,0.46094551185153565,51,Centro-Oeste,65.9,59.1,35,53.90544881484644,0.29580136806850155,0.6260896556345698,11.994551185153568,True,Água Boa
3555307,0.0,0.460745795245067,35,Sudeste,56.6,45.45,2,53.925420475493304,0.0,1.0,2.6745795245066972,False,Turmalina
4304655,0.0,0.460583821957351,43,Sul,80.0,88.68,4,53.941617804264894,0.0,0.9490588866823921,26.058382195735106,False,Capão do Cipó
3501400,1.0,0.46029580595852443,35,Sudeste,63.01,54.76,3,53.97041940414755,0.0,1.0,9.039580595852449,False,Álvaro de Carvalho
4205456,0.35135135135135137,0.45980020479288075,42,Sul,65.64,58.71,37,54.01997952071193,0.29921075981736645,0.6203896497683951,11.620020479288073,True,Forquilhinha
2102358,0.38461538461538464,0.45946663198191645,21,Nordeste,67.41,61.37,13,54.05333680180835,0.1885581279540765,0.7303751360097563,13.356663198191647,False,Buritirana
2106755,0.2857142857142857,0.459097864666767,21,Nordeste,63.27,55.15,21,54.09021353332331,0.2459610807223871,0.6722346486111469,9.179786466676696,False,Miranda do Norte
4204608,0.39344262295081966,0.4584468875311241,42,Sul,65.88,59.07,183,54.15531124688759,0.38625380782918367,0.5306399672330646,11.724688753112403,True,Criciúma
3524501,0.5454545454545454,0.45824709716935935,35,Sudeste,63.73,55.84,11,54.17529028306407,0.16379800913048165,0.752696185208237,9.554709716935925,False,Jaci
2515500,0.5,0.45775635953817634,25,Nordeste,64.89,57.57,8,54.22436404618236,0.11251286427950596,0.8029998547968467,10.665635953817642,False,Serra Branca
3103405,0.6666666666666666,0.45760933722578584,31,Sudeste,55.77,44.27,3,54.23906627742141,0.0,1.0,1.5309337225785953,False,Araçuaí
2509909,1.0,0.45714446817278664,25,Nordeste,65.69,58.78,5,54.28555318272134,0.0204879600408307,0.8938009763047425,11.40444681727866,False,Natuba
5104559,0.3,0.4570778434317594,51,Centro-Oeste,65.17,57.99,10,54.29221565682406,0.14831862072778873,0.7658370661357301,10.87778434317594,False,Itaúba
5003900,0.0,0.4569988311992968,50,Centro-Oeste,65.55,58.57,2,54.30011688007033,0.0,1.0,11.24988311992967,False,Figueirão
3303005,0.35,0.4562896512040348,33,Sudeste,71.51,67.56,20,54.371034879596515,0.23799395039709137,0.6745853520109782,17.13896512040349,False,Miracema
5221577,1.0,0.45621171796661636,52,Centro-Oeste,51.79,38.84,1,54.37882820333837,0.0,1.0,-2.588828203338373,False,Uirapuru
4104253,0.45454545454545453,0.4560736067492653,41,Sul,66.39,59.84,33,54.392639325073475,0.28613711904631167,0.6260100944522189,11.997360674926526,True,Campo Magro
2105609,0.2727272727272727,0.4556203432633447,21,Nordeste,62.87,54.55,11,54.43796567366552,0.16130545907317778,0.7499352274535116,8.432034326334474,False,Joselândia
4204350,0.2,0.45465321518322355,42,Sul,68.14,54.76,10,54.534678481677645,0.14602716326268173,0.7632792671037654,13.605321518322356,False,Cordilheira Alta
4302204,0.0,0.4542436962265878,43,Sul,80.0,81.93,4,54.57563037734122,0.0,0.9421876159373076,25.42436962265878,False,Boa Vista do Buricá
2615508,0.2857142857142857,0.453688294270306,26,Nordeste,66.05,59.32,14,54.6311705729694,0.19289819861795138,0.7144783899226606,11.418829427030595,False,Tracunhaém
2111706,0.3,0.4527891564242747,21,Nordeste,67.18,61.03,10,54.72108435757252,0.14427050269104374,0.7613078101575057,12.458915642427485,False,São Vicente Ferrer
3525300,0.4563106796116505,0.45256831910834744,35,Sudeste,66.35,59.77,103,54.74316808916526,0.3564415164618714,0.5486951217548235,11.606831910834735,True,Jaú
4100103,0.4166666666666667,0.45204424850862374,41,Sul,63.89,56.08,12,54.79557514913762,0.1704468312848496,0.7336416657323979,9.094424850862382,False,Abatiá
2205409,0.35714285714285715,0.45193964740093734,22,Nordeste,63.53,55.54,14,54.80603525990626,0.19123638396104492,0.7126429108408298,8.723964740093741,False,Joaquim Pires
5105903,0.25,0.45090416509931586,51,Centro-Oeste,64.47,56.94,16,54.909583490068414,0.2070881223154238,0.6947202078832079,9.560416509931585,False,Nobres
1101559,0.0,0.4501000144598848,11,Norte,74.44,71.95,3,54.98999855401152,0.0,1.0,19.450001445988477,False,Teixeirópolis
5106281,0.07692307692307693,0.44949084669147726,51,Centro-Oeste,65.72,58.82,13,55.05091533085227,0.1790781410586319,0.7199035523243227,10.669084669147729,False,Novo São Joaquim
3533502,0.36666666666666664,0.4494726656511567,35,Sudeste,67.53,61.56,30,55.052733434884324,0.2714658913457389,0.6274794399565744,12.477266565115677,True,Novo Horizonte
2513208,0.0,0.44924633769599137,25,Nordeste,61.68,52.79,3,55.07536623040086,0.0,1.0,6.60463376959914,False,Santa Cruz
3528007,0.26666666666666666,0.44784553921321446,35,Sudeste,69.83,65.03,15,55.21544607867855,0.19619094646295238,0.6995001319634766,14.614553921321445,False,Macatuba
2605509,0.8,0.44718821391536656,26,Nordeste,65.28,58.16,10,55.28117860846334,0.13901854441064126,0.7553578834200918,9.998821391536659,False,Ferreiros
3552700,0.25,0.4469458999592583,35,Sudeste,68.11,62.43,12,55.30541000407416,0.16564136386886164,0.728250436049655,12.804589995925838,False,Tabatinga
5006606,0.2606060606060606,0.44669475387741536,50,Centro-Oeste,65.01,57.76,165,55.33052461225847,0.3708366611425339,0.5225528466122968,9.679475387741533,True,Ponta Porã
4111506,0.25925925925925924,0.44666600783065563,41,Sul,70.86,66.58,27,55.33339921693443,0.25914094656733944,0.6341910690939718,15.526600783065568,False,Ivaiporã
2104008,0.07142857142857142,0.4466510058497572,21,Nordeste,66.08,59.36,14,55.334899415024275,0.18623014263892618,0.7070718690605882,10.745100584975724,False,Esperantinópolis
4320230,1.0,0.4465297144495797,43,Sul,80.0,85.29,2,55.34702855504203,0.0,1.0,24.65297144495797,False,Sede Nova
2504702,0.25,0.44628847972565666,25,Nordeste,59.31,49.32,4,55.371152027434334,0.0,0.9334530471105005,3.938847972565668,False,Congo
4107256,0.375,0.44578050569030697,41,Sul,59.98,50.3,8,55.4219494309693,0.10134135237153591,0.790219659009078,4.558050569030698,False,Douradina
1600535,0.2857142857142857,0.4455013377257015,16,Norte,69.95,65.21,21,55.449866227429844,0.23292193544606765,0.6580807400053353,14.500133772570159,False,Porto Grande
4303202,0.3333333333333333,0.4454167623364598,43,Sul,80.0,88.64,3,55.45832376635402,0.0,1.0,24.54167623364598,False,Cacique Doble
3125903,0.0,0.44449533232391053,31,Sudeste,51.24,38.1,2,55.55046676760895,0.0,1.0,-4.3104667676089505,False,Ferros
3526803,0.25,0.4442506267508939,35,Sudeste,67.37,61.31,64,55.574937324910614,0.3225144663747572,0.5659867871270305,11.79506267508939,True,Lençóis Paulista
5102850,0.8,0.44405985007925636,51,Centro-Oeste,68.55,63.1,5,55.59401499207437,0.00854211687279166,0.8795775832857211,12.955985007925626,False,Castanheira
2605301,0.47058823529411764,0.44387827908004807,26,Nordeste,64.27,56.65,34,55.61217209199519,0.2768717351841945,0.6108848229759016,8.657827908004805,True,Exu
3515202,0.0,0.4437520293225085,35,Sudeste,62.47,53.96,5,55.62479706774914,0.008264758666572725,0.8792392999784443,6.8452029322508565,False,Estrela d'Oeste
3540804,0.35714285714285715,0.44354140830644484,35,Sudeste,66.98,60.72,14,55.64585916935552,0.183300500520716,0.7037823160921737,11.334140830644486,False,Potirendaba
4314423,1.0,0.4434685213004082,43,Sul,80.0,85.93,1,55.653147869959184,0.0,1.0,24.346852130040816,False,Picada Café
5105176,0.3,0.44196609575536605,51,Centro-Oeste,66.31,59.71,10,55.803390424463394,0.13415743041523442,0.7497747610954977,10.506609575536608,False,Juruena
4205001,0.36363636363636365,0.44126883958294677,42,Sul,66.27,59.65,11,55.87311604170533,0.14783323721643582,0.7347044419494577,10.396883958294666,False,Dionísio Cerqueira
1100189,0.16981132075471697,0.4410657285812797,11,Norte,72.95,69.73,53,55.89342714187203,0.3073907376837111,0.5747407194788483,17.05657285812797,True,Pimenta Bueno
4305587,0.0,0.44078628755558474,43,Sul,80.0,86.88,1,55.92137124444152,0.0,1.0,24.078628755558483,False,Colinas
2205706,0.3793103448275862,0.4406627528434003,22,Nordeste,67.87,62.07,29,55.93372471565997,0.2599673455425213,0.6213581601442792,11.936275284340034,False,Luís Correia
2600500,0.375,0.44030967262257814,26,Nordeste,64.88,57.56,40,55.96903273774218,0.28646619468126266,0.5941531505638936,8.910967262257813,True,Águas Belas
5107792,0.125,0.4400812195650085,51,Centro-Oeste,67.14,60.97,8,55.99187804349914,0.09609581721700455,0.7840666219130125,11.148121956500859,False,Santo Antônio do Leste
2609600,0.37037037037037035,0.43888423685670847,26,Nordeste,66.22,59.57,243,56.11157631432915,0.37648860879141477,0.5012798649220022,10.10842368567085,True,Olinda
2102036,0.34210526315789475,0.43869054522685175,21,Nordeste,68.89,63.61,38,56.13094547731483,0.2809132200647224,0.5964678703889811,12.759054522685169,True,Bom Jesus das Selvas
1708205,0.6363636363636364,0.43858457611110696,17,Norte,68.94,63.68,22,56.141542388889306,0.23123002198680292,0.6459391302354109,12.798457611110692,False,Formoso do Araguaia
2605152,0.15,0.435575697030721,26,Nordeste,69.76,64.93,20,56.4424302969279,0.21826768124523718,0.6528837128162048,13.317569703072103,False,Dormentes
3120003,0.0,0.4348757131357864,31,Sudeste,57.48,46.69,1,56.512428686421366,0.0,1.0,0.967571313578631,False,Córrego Novo
3523503,0.2916666666666667,0.4348470900539761,35,Sudeste,67.63,61.7,24,56.515290994602395,0.23651101314079281,0.6331831669671594,11.1147090053976,False,Itatinga
4202453,0.3333333333333333,0.4341656942768695,42,Sul,,60.82,24,56.583430572313056,0.2358656368050207,0.6324657517487183,,False,Bombinhas
4219507,0.25,0.4339298903216692,42,Sul,70.88,66.62,28,56.607010967833084,0.25035133380895114,0.6175084468343872,14.272989032166912,False,Xanxerê
2200400,0.423728813559322,0.43251432442317306,22,Nordeste,67.77,61.91,59,56.74856755768269,0.3060966592443394,0.5589319896020067,11.021432442317305,True,Altos
3556800,0.375,0.43248237988261196,35,Sudeste,68.85,63.55,16,56.751762011738805,0.1897263847542083,0.6752383750110156,12.09823798826119,False,Viradouro
3540200,0.375,0.4319789811475074,35,Sudeste,66.53,60.04,32,56.80210188524926,0.26034843148818254,0.6036095308068322,9.727898114750744,True,Pontal
3540002,0.3333333333333333,0.4313342676777007,35,Sudeste,67.88,62.09,15,56.866573232229925,0.18069682406729975,0.6819717112881016,11.01342676777007,False,Pompéia
3544707,0.3333333333333333,0.431280364137875,35,Sudeste,73.32,70.28,3,56.871963586212495,0.0,0.9917142653557993,16.4480364137875,False,Sagres
2605905,0.3125,0.43072500117974255,26,Nordeste,65.53,58.54,16,56.92749988202574,0.18808791830352053,0.6733620840559645,8.602500117974259,False,Gameleira
2200277,0.5,0.4307034124525832,22,Nordeste,62.42,53.89,2,56.92965875474167,0.0,1.0,5.490341245258328,False,Alegrete do Piauí
3201803,0.125,0.4294562755041188,32,Sudeste,57.06,46.09,8,57.05437244958812,0.08643976784737861,0.772472783160859,0.005627550411880122,False,Divino de São Lourenço
4312179,0.0,0.4291992019945131,43,Sul,80.0,88.24,1,57.08007980054869,0.0,1.0,22.91992019945131,False,Mato Queimado
3153707,1.0,0.4283620849062278,31,Sudeste,54.49,42.5,1,57.163791509377226,0.0,1.0,-2.6737915093772244,False,Quartel Geral
2608750,0.4864864864864865,0.42765334190843524,26,Nordeste,62.99,54.74,37,57.23466580915648,0.2682377778797542,0.5870689059371162,5.75533419084352,True,Lagoa Grande
2614204,0.3684210526315789,0.42717676064192855,26,Nordeste,66.7,60.3,38,57.28232393580714,0.2698949875194125,0.5844585337644446,9.417676064192861,True,Sirinhaém
4207684,0.3333333333333333,0.4267611029362399,42,Sul,66.16,59.49,9,57.32388970637601,0.10361787647040216,0.7499043294020777,8.836110293623989,False,Ipuaçu
3137304,0.25,0.4264761331220808,31,Sudeste,53.43,41.04,4,57.35238668779192,0.0,0.9111495376490314,-3.9223866877919207,False,Lagoa dos Patos
3124104,0.35294117647058826,0.4263911417489271,31,Sudeste,60.28,50.73,51,57.36088582510729,0.2906589084503233,0.562123375047531,2.9191141748927123,True,Esmeraldas
3507456,0.5,0.42635663203722923,35,Sudeste,67.24,61.11,2,57.36433679627708,0.0,1.0,9.875663203722915,False,Borebi
5107180,0.09090909090909091,0.42589916982503184,51,Centro-Oeste,68.76,63.42,11,57.41008301749682,0.13368100231348218,0.7181173373365815,11.349916982503188,False,Ribeirão Cascalheira
4128104,0.3277310924369748,0.4248891280499408,41,Sul,69.24,64.14,119,57.51108719500593,0.3360721098493007,0.5137061462505809,11.728912804994067,True,Umuarama
3169307,0.38181818181818183,0.4247480450451245,31,Sudeste,60.25,50.69,55,57.52519549548756,0.29411006020241337,0.5553860298878356,2.7248045045124414,True,Três Corações
2209708,0.3333333333333333,0.42472059410575697,22,Nordeste,65.26,58.13,6,57.5279405894243,0.029197797619300192,0.8202433905922137,7.732059410575708,False,São Francisco do Piauí
2601003,0.4444444444444444,0.42463023542376405,26,Nordeste,67.86,62.05,9,57.53697645762359,0.10169622055822325,0.7475642502893048,10.323023542376411,False,Angelim
4202206,0.16666666666666666,0.423814760411932,42,Sul,67.43,61.4,6,57.6185239588068,0.028403029662105506,0.8192264911617585,9.81147604119321,False,Benedito Novo
4209805,1.0,0.4233718535788224,42,Sul,76.51,75.0,1,57.66281464211775,0.0,1.0,18.847185357882253,False,Leoberto Leal
3554953,0.25,0.42321237508547255,35,Sudeste,70.28,65.71,8,57.67876249145274,0.08084038755009432,0.7655843626208507,12.601237508547264,False,Tuiuti
4205902,0.40384615384615385,0.4228761226854153,42,Sul,,62.44,52,57.71238773145847,0.28860101702283414,0.5571512283479965,,True,Gaspar
2611606,0.47106598984771575,0.4224513784810814,26,Nordeste,68.08,62.39,985,57.754862151891864,0.3916038341015729,0.45329892286058987,10.325137848108135,True,Recife
5006200,0.31343283582089554,0.42135896890052604,50,Centro-Oeste,65.43,58.38,67,57.86410310994739,0.30312305725766775,0.5395948805433843,7.565896890052613,True,Nova Andradina
3550902,0.1111111111111111,0.4206435882834246,35,Sudeste,68.38,62.84,9,57.93564117165755,0.09811749042696455,0.7431696861398847,10.444358828342445,False,São Simão
2208650,0.16666666666666666,0.41983320349896475,22,Nordeste,66.65,60.22,6,58.016679650103534,0.024925802822885035,0.8147406041750445,8.633320349896472,False,Queimada Nova
2509057,0.6666666666666666,0.4197236729768444,25,Nordeste,72.42,68.93,12,58.02763270231557,0.1404920456185928,0.6989553003350959,14.39236729768443,False,Marcação
4307864,0.0,0.41873684882926304,43,Sul,80.0,92.86,1,58.12631511707369,0.0,1.0,21.873684882926312,False,Fagundes Varela
2203701,0.4,0.4186325560039099,22,Nordeste,64.5,56.99,45,58.13674439960901,0.27449018279653337,0.5627749292112865,6.363255600390993,True,Esperantina
5102637,0.34375,0.4173486275959548,51,Centro-Oeste,67.98,62.23,64,58.26513724040452,0.29653387577669366,0.538163379415216,9.714862759595484,True,Campo Novo do Parecis
3556305,0.2962962962962963,0.41693982011826214,35,Sudeste,69.43,64.42,27,58.306017988173785,0.23095925296937364,0.6029203872671507,11.123982011826222,False,Valparaíso
3134509,0.0,0.41641200500955766,31,Sudeste,60.71,51.36,1,58.35879949904423,0.0,1.0,2.3512005009557697,False,Itutinga
3127206,0.2,0.41596522763968313,31,Sudeste,60.73,51.4,5,58.403477236031684,0.0,0.8480002317916981,2.3265227639683133,False,Funilândia
2501708,0.4,0.4157001138385243,25,Nordeste,66.84,60.51,5,58.42998861614757,0.0,0.847695433662351,8.410011383852435,False,Barra de São Miguel
4202909,0.3561643835616438,0.4156412289613368,42,Sul,72.25,68.68,73,58.43587710386632,0.302585197931503,0.5286972599911706,13.814122896133682,True,Brusque
2612554,0.625,0.41541155766372545,26,Nordeste,65.78,58.92,8,58.45884423362746,0.07392353333170942,0.7568995819957415,7.3211557663725415,False,Santa Filomena
3123403,0.3333333333333333,0.41530190969495867,31,Sudeste,51.51,38.46,3,58.46980903050414,0.0,0.9729282058851956,-6.95980903050414,False,Doresópolis
4323309,1.0,0.4149993727706627,43,Sul,80.0,90.54,1,58.500062722933734,0.0,1.0,21.499937277066266,False,Vila Flores
2510303,0.5,0.4145352888802407,25,Nordeste,66.12,59.43,4,58.546471111975926,0.0,0.8973240937839468,7.573528888024079,False,Nova Palmeira
3138609,0.2222222222222222,0.41449781455082807,31,Sudeste,57.34,46.49,9,58.5502185449172,0.09264285965303065,0.7363527694486255,-1.210218544917197,False,Lima Duarte
4104055,0.3333333333333333,0.4140315490257662,41,Sul,75.06,72.87,3,58.596845097423376,0.0,0.9714088505487495,16.463154902576626,False,Campo Bonito
3163409,0.5,0.41386001330315153,31,Sudeste,80.0,,2,58.61399866968484,0.0,1.0,21.38600133031516,False,São José do Goiabal
3510906,0.25,0.4131182390813604,35,Sudeste,71.28,67.22,4,58.688176091863966,0.0,0.8956640688827765,12.591823908136035,False,Cássia dos Coqueiros
4128302,0.3333333333333333,0.4130148205993877,41,Sul,66.65,60.23,3,58.69851794006122,0.0,0.970190087881875,7.951482059938783,False,Uniflor
3518305,0.1111111111111111,0.41251512942221397,35,Sudeste,69.64,64.75,36,58.7484870577786,0.25170140692795095,0.573328851916477,10.891512942221404,True,Guararema
3166600,0.0,0.4124303240124968,31,Sudeste,80.0,,1,58.75696759875032,0.0,1.0,21.24303240124968,False,Serra da Saudade
4127882,0.21428571428571427,0.41154048035725826,41,Sul,68.79,63.46,14,58.84595196427418,0.1537560816192286,0.6693248790952879,9.944048035725828,False,Tunas do Paraná
2612307,0.20833333333333334,0.41126480280356986,26,Nordeste,65.23,58.09,24,58.87351971964301,0.21439857385047187,0.6081310317566678,6.3564802803569975,False,Saloá
3126901,0.5,0.4105674496127288,31,Sudeste,61.89,53.11,8,58.94325503872713,0.06967263672937651,0.7514622624960811,2.94674496127287,False,Frei Inocêncio
3502705,0.0,0.4086721382642403,35,Sudeste,72.08,68.43,13,59.132786173575965,0.14144160310629195,0.6759026734221887,12.947213826424033,False,Apiaí
3502408,1.0,0.4085171831768508,35,Sudeste,71.12,66.98,1,59.14828168231492,0.0,1.0,11.971718317685088,False,Anhumas
4108320,0.07142857142857142,0.40817934161719205,41,Sul,72.27,68.71,14,59.18206583828079,0.15071764648396624,0.6656410367504179,13.087934161719204,False,Francisco Alves
3113404,0.3068181818181818,0.4076137898393165,31,Sudeste,59.95,50.26,88,59.23862101606835,0.30494424435024203,0.510283335328391,0.7113789839316524,True,Caratinga
2109452,0.575,0.40717727065984005,21,Nordeste,71.84,68.06,40,59.282272934016,0.25491922100153896,0.5594353203181411,12.557727065984004,True,Raposa
3145356,0.3333333333333333,0.4070286413356248,31,Sudeste,56.26,44.96,6,59.29713586643752,0.013922535269282665,0.8001347474019669,-3.0371358664375236,False,Novo Oriente de Minas
2609204,0.42857142857142855,0.4070053918438866,26,Nordeste,72.6,69.2,14,59.29946081561134,0.14965934158644112,0.6643514421013321,13.300539184388654,False,Maraial
3527405,0.21428571428571427,0.4069896764579349,35,Sudeste,69.5,64.53,14,59.30103235420652,0.14964518463095533,0.6643341682849144,10.19896764579348,False,Lucélia
2515971,1.0,0.40653184531650244,25,Nordeste,66.5,60.0,2,59.34681546834975,0.0,1.0,7.153184531650247,False,Sobrado
3540507,0.0,0.40640782050966007,35,Sudeste,73.06,69.9,5,59.35921794903399,0.0,0.8369306468334622,13.700782050966012,False,Porangaba
4319752,1.0,0.4061274853128701,43,Sul,80.0,100.0,4,59.387251468712996,0.0,0.8874142066414941,20.612748531287004,False,São Vendelino
2106508,0.5217391304347826,0.4056199663665812,21,Nordeste,69.13,63.97,23,59.438003363341885,0.20494928661447068,0.6062906461186918,9.69199663665811,False,Matinha
5212709,0.16666666666666666,0.4049620011586134,52,Centro-Oeste,60.06,50.41,12,59.50379988413865,0.12721784146202858,0.6827061608551983,0.5562001158613512,False,Mambaí
5103700,0.5333333333333333,0.40488453308392286,51,Centro-Oeste,69.93,65.18,15,59.51154669160772,0.1564701978806127,0.653298868287233,10.418453308392287,False,Feliz Natal
4206801,0.5,0.4047063210867017,42,Sul,76.98,75.69,2,59.529367891329834,0.0,1.0,17.45063210867017,False,Ibicaré
2204154,0.0,0.4041450706953355,22,Nordeste,66.09,59.38,2,59.585492930466444,0.0,1.0,6.50450706953356,False,Francisco Macedo
5108303,0.42857142857142855,0.4035198059428108,51,Centro-Oeste,66.75,60.38,7,59.64801940571892,0.040075814661496234,0.7669637972241253,7.1019805942810805,False,União do Sul
5221858,0.3024390243902439,0.4029691025372815,52,Centro-Oeste,64.3,56.69,205,59.70308974627186,0.3358241426818222,0.47011406239274084,4.59691025372814,True,Valparaíso de Goiás
4208500,0.4,0.40293795299439694,42,Sul,69.26,64.17,10,59.706204700560306,0.09893003714123944,0.7069458688475545,9.553795299439699,False,Ituporanga
3553203,0.4444444444444444,0.4028784246122628,35,Sudeste,71.88,68.12,9,59.712157538773724,0.08243364304883533,0.7233232061756902,12.167842461226272,False,Taiúva
3100203,0.2857142857142857,0.4018926002319265,31,Sudeste,61.36,52.32,14,59.81073997680735,0.145067984944394,0.658717215519459,1.5492600231926517,False,Abaeté
4208302,0.2391304347826087,0.400635061148947,42,Sul,,66.9,46,59.9364938851053,0.25902396013063533,0.5422461621672586,,True,Itapema
3150158,0.29411764705882354,0.40056056326608613,31,Sudeste,61.71,52.84,17,59.94394367339139,0.16762362597616887,0.6334975005560034,1.766056326608613,False,Piedade de Caratinga
1700251,0.5,0.4000874249544231,17,Norte,67.87,62.07,2,59.991257504557694,0.0,1.0,7.87874249544231,False,Abreulândia
4203105,0.6666666666666666,0.39879203907605404,42,Sul,76.83,75.47,3,60.1207960923946,0.0,0.9528829744278253,16.7092039076054,False,Caibi
4202081,0.4,0.39844737072300374,42,Sul,73.21,70.12,5,60.155262927699624,0.0,0.8275818072557495,13.05473707230037,False,Bandeirante
4210308,0.25,0.3982351945506231,42,Sul,72.51,69.07,12,60.1764805449377,0.12125503583480152,0.6752153532664447,12.333519455062309,False,Major Vieira
4211207,0.35,0.39802139472375625,42,Sul,71.81,68.02,20,60.19786052762437,0.18349298651220872,0.6125498029353038,11.612139472375631,False,Morro da Fumaça
3109907,0.375,0.39684257585543325,31,Sudeste,63.24,55.11,8,60.31574241445667,0.0578145921811935,0.7358705595296731,2.92425758554333,False,Caetanópolis
4117503,0.3409090909090909,0.39647066135512965,41,Sul,72.12,68.48,88,60.352933864487035,0.29426629352714817,0.49867502918311113,11.76706613551297,True,Paiçandu
4106902,0.3204837490551776,0.3957653292719429,41,Sul,73.41,70.41,1323,60.42346707280571,0.3694142842719406,0.4221163742719452,12.98653292719429,True,Curitiba
4100202,0.5,0.3957230320612268,41,Sul,66.55,60.08,6,60.42769679387732,0.004437192872210394,0.7870088712502432,6.12230320612268,False,Adrianópolis
4208401,0.2,0.39539277194483025,42,Sul,74.19,71.58,15,60.46072280551697,0.14795757765148018,0.6428279662381803,13.729277194483025,False,Itapiranga
3112406,0.0,0.3949639982182949,31,Sudeste,,54.82,7,60.503600178170515,0.03282406648561942,0.7571039299509704,,False,Capetinga
5106257,0.42857142857142855,0.3948173681982408,51,Centro-Oeste,74.21,71.61,21,60.51826318017592,0.18574926625915986,0.6038854701373217,13.691736819824072,False,Nova Xavantina
3160306,0.46153846153846156,0.39391897539887855,31,Sudeste,68.45,62.95,13,60.60810246011214,0.12830361306669774,0.6595343377310594,7.84189753988786,False,Santo Antônio do Jacinto
3536406,0.14285714285714285,0.393705883838967,35,Sudeste,71.29,67.24,14,60.629411616103305,0.13777677587622839,0.6496349918017056,10.660588383896702,False,Paulicéia
2200608,0.0,0.3935267652009679,22,Nordeste,67.49,61.5,13,60.64732347990321,0.12795778089010756,0.6590957495118283,6.842676520096788,False,Angical do Piauí
3205002,0.38517179023508136,0.39300807301625057,32,Sudeste,65.88,59.07,553,60.69919269837494,0.35229951687814487,0.43371662915435627,5.180807301625059,True,Serra
2200459,0.8,0.3929297082773577,22,Nordeste,72.04,68.36,5,60.70702917226423,0.0,0.8210324332453385,11.332970827735778,False,Alvorada do Gurguéia
3162252,0.4,0.3928501965386906,31,Sudeste,59.75,49.97,5,60.71498034613094,0.0,0.820937636579925,-0.9649803461309432,False,São João da Lagoa
3135100,0.4864864864864865,0.39282089953725824,31,Sudeste,59.53,49.64,37,60.717910046274184,0.23545489824222002,0.5501869008322965,-1.1879100462741832,True,Janaúba
4107157,0.42857142857142855,0.3927331078092723,41,Sul,71.27,67.21,7,60.726689219072775,0.03095222794516056,0.754513987673384,10.543310780927222,False,Diamante D'Oeste
2100436,0.5789473684210527,0.39261783998001354,21,Nordeste,73.29,70.23,19,60.738216001998644,0.17303656550767985,0.6121991144523472,12.551783998001362,False,Alto Alegre do Maranhão
4215505,0.4074074074074074,0.39259032006021655,42,Sul,70.72,66.38,27,60.740967993978344,0.20839235107905996,0.5767882890413731,9.979032006021654,False,Santa Cecília
2513000,0.0,0.39046907562377153,25,Nordeste,74.97,72.73,2,60.95309243762285,0.0,1.0,14.016907562377149,False,Salgadinho
4312005,0.0,0.38958166228589575,43,Sul,80.0,94.12,1,61.041833771410424,0.0,1.0,18.958166228589576,False,Mariano Moro
1705557,0.6,0.3894904819646613,17,Norte,67.88,62.09,5,61.05095180353387,0.0,0.8169211833656933,6.829048196466125,False,Combinado
3127107,0.19607843137254902,0.389432951246224,31,Sudeste,62.44,53.92,51,61.0567048753776,0.2556027865314246,0.5232631159610235,1.3832951246224,True,Frutal
4121307,0.0,0.3891488095562153,41,Sul,77.9,77.01,5,61.08511904437848,0.0,0.8165115293524454,16.814880955621526,False,Rancho Alegre
5106653,0.5555555555555556,0.387751543267342,51,Centro-Oeste,72.91,69.67,9,61.224845673265804,0.06942310859908196,0.7060799779356021,11.685154326734192,False,Pontal do Araguaia
3171204,0.29850746268656714,0.38769259351450563,31,Sudeste,62.54,54.07,134,61.23074064854943,0.3051967285056674,0.47018845852334384,1.3092593514505708,True,Vespasiano
4301701,0.5,0.3872501680459637,43,Sul,80.0,92.23,4,61.274983195403635,0.0,0.8646293583849654,18.725016804596365,False,Barão de Cotegipe
3202207,0.5,0.38713337190604685,32,Sudeste,67.38,61.33,12,61.286662809395324,0.11153367201391567,0.6627330717981781,6.093337190604672,False,Fundão
4126678,0.6363636363636364,0.3866654545307577,41,Sul,75.72,73.85,11,61.33345454692423,0.09887516997462764,0.6744557390868877,14.386545453075769,False,Tamarana
4108700,0.5,0.38642442417919615,41,Sul,69.82,65.01,10,61.35755758208039,0.08462223381648537,0.6882266145419069,8.462442417919604,False,Grandes Rios
2207850,0.0,0.38565116502324365,22,Nordeste,70.68,66.32,1,61.43488349767563,0.0,1.0,9.245116502324379,False,Pavussu
2208106,0.6,0.38496523487231055,22,Nordeste,66.84,60.51,5,61.50347651276895,0.0,0.8114776304724023,5.336523487231055,False,Pimenteiras
2206605,0.2222222222222222,0.3840865600204352,22,Nordeste,71.24,67.16,9,61.591343997956486,0.06631925376240372,0.7018538662784666,9.64865600204351,False,Monte Alegre do Piauí
3162500,0.2777777777777778,0.38381808249266064,31,Sudeste,63.59,55.63,36,61.61819175073393,0.22495535619261015,0.5426808087927111,1.9718082492660756,True,São João del Rei
5221080,0.0,0.38361849348179583,52,Centro-Oeste,64.39,56.82,2,61.63815065182041,0.0,1.0,2.75184934817959,False,Teresina de Goiás
4126504,0.47368421052631576,0.3833106424802706,41,Sul,70.98,66.76,19,61.66893575197294,0.16469162586364156,0.6019296590968997,9.311064248027066,False,Sertanópolis
1720499,0.0,0.38236169391058344,17,Norte,70.19,65.57,4,61.76383060894166,0.0,0.8586066353791227,8.426169391058338,False,São Valério
4210704,0.6666666666666666,0.3819017566936976,42,Sul,45.04,70.5,6,61.80982433063025,0.0,0.7706648498089589,-16.76982433063025,False,Matos Costa
2500205,0.5,0.3816201266122943,25,Nordeste,72.28,68.73,8,61.837987338770574,0.04498891011873063,0.7182513431058579,10.442012661229427,False,Aguiar
3128709,0.3484848484848485,0.3814497403670068,31,Sudeste,62.12,53.45,66,61.855025963299326,0.2642598191855052,0.4986396615485084,0.26497403670067143,True,Guaxupé
2606903,0.0,0.38115721156827687,26,Nordeste,74.87,72.59,11,61.88427884317231,0.0941439483150911,0.6681704748214626,12.985721156827694,False,Iguaracy
3111903,0.0,0.38048346847757414,31,Sudeste,60.31,50.78,4,61.95165315224258,0.0,0.8562790685671632,-1.6416531522425757,False,Cana Verde
2701100,0.2,0.37989329553011925,27,Nordeste,77.5,76.44,10,62.01067044698807,0.0790640189551517,0.6807225721050868,15.489329553011927,False,Branquinha
2207108,0.0,0.3782252473046825,22,Nordeste,68.16,62.5,2,62.17747526953175,0.0,1.0,5.982524730468249,False,Olho D'Água do Piauí
3551207,0.3333333333333333,0.3771174209650689,35,Sudeste,79.26,78.96,6,62.288257903493104,0.0,0.7649299502861682,16.9717420965069,False,Sarutaiá
3141900,0.0,0.3755567659747254,31,Sudeste,61.07,51.89,4,62.44432340252746,0.0,0.8501377725454895,-1.3743234025274589,False,Minduri
4128633,0.3333333333333333,0.37534360978007336,41,Sul,77.42,76.32,6,62.46563902199267,0.0,0.7627935096088511,14.95436097800733,False,Doutor Ulysses
2305506,0.5131578947368421,0.3748618100381863,23,Nordeste,64.21,56.55,76,62.51381899618137,0.26602573043367206,0.48369788964270055,1.696181003818623,True,Iguatu
3170750,0.08333333333333333,0.37392921318059597,31,Sudeste,64.65,57.22,12,62.6070786819404,0.10016803203603752,0.6476903943251544,2.042921318059605,False,Varjão de Minas
3144672,1.0,0.37376693199832317,31,Sudeste,59.77,50.0,1,62.623306800167676,0.0,1.0,-2.8533068001676725,False,Nova Belém
3170404,0.358974358974359,0.37334113325814017,31,Sudeste,64.12,56.42,39,62.66588667418598,0.22153396365979866,0.5251483028564816,1.4541133258140277,True,Unaí
3135704,0.3333333333333333,0.37327705489665136,31,Sudeste,61.44,52.44,6,62.67229451033487,0.0,0.7602974849302041,-1.2322945103348744,False,Jequitibá
2612455,0.26666666666666666,0.37312800219233794,26,Nordeste,72.64,69.26,15,62.6871997807662,0.12837456559467691,0.6178814387899989,9.9528002192338,False,Santa Cruz
2702009,0.5454545454545454,0.37287935142831485,27,Nordeste,76.49,74.97,11,62.712064857168514,0.08710750141522983,0.6586512014413999,13.777935142831481,False,Coité do Nóia
2205250,0.2,0.3726021687372809,22,Nordeste,65.39,58.33,5,62.73978312627191,0.0,0.7964063771194152,2.650216873728091,False,Jardim do Mulato
5212105,0.25,0.3722649384071363,52,Centro-Oeste,65.11,57.9,4,62.77350615928636,0.0,0.8460052442497874,2.3364938407136364,False,Joviânia
4106456,0.5,0.3721429564374533,41,Sul,78.78,78.28,4,62.78570435625467,0.0,0.8458516584744243,15.994295643745332,False,Coronel Domingos Soares
2202455,0.0,0.37178579486784863,22,Nordeste,70.01,65.3,7,62.82142051321513,0.013765765623451387,0.7298058241122458,7.1885794867848745,False,Capitão Gervásio Oliveira
3146206,0.09090909090909091,0.3715572837279162,31,Sudeste,60.63,51.25,11,62.84427162720838,0.08599196187181735,0.657122605584015,-2.214271627208376,False,Ouro Verde de Minas
5212204,0.23529411764705882,0.3710874862620498,52,Centro-Oeste,65.82,58.98,17,62.89125137379502,0.14143831450590036,0.6007366580181992,2.928748626204971,False,Jussara
2509503,0.3333333333333333,0.3705487275483006,25,Nordeste,70.39,65.88,3,62.94512724516994,0.0,0.9170600513534403,7.444872754830058,False,Montadas
4103057,0.45454545454545453,0.37005906937782185,41,Sul,74.74,72.39,11,62.994093062217814,0.0847305591821017,0.655387579573542,11.74590693778218,False,Boa Vista da Aparecida
4124707,0.5,0.3695827341504176,41,Sul,80.0,81.2,8,63.041726584958234,0.03509440861999352,0.7040710596808417,16.958273415041766,False,São Jerônimo da Serra
3150802,0.3076923076923077,0.3695793866586755,31,Sudeste,66.59,60.14,13,63.04206133413245,0.1071856477227649,0.6319731255945862,3.547938665867555,False,Piranga
3123601,0.4642857142857143,0.3688812647810628,31,Sudeste,65.11,57.91,28,63.11187352189371,0.1901601391073663,0.5476023904547593,1.9981264781062862,False,Elói Mendes
3114550,0.2857142857142857,0.36866480314437017,31,Sudeste,61.28,52.21,14,63.13351968556298,0.11594580399955828,0.621383802289182,-1.8535196855629792,False,Carneirinho
3149309,0.23076923076923078,0.3686134633936876,31,Sudeste,65.85,59.02,52,63.13865366063124,0.23748781316875328,0.49973911361862194,2.7113463393687525,True,Pedro Leopoldo
5209200,0.27586206896551724,0.3683501011040025,52,Centro-Oeste,69.27,64.19,29,63.16498988959975,0.19279005566223195,0.5439101465457731,6.105010110400244,False,Guapó
3171303,0.325,0.36729792131420813,31,Sudeste,68.27,62.67,40,63.270207868579185,0.2179033069389583,0.5166925356894579,4.999792131420811,True,Viçosa
5200050,0.3870967741935484,0.3671149903534286,52,Centro-Oeste,66.39,59.84,31,63.288500964657146,0.19743185192354523,0.5367981287833119,3.1014990353428544,True,Abadia de Goiás
2108058,0.3333333333333333,0.36587565912286724,21,Nordeste,69.72,64.86,18,63.41243408771328,0.14335323128873864,0.5883980869569958,6.307565912286719,False,Paulino Neves
3501509,0.0,0.3654397612057138,35,Sudeste,76.03,74.3,10,63.456023879428614,0.06696995846710913,0.6639095639443184,12.573976120571388,False,Alvinlândia
3536802,0.5714285714285714,0.36539522809119285,35,Sudeste,53.43,71.65,7,63.46047719088072,0.008664801028680225,0.7221256551537054,-10.030477190880717,False,Pedra Bela
5217104,0.23529411764705882,0.36517750596534376,52,Centro-Oeste,71.77,67.96,17,63.48224940346563,0.13629648963424038,0.5940585222964472,8.287750596534366,False,Piracanjuba
4114906,0.08333333333333333,0.36498351917556593,41,Sul,74.54,72.1,12,63.50164808244341,0.09259137775104043,0.6373756606000914,11.038351917556597,False,Marilândia do Sul
3128808,0.0,0.364648081952378,31,Sudeste,67.71,61.83,8,63.53519180476219,0.031102480952373113,0.6981936829523829,4.1748081952378016,False,Guidoval
4110078,0.42105263157894735,0.36445165083690667,41,Sul,74.42,71.92,19,63.55483491630933,0.1480435422741561,0.5808597593996573,10.86516508369067,False,Imbaú
3507308,0.14285714285714285,0.364163006969456,35,Sudeste,73.9,71.15,7,63.583699303054395,0.007689006157557188,0.7206370077813549,10.31630069694561,False,Boracéia
3510104,0.0,0.36400387222922415,35,Sudeste,72.84,69.57,2,63.59961277707759,0.0,1.0,9.240387222922415,False,Cândido Rodrigues
3305133,0.6666666666666666,0.36358190072930624,33,Sudeste,76.59,75.12,3,63.64180992706938,0.0,0.9079188725210974,12.948190072930622,False,São José de Ubá
5213806,0.35714285714285715,0.363469366746344,52,Centro-Oeste,68.01,62.28,42,63.6530633253656,0.2179988478903311,0.5089398856023569,4.3569366746344045,True,Morrinhos
2512903,0.43478260869565216,0.3632693214353312,25,Nordeste,78.47,77.84,23,63.67306785646688,0.16671418277630753,0.5598244600943548,14.79693214353312,False,Rio Tinto
4118808,0.0,0.3627462827956271,41,Sul,72.78,69.48,12,63.72537172043729,0.09071232352100261,0.6347802420702515,9.054628279562714,False,Peabiru
4218103,0.3333333333333333,0.3622029271853709,42,Sul,74.0,71.29,9,63.77970728146292,0.048186726017016124,0.6762191283537257,10.220292718537081,False,Timbé do Sul
4127304,0.26666666666666666,0.3615561578244885,41,Sul,72.48,69.02,15,63.844384217551145,0.11841433156820097,0.604697984080776,8.635615782448859,False,Terra Rica
3118205,0.375,0.36114848696169793,31,Sudeste,72.28,68.73,8,63.88515130383021,0.028294363405427347,0.6940026105179685,8.394848696169788,False,Conquista
2607307,0.2972972972972973,0.361039154688535,26,Nordeste,74.47,72.0,37,63.8960845311465,0.2062753192296819,0.5158029901473881,10.5739154688535,True,Ipubi
2207603,0.45454545454545453,0.36015273414853977,22,Nordeste,71.58,67.67,11,63.98472658514602,0.07646455088362303,0.6438409174134565,7.595273414853978,False,Parnaguá
3202504,0.15384615384615385,0.35965640226789486,32,Sudeste,71.61,67.71,13,64.03435977321051,0.09877998055864962,0.6205328239771402,7.5756402267894885,False,Ibiraçu
5203302,0.3333333333333333,0.3594051962862993,52,Centro-Oeste,67.31,61.22,21,64.05948037137007,0.15418017675782675,0.5646302158147718,3.250519628629931,False,Bela Vista de Goiás
3170503,0.3333333333333333,0.3592748421189675,31,Sudeste,63.54,55.56,3,64.07251578810325,0.0,0.9022059627518519,-0.5325157881032467,False,Urucânia
4122602,0.5454545454545454,0.35912613112276,41,Sul,72.08,68.42,11,64.087386887724,0.07561539201810724,0.6426368702274128,7.992613112276004,False,Rondon
3130655,0.16666666666666666,0.3591245226029802,31,Sudeste,63.93,56.13,6,64.08754773970198,0.0,0.7429995000920777,-0.15754773970197533,False,Indaiabira
4200200,0.4,0.35873474089543544,42,Sul,80.0,81.23,15,64.12652591045645,0.11600889875637052,0.6014605830345003,15.87347408954355,False,Agrolândia
4117701,0.25,0.35785835317920184,41,Sul,74.23,71.64,28,64.21416468207981,0.18029716032670773,0.535419546031696,10.015835317920192,False,Palmeira
3153608,0.5,0.3577270979223333,31,Sudeste,61.77,52.93,12,64.22729020776667,0.08651992750977677,0.6289342683348899,-2.4572902077666683,False,Prudente de Morais
4117057,0.5,0.3574456111088064,41,Sul,78.22,77.48,6,64.25543888911935,0.0,0.7409235441184535,13.964561110880652,False,Nova Laranjeiras
1100924,0.5,0.35687613627162534,11,Norte,80.0,80.72,16,64.31238637283747,0.12212800344089558,0.5916242691023551,15.687613627162534,False,Chupinguaia
2111607,0.045454545454545456,0.3560099962680159,21,Nordeste,73.81,71.02,22,64.39900037319842,0.1559246006700441,0.5560953918659877,9.410999626801583,False,São Raimundo das Mangabeiras
5214838,0.3333333333333333,0.35589275473976134,52,Centro-Oeste,69.39,64.36,15,64.41072452602387,0.11359515754176427,0.5981903519377584,4.979275473976131,False,Nova Crixás
2205276,0.0,0.3538729254356789,22,Nordeste,75.72,73.84,2,64.6127074564321,0.0,1.0,11.107292543567894,False,Jatobá do Piauí
3152501,0.2465753424657534,0.35150189996239356,31,Sudeste,65.78,58.91,73,64.84981000376064,0.2419770079297211,0.461026791995066,0.9301899962393634,True,Pouso Alegre
4215554,0.4,0.3512822598850752,42,Sul,78.82,78.34,5,64.87177401149248,0.0,0.7697163556637203,13.948225988507517,False,Santa Helena
4311643,0.0,0.3507992916522602,43,Sul,80.0,100.0,1,64.92007083477398,0.0,1.0,15.07992916522602,False,Linha Nova
5003751,0.47619047619047616,0.3507968717488067,50,Centro-Oeste,76.78,75.4,21,64.92031282511932,0.14668673115946068,0.5549070123381528,11.859687174880676,False,Eldorado
2600906,0.4117647058823529,0.3487924443646063,26,Nordeste,72.29,68.74,17,65.12075556353936,0.12223681368221101,0.5753480750470017,7.1692444364606445,False,Amaraji
3115003,0.25,0.34829922298729366,31,Sudeste,69.08,63.9,4,65.17007770127063,0.0,0.8152019902025812,3.90992229872937,False,Cascalho Rico
3125101,0.3076923076923077,0.34814798343810655,31,Sudeste,64.96,57.68,78,65.18520165618935,0.24242602034878452,0.45386994652742857,-0.2252016561893555,True,Extrema
3170529,0.3333333333333333,0.34808859886446136,31,Sudeste,64.46,56.93,9,65.19114011355387,0.03686393665451232,0.6593132610744104,-0.7311401135538773,False,Urucuia
3108255,0.6666666666666666,0.34648054133628364,31,Sudeste,69.35,64.3,3,65.35194586637164,0.0,0.8849537873314894,3.998054133628358,False,Bonito de Minas
3161650,0.3333333333333333,0.3459072520298608,31,Sudeste,73.91,71.16,6,65.40927479701392,0.0,0.7265170348714651,8.500725202986075,False,São Geraldo do Baixio
4119608,0.28125,0.3445362495737974,41,Sul,75.14,72.99,32,65.54637504262027,0.17988202330697636,0.5091904758406185,9.593624957379731,True,Pitanga
4102406,0.21212121212121213,0.3441955781502642,41,Sul,76.79,75.41,33,65.58044218497359,0.18209337588094776,0.5062977804195806,11.209557815026415,True,Bandeirantes
4104659,0.34782608695652173,0.34391424613798227,41,Sul,76.57,75.09,23,65.60857538620178,0.1497820621974924,0.5380464300784722,10.961424613798215,False,Carambeí
2506707,1.0,0.34354516813945196,25,Nordeste,71.23,67.14,3,65.6454831860548,0.0,0.8809354284633288,5.5845168139452,False,Imaculada
5210109,0.2727272727272727,0.34309784889317746,52,Centro-Oeste,69.21,64.1,22,65.69021511068225,0.1447150238186991,0.5414806739676559,3.519784889317748,False,Ipameri
3117876,0.2,0.34288346542063464,31,Sudeste,61.49,52.52,10,65.71165345793654,0.0486781326769028,0.6370887981643665,-4.221653457936533,False,Confins
4321493,1.0,0.3425984203619953,43,Sul,80.0,100.0,1,65.74015796380047,0.0,1.0,14.25984203619953,False,Toropi
2611408,0.2857142857142857,0.341560592504941,26,Nordeste,78.26,77.53,7,65.8439407495059,0.0,0.6928773277154272,12.4160592504941,False,Primavera
5100607,0.29411764705882354,0.341204763005934,51,Centro-Oeste,74.69,72.32,17,65.87952369940659,0.11582527992239611,0.5665842460894719,8.810476300593407,False,Alto Taquari
3205200,0.32281553398058255,0.3405877026916939,32,Sudeste,71.85,68.08,412,65.94122973083061,0.29482618010686784,0.38634922527652,5.908770269169381,True,Vila Velha
4113502,0.10526315789473684,0.34058397160914483,41,Sul,74.76,72.42,19,65.94160283908552,0.12749001985207573,0.5536779233662139,8.818397160914486,False,Loanda
2208551,0.3333333333333333,0.3399680479640826,22,Nordeste,75.73,73.86,3,66.00319520359174,0.0,0.8760077719450601,9.72680479640826,False,Porto Alegre do Piauí
4122404,0.34831460674157305,0.3394849154583357,41,Sul,75.42,73.4,89,66.05150845416642,0.24110358780357954,0.43786624311309186,9.368491545833578,True,Rolândia
4201273,0.0,0.3394751844839137,42,Sul,79.57,79.39,7,66.05248155160864,0.0,0.69027199581722,13.517518448391357,False,Arabutã
3171709,0.1111111111111111,0.3391413567424061,31,Sudeste,65.13,57.94,9,66.08586432575939,0.02984166977018321,0.648441043714629,-0.9558643257593928,False,Virgínia
3131802,0.0,0.3384935670360618,31,Sudeste,69.66,64.78,7,66.15064329639382,0.0,0.6890430226834243,3.509356703606173,False,Itabirinha
3545506,0.3333333333333333,0.33844770444840205,35,Sudeste,79.36,79.1,3,66.1552295551598,0.0,0.8739031266978483,13.204770444840193,False,Sandovalina
3145505,0.0,0.3380167481042797,31,Sudeste,68.0,62.27,1,66.19832518957203,0.0,1.0,1.8016748104279685,False,Olímpio Noronha
3134301,0.2,0.3379298389782147,31,Sudeste,65.98,59.21,5,66.20701610217853,0.0,0.752536568972102,-0.2270161021785242,False,Itumirim
3165305,0.0,0.3376613025958832,31,Sudeste,66.57,60.1,6,66.23386974041168,0.0,0.7160700409472935,0.336130259588316,False,São Vicente de Minas
4217105,0.5,0.3374167062290926,42,Sul,71.8,68.0,2,66.25832937709075,0.0,0.9927234013759884,5.541670622909251,False,São Martinho
4217956,0.0,0.33690560428377464,42,Sul,79.33,79.06,4,66.30943957162255,0.0,0.8001048804595425,13.02056042837745,False,Tigrinhos
4216701,0.24,0.3359927882383185,42,Sul,77.46,76.38,25,66.40072117616815,0.15083693615068994,0.5211486403259471,11.059278823831846,False,São José do Cedro
4109906,0.5,0.33287718024164475,41,Sul,75.32,73.26,18,66.71228197583552,0.11517402220982584,0.5505803382734636,8.60771802416447,False,Icaraíma
2516706,0.06666666666666667,0.33277663068711577,25,Nordeste,75.05,72.85,15,66.72233693128842,0.0943128218308881,0.5712404395433435,8.327663068711573,False,Teixeira
3525607,0.0,0.33236920738664,35,Sudeste,80.0,81.82,5,66.763079261336,0.0,0.74527372965788,13.236920738663997,False,João Ramalho
4127601,0.48148148148148145,0.3323603035935154,41,Sul,79.12,78.76,27,66.76396964064845,0.15467568341492485,0.510044923772106,12.35603035935155,False,Tijucas do Sul
3120508,0.3333333333333333,0.3322860361451598,31,Sudeste,63.72,55.83,12,66.77139638548401,0.06577406387780577,0.5987980084125137,-3.0513963854840114,False,Cristina
3153806,0.0,0.33222964575977737,31,Sudeste,67.52,61.54,2,66.77703542402227,0.0,0.9850201560337566,0.742964575977723,False,Queluzito
2700904,0.07142857142857142,0.3314900500299521,27,Nordeste,80.0,83.89,14,66.8509949970048,0.08489676854960918,0.578083331510295,13.149005002995196,False,Belo Monte
4215679,0.14285714285714285,0.3295492223677505,42,Sul,80.0,83.61,7,67.04507776322495,0.0,0.6777667649810188,12.954922236775047,False,Santa Terezinha
2605608,0.125,0.32748767406277846,26,Nordeste,76.0,74.26,16,67.25123259372215,0.09753223636739555,0.5574431117581613,8.74876740627785,False,Flores
5106240,0.5185185185185185,0.32739857250728505,51,Centro-Oeste,75.3,73.23,27,67.2601427492715,0.15039115235008793,0.5044059926644822,8.039857250728502,False,Nova Ubiratã
4215752,0.25,0.3270001828696685,42,Sul,80.0,83.02,4,67.29998171303315,0.0,0.7867351599676331,12.700018286966852,False,São Bernardino
5209101,0.3235294117647059,0.32689250262521147,52,Centro-Oeste,71.92,68.19,34,67.31074973747886,0.1692180591380905,0.4845669461123324,4.609250262521144,True,Goiatuba
3162955,0.25925925925925924,0.32657337507228673,31,Sudeste,68.1,62.41,27,67.34266249277132,0.14968075360782568,0.5034659965367478,0.7573375072286694,False,São José da Lapa
4107306,0.3333333333333333,0.3263694447581092,41,Sul,79.37,79.12,9,67.3630555241891,0.020031741454457352,0.632707148061761,12.006944475810911,False,Doutor Camargo
3139904,0.3,0.32615575961350995,31,Sudeste,67.16,60.99,10,67.384424038649,0.03558737581850702,0.6167241434085129,-0.22442403864900484,False,Maria da Fé
3533304,0.0,0.3257783798624079,35,Sudeste,78.53,77.92,1,67.42216201375922,0.0,1.0,11.107837986240781,False,Nova Luzitânia
3127404,0.3333333333333333,0.3248938987616108,31,Sudeste,67.92,62.15,3,67.51061012383892,0.0,0.8548650606412626,0.4093898761610859,False,Gonçalves
5213756,0.2857142857142857,0.32472959221420233,52,Centro-Oeste,70.45,65.97,14,67.52704077857976,0.07943281283864206,0.5700263715897627,2.9229592214202427,False,Montividiu
4118006,0.42857142857142855,0.32438424153517037,41,Sul,76.43,74.89,21,67.56157584648297,0.12415560802512693,0.5246128750452138,8.86842415351704,False,Paraíso do Norte
5208103,0.0,0.32423369368592886,52,Centro-Oeste,73.67,70.81,5,67.57663063140711,0.0,0.7345307566287149,6.093369368592889,False,Formoso
3133402,0.0,0.32411719575670983,31,Sudeste,69.06,63.86,13,67.58828042432901,0.06968554817251577,0.5785488433409038,1.4717195756709884,False,Itapagipe
4104808,0.25333333333333335,0.32287044413646904,41,Sul,80.0,80.11,300,67.71295558635309,0.2699595044144317,0.3757813838585064,12.28704441364691,True,Cascavel
4213104,0.125,0.3227711666691325,42,Sul,80.0,81.43,8,67.72288333308674,0.0,0.6467571069404557,12.277116666913258,False,Piratuba
3169406,0.15789473684210525,0.3223243868236261,31,Sudeste,67.27,61.16,57,67.76756131763739,0.20099216377866852,0.44365660986858363,-0.4975613176373912,True,Três Pontas
2109239,0.2,0.32198045869299424,21,Nordeste,76.82,75.46,5,67.80195413070058,0.0,0.7315304603421162,9.018045869299414,False,Presidente Médici
3536000,0.3333333333333333,0.3216197191166864,35,Sudeste,76.91,75.58,6,67.83802808833136,0.0,0.6953759039631424,9.07197191166864,False,Parapuã
3155702,0.18181818181818182,0.321574291170467,31,Sudeste,77.9,77.01,11,67.8425708829533,0.04554730864349271,0.5976012736974412,10.05742911704671,False,Rio Piracicaba
2106201,0.3333333333333333,0.32147821509407304,21,Nordeste,77.84,76.93,12,67.85217849059269,0.057223271645915064,0.585733158542231,9.987821509407311,False,Luís Domingues
3125804,1.0,0.3212198805607306,31,Sudeste,68.78,63.45,1,67.87801194392694,0.0,1.0,0.9019880560730655,False,Fernandes Tourinho
2208304,0.1794871794871795,0.3211318941779982,22,Nordeste,76.95,75.64,39,67.88681058220018,0.17459121804627123,0.4676725703097252,9.06318941779982,True,Piracuruca
5008305,0.1657142857142857,0.3209765623251119,50,Centro-Oeste,73.04,69.86,175,67.9023437674888,0.2518068307688393,0.3901462938813845,5.137656232511205,True,Três Lagoas
2516003,0.42105263157894735,0.32064096546539733,25,Nordeste,78.98,78.56,19,67.93590345346027,0.1107767209260812,0.5305052100047134,11.044096546539734,False,Solânea
5108956,0.058823529411764705,0.32027827247480667,51,Centro-Oeste,78.0,77.16,17,67.97217275251933,0.09847858718918265,0.5420779577604307,10.027827247480673,False,Nova Monte Verde
3126406,0.0,0.3202681610890543,31,Sudeste,66.0,59.25,3,67.97318389109456,0.0,0.8482526129117128,-1.973183891094564,False,Fortuna de Minas
3164407,0.1,0.32022637528010345,31,Sudeste,71.11,66.97,10,67.97736247198965,0.031047358974695127,0.6094053915855118,3.132637528010349,False,São Sebastião da Bela Vista
2205540,0.0,0.3202051578270854,22,Nordeste,80.0,81.92,2,67.97948421729146,0.0,0.966817764671071,12.020515782708543,False,Lagoinha do Piauí
3556909,0.4,0.31923209258057367,35,Sudeste,80.0,81.39,5,68.07679074194265,0.0,0.7278560999876496,11.923209258057355,False,Vista Alegre do Alto
4117008,0.09090909090909091,0.3190861064874219,41,Sul,80.0,81.68,11,68.0913893512578,0.04362532579507106,0.5945468871797728,11.908610648742197,False,Nova Fátima
2103901,0.17647058823529413,0.31775665368862016,21,Nordeste,72.72,69.39,17,68.22433463113798,0.09642241978708577,0.5390908875901546,4.495665368862021,False,Duque Bacelar
3157708,0.5357142857142857,0.3173906517970749,31,Sudeste,68.42,62.9,28,68.26093482029252,0.14498153104011066,0.48979977255403906,0.15906517970748268,False,Santa Juliana
4108403,0.22916666666666666,0.317155872468767,41,Sul,79.76,79.67,96,68.2844127531233,0.2240627445366931,0.4102490004008409,11.4755872468767,True,Francisco Beltrão
4121802,0.125,0.316322702023137,41,Sul,76.22,74.58,16,68.36772979768631,0.08845286568027816,0.5441925383659958,7.85227020231369,False,Ribeirão Claro
4118402,0.25925925925925924,0.3159845935567243,41,Sul,80.0,80.45,108,68.40154064432757,0.22830266579423936,0.40366652131920927,11.598459355672432,True,Paranavaí
3526001,0.3157894736842105,0.31569627464484556,35,Sudeste,77.85,76.94,19,68.43037253551545,0.10670004491197696,0.5246925043777142,9.419627464484549,False,Junqueirópolis
4127007,0.08333333333333333,0.3154688849986196,41,Sul,78.1,77.31,12,68.45311150013804,0.05253878262694872,0.5783989873702904,9.646888499861959,False,Teixeira Soares
4210555,0.5,0.3151487300519504,42,Sul,76.69,88.23,2,68.48512699480496,0.0,0.9590169458878448,8.20487300519504,False,Marema
4212601,0.0,0.3151187516645119,42,Sul,80.0,85.84,3,68.4881248335488,0.0,0.8408214491694301,11.511875166451205,False,Peritiba
4128658,0.5,0.31460369346244743,41,Sul,79.07,78.69,10,68.53963065375525,0.026791718433503642,0.6024156684913913,10.53036934624474,False,Virmond
3123205,0.26666666666666666,0.31427017386513206,31,Sudeste,70.33,65.78,15,68.57298261348679,0.07934013821523692,0.5492002095150272,1.757017386513212,False,Dores do Indaiá
2705903,0.0,0.3137778554611222,27,Nordeste,80.0,88.26,2,68.62221445388779,0.0,0.9568868491677271,11.377785546112207,False,Olho d'Água Grande
5203104,0.0,0.31322051155604125,52,Centro-Oeste,69.34,64.29,3,68.67794884439587,0.0,0.8380632577290604,0.6620511556041322,False,Baliza
3120706,0.25,0.31290975746712235,31,Sudeste,68.1,62.42,8,68.70902425328777,0.0,0.6342221836192159,-0.609024253287771,False,Cruzeiro da Fortaleza
3169802,0.3333333333333333,0.312689848046617,31,Sudeste,67.61,61.67,6,68.7310151953383,0.0,0.683638430879856,-1.1210151953383019,False,Turvolândia
3170800,0.2608695652173913,0.31268143144863747,31,Sudeste,67.63,61.71,23,68.73185685513626,0.12321937907178443,0.5021434838254906,-1.101856855136262,False,Várzea da Palma
2506509,0.0,0.31240683794607876,25,Nordeste,75.36,73.31,4,68.75931620539212,0.0,0.7666120524150533,6.600683794607875,False,Gurjão
4106571,0.0,0.3121714368235099,41,Sul,80.0,81.66,7,68.782856317649,0.0,0.655447670275892,11.217143682350994,False,Cruzeiro do Iguaçu
4113007,0.09090909090909091,0.3117374145520768,41,Sul,74.65,72.27,11,68.82625854479232,0.038001819601426345,0.5854730095027273,5.823741455207681,False,Jussara
4107009,0.3333333333333333,0.31138239075383795,41,Sul,80.0,80.2,21,68.8617609246162,0.11332889584377967,0.5094358856638962,11.138239075383794,False,Curiúva
3116605,0.12121212121212122,0.31136039924069336,31,Sudeste,67.2,61.05,33,68.86396007593066,0.15337142263069528,0.4693493758506915,-1.6639600759306603,True,Cláudio
3111002,0.09090909090909091,0.30976917745286053,31,Sudeste,73.12,69.98,11,69.02308225471394,0.036509214859410055,0.583029140046311,4.0969177452860635,False,Campestre
2607109,0.0,0.30968089175230545,26,Nordeste,78.99,78.57,5,69.03191082476945,0.0,0.7149590707939948,9.95808917523054,False,Ingazeira
3148608,0.5,0.30967359313492415,31,Sudeste,69.58,64.65,2,69.03264068650759,0.0,0.9504704951863875,0.5473593134924073,False,Peçanha
3130556,0.0,0.3095240092462132,31,Sudeste,70.2,65.59,3,69.04759907537867,0.0,0.8326627781240796,1.1524009246213325,False,Imbé de Minas
2604908,0.1,0.3090771511649778,26,Nordeste,77.49,76.43,10,69.09228488350222,0.02265651884438008,0.5954977834855755,8.397715116497778,False,Cumaru
5206206,0.3333333333333333,0.30835794702336683,52,Centro-Oeste,71.75,67.92,96,69.16420529766332,0.21597565707216332,0.40074023697457034,2.5857947023366847,True,Cristalina
5221304,0.0,0.3081529074573758,52,Centro-Oeste,79.62,79.46,2,69.18470925426242,0.0,0.9480781894034125,10.43529074573759,False,Três Ranchos
5205208,0.0,0.30732540951302156,52,Centro-Oeste,72.06,68.4,4,69.26745904869784,0.0,0.7594831172813625,2.7925409513021577,False,Caturaí
3113503,0.4,0.30725792135798036,31,Sudeste,69.51,64.55,10,69.27420786420197,0.021305749362472204,0.5932100933534885,0.23579213579803593,False,Carbonita
3552908,0.25,0.3072314605571354,35,Sudeste,79.95,79.93,4,69.27685394428647,0.0,0.7593507088856075,10.67314605571353,False,Taciba
3162906,0.3333333333333333,0.30703505037063505,31,Sudeste,72.16,68.55,24,69.29649496293649,0.12249099379820888,0.49157910694306123,2.8635050370635042,False,São João Nepomuceno
3161809,0.3333333333333333,0.3068150516267896,31,Sudeste,67.24,61.12,3,69.31849483732104,0.0,0.8286802507263875,-2.0784948373210455,False,São Gonçalo do Pará
4107405,0.13333333333333333,0.3061306835022799,41,Sul,80.0,83.61,15,69.38693164977201,0.07289085473019,0.5393705122743698,10.61306835022799,False,Enéas Marques
5211503,0.23529411764705882,0.30577464630945156,52,Centro-Oeste,72.98,69.78,102,69.42253536905486,0.2163603512490641,0.395188941369839,3.557464630945148,True,Itumbiara
4105508,0.2,0.3055919686711132,41,Sul,79.69,79.56,90,69.44080313288868,0.21041910165358196,0.40076483568864446,10.249196867111323,True,Cianorte
3543501,0.42857142857142855,0.3054762475003924,35,Sudeste,80.0,81.07,7,69.45237524996077,0.0,0.6467000563572087,10.547624750039233,False,Riversul
3146008,0.17391304347826086,0.3039505003082852,31,Sudeste,69.04,63.84,23,69.60494996917149,0.11596963367725927,0.4919313669393111,-0.5649499691714794,False,Ouro Fino
4122156,0.18181818181818182,0.30338820521183296,41,Sul,80.0,81.41,22,69.6611794788167,0.11128284227262394,0.49549356815104195,10.338820521183294,False,Rio Bonito do Iguaçu
3160504,0.0,0.30335388021623605,31,Sudeste,66.5,60.0,1,69.66461197837639,0.0,1.0,-3.164611978376385,False,Santo Antônio do Rio Abaixo
3139508,0.34615384615384615,0.3032241951402458,31,Sudeste,72.2,68.6,26,69.67758048597543,0.12653993828639984,0.4799084519940917,2.522419514024577,False,Manhumirim
3152006,0.47368421052631576,0.30320007406034827,31,Sudeste,69.94,65.2,19,69.67999259396518,0.0965203037062024,0.5098798444144941,0.2600074060348163,False,Pompéu
4103222,0.0,0.30319985975516067,41,Sul,80.0,82.0,2,69.68001402448394,0.0,0.9402295678372046,10.319985975516062,False,Bom Sucesso do Sul
5219001,0.1111111111111111,0.3010860750145313,52,Centro-Oeste,78.65,78.09,9,69.89139249854688,0.0013824482769905222,0.600789701752072,8.758607501453127,False,Sanclerlândia
4217303,0.25,0.29919515650323314,42,Sul,80.0,81.64,20,70.08048434967668,0.0985092381128086,0.4998810748936577,9.91951565032332,False,Saudades
2516607,0.1111111111111111,0.29883128049436786,25,Nordeste,76.69,75.27,9,70.11687195056322,0.0,0.5978918190697782,6.573128049436775,False,Tavares
3532843,1.0,0.2986263914321958,35,Sudeste,79.25,78.95,1,70.13736085678042,0.0,1.0,9.112639143219582,False,Nova Canaã Paulista
4103354,0.125,0.2985025354794199,41,Sul,80.0,84.89,8,70.149746452058,0.0,0.615603923389362,9.850253547942003,False,Braganey
2105948,0.0,0.29838560035560596,21,Nordeste,80.0,88.14,14,70.1614399644394,0.05870646415452821,0.5380647365566837,9.838560035560604,False,Lago dos Rodrigues
5205802,0.2222222222222222,0.298101975418249,52,Centro-Oeste,74.54,72.1,9,70.1898024581751,0.0,0.5969526590850485,4.350197541824912,False,Corumbá de Goiás
1100098,0.23529411764705882,0.29746812871633355,11,Norte,80.0,85.33,34,70.25318712836665,0.14380493713230696,0.45113132030036013,9.746812871633352,True,Espigão D'Oeste
1300631,0.25,0.296771616401954,13,Norte,,91.72,12,70.32283835980459,0.03829287812369603,0.5552503546802119,,False,Beruri
3111309,0.1111111111111111,0.29628785726827717,31,Sudeste,71.49,67.54,9,70.37121427317228,0.0,0.5946125937795461,1.11878572682771,False,Campo do Meio
3516606,0.3333333333333333,0.29603052256217416,35,Sudeste,79.23,78.91,6,70.39694774378258,0.0,0.6613102808878535,8.833052256217428,False,Gália
4123808,0.18181818181818182,0.2959433748880548,41,Sul,80.0,82.42,11,70.40566251119452,0.026189411327651513,0.565697338448458,9.594337488805479,False,Santa Izabel do Oeste
3152907,0.2,0.29553466869779144,31,Sudeste,68.22,62.59,5,70.44653313022086,0.0,0.6954841142380768,-2.226533130220858,False,Pratápolis
1101476,0.5,0.2954000881496181,11,Norte,80.0,86.09,4,70.45999118503818,0.0,0.7424980377964618,9.540008814961823,False,Primavera de Rondônia
4122701,0.19047619047619047,0.29527660856090926,41,Sul,80.0,81.51,21,70.47233914390907,0.10017075938400302,0.4903824577378155,9.527660856090932,False,Sabáudia
3553955,0.13043478260869565,0.2949630457450872,35,Sudeste,80.0,83.12,23,70.50369542549129,0.10859051677795314,0.4813355747122212,9.496304574508713,False,Tarumã
2104305,0.15384615384615385,0.29477067207036234,21,Nordeste,80.0,82.97,13,70.52293279296377,0.046919079745482234,0.5426222643952424,9.477067207036228,False,Godofredo Viana
3133808,0.16071428571428573,0.2937682512730869,31,Sudeste,73.0,69.8,56,70.62317487269131,0.17446889354200396,0.4130676090041699,2.3768251273086918,True,Itaúna
3156106,0.25,0.2935435077161446,31,Sudeste,69.35,64.3,8,70.64564922838554,0.0,0.6091093791351005,-1.2956492283855425,False,Ritápolis
4118105,0.3333333333333333,0.29210094369426537,41,Sul,80.0,83.27,12,70.78990563057346,0.03481409062642821,0.5493877967621026,9.210094369426542,False,Paranacity
2511103,0.3333333333333333,0.29204993950031655,25,Nordeste,76.93,75.61,9,70.79500604996835,0.0,0.5891239700445835,6.134993950031657,False,Pedra Lavrada
4205357,0.3333333333333333,0.2918082374434762,42,Sul,80.0,81.41,3,70.81917625565237,0.0,0.8062303791124434,9.180823744347634,False,Flor do Sertão
2202737,0.0,0.29166874188223346,22,Nordeste,78.68,78.14,6,70.83312581177665,0.0,0.6553689871852231,7.846874188223353,False,Coivaras
3527504,0.0,0.29151719948412,35,Sudeste,76.41,74.86,5,70.84828005158799,0.0,0.6898699466640527,5.561719948412005,False,Lucianópolis
3205150,0.0,0.290871282344504,32,Sudeste,76.22,74.58,5,70.9128717655496,0.0,0.6889638126391358,5.307128234450403,False,Vila Pavão
3124401,0.5454545454545454,0.2904675839202666,31,Sudeste,70.8,66.49,11,70.95324160797334,0.02218363772352616,0.5587515301170071,-0.1532416079733423,False,Espírito Santo do Dourado
3527009,0.6666666666666666,0.2894945688331619,35,Sudeste,77.96,77.11,9,71.05054311668381,0.0,0.585799396780983,6.909456883316182,False,Lindóia
4103909,0.16666666666666666,0.2893840249661054,41,Sul,80.0,80.15,24,71.06159750338946,0.107955650217958,0.47081239971425276,8.938402496610536,False,Campina da Lagoa
3131158,0.2631578947368421,0.2889679170931478,31,Sudeste,68.46,62.96,19,71.10320829068522,0.08514703196493467,0.4927888022213609,-2.643208290685223,False,Ipaba
3110004,0.2631578947368421,0.28603360667419003,31,Sudeste,75.47,73.48,38,71.396639332581,0.14234852171439996,0.42971869163398013,4.073360667418996,True,Caeté
2110104,0.15,0.2854708094409097,21,Nordeste,80.0,89.14,20,71.45291905590902,0.08753156207814017,0.4834100568036792,8.547080944090979,False,Santa Quitéria do Maranhão
4124608,0.3333333333333333,0.28544860364140845,41,Sul,78.79,78.29,3,71.45513963585915,0.0,0.7965136059872726,7.334860364140852,False,São Carlos do Ivaí
3204302,0.2727272727272727,0.2854409904638453,32,Sudeste,72.03,68.35,22,71.45590095361547,0.09671924245546587,0.47416273847222473,0.5740990463845321,False,Presidente Kennedy
3114204,0.16666666666666666,0.28522968497621226,31,Sudeste,71.27,67.21,18,71.47703150237878,0.07663634706304076,0.49382302288938373,-0.20703150237878276,False,Carmo do Cajuru
2512408,0.35,0.2851734114095447,25,Nordeste,76.9,75.57,20,71.48265885904553,0.08729612864270583,0.4830506941763836,5.417341140954477,False,Puxinanã
3204807,0.5,0.28472284614033216,32,Sudeste,76.18,74.52,10,71.52771538596679,0.0050151562611669975,0.5644305360194973,4.652284614033221,False,São José do Calçado
2203008,0.1111111111111111,0.28370167706606086,22,Nordeste,79.95,79.93,9,71.62983229339392,0.0,0.5782202824699189,8.320167706606085,False,Cristalândia do Piauí
2108900,0.2,0.2824199889983958,21,Nordeste,80.0,89.32,5,71.75800110016041,0.0,0.6770171454357581,8.241998899839587,False,Poção de Pedras
5221700,0.07692307692307693,0.2823764007982608,52,Centro-Oeste,76.91,75.58,13,71.76235992017392,0.03766908658530166,0.52708371501122,5.1476400798260755,False,Uruana
5213087,0.08695652173913043,0.28231653707153287,52,Centro-Oeste,76.96,75.66,23,71.76834629284672,0.09835510485046206,0.4662779692926037,5.191653707153279,False,Minaçu
3104007,0.25471698113207547,0.2816949032155406,31,Sudeste,72.32,68.79,106,71.83050967844594,0.1960607303322814,0.3673290760987997,0.489490321554058,True,Araxá
3111200,0.15,0.2814888917175709,31,Sudeste,72.79,69.49,40,71.85111082824291,0.14211756005530973,0.4208602233798321,0.9388891717570971,True,Campo Belo
3141009,0.2857142857142857,0.2813941099475008,31,Sudeste,72.48,69.02,7,71.86058900524992,0.0,0.6145211906555901,0.6194109947500834,False,Mato Verde
3109501,0.0,0.2798100489096817,31,Sudeste,74.47,71.99,11,72.01899510903182,0.01452369482450555,0.5450964029948578,2.4510048909681785,False,Cabo Verde
5213400,1.0,0.27980280458121815,52,Centro-Oeste,80.0,68.61,1,72.01971954187817,0.0,1.0,7.980280458121825,False,Moiporá
4102752,0.125,0.2788818832913647,41,Sul,77.78,76.84,8,72.11181167086353,0.0,0.5896413964491138,5.66818832913647,False,Bela Vista da Caroba
3133501,0.2222222222222222,0.27855515808513504,31,Sudeste,74.72,72.37,9,72.1444841914865,0.0,0.5714366886150855,2.575515808513501,False,Itapecerica
5221007,0.3333333333333333,0.2785184131196193,52,Centro-Oeste,72.86,69.59,6,72.14815868803808,0.0,0.6372090400473378,0.7118413119619191,False,Taquaral de Goiás
4111704,0.25,0.2776551601355228,41,Sul,80.0,82.7,12,72.23448398644771,0.02426449574087136,0.5310458245301743,7.765516013552286,False,Jaboti
4101150,0.3333333333333333,0.27739406909130293,41,Sul,80.0,90.09,3,72.2605930908697,0.0,0.7840286042783036,7.739406909130295,False,Ângulo
3204104,0.17857142857142858,0.2764168910139608,32,Sudeste,78.09,77.29,28,72.35831089860392,0.11076227015717341,0.4420715118707481,5.731689101396086,False,Pinheiros
4120655,0.16666666666666666,0.2759082159062223,41,Sul,79.91,79.88,6,72.40917840937777,0.0,0.6335593220217788,7.500821590622223,False,Quarto Centenário
3127503,0.0,0.2758171094634199,31,Sudeste,70.75,66.42,1,72.41828905365801,0.0,1.0,-1.6682890536580146,False,Gonzaga
3124500,0.0,0.27532281084483173,31,Sudeste,74.78,72.45,1,72.46771891551683,0.0,1.0,2.3122810844831747,False,Estiva
2303709,0.3409090909090909,0.2750131333511383,23,Nordeste,71.16,67.04,396,72.49868666488616,0.23103363562477683,0.3189926310774998,-1.3386866648861684,True,Caucaia
3153301,0.0,0.27490386511641624,31,Sudeste,77.02,75.75,8,72.50961348835838,0.0,0.5842888950953058,4.510386511641613,False,Presidente Kubitschek
5210208,0.14634146341463414,0.27340263754018135,52,Centro-Oeste,78.84,78.36,41,72.65973624598186,0.13697184516174435,0.4098334299186184,6.180263754018142,True,Iporá
5219704,0.0,0.2719970365953358,52,Centro-Oeste,80.0,84.75,4,72.80029634046642,0.0,0.7080856383622418,7.199703659533583,False,Santa Terezinha de Goiás
2110237,0.0,0.2714491474724027,21,Nordeste,80.0,85.85,3,72.85508525275974,0.0,0.774682735778636,7.144914747240264,False,Santana do Maranhão
3132800,0.5,0.2712331166381349,31,Sudeste,78.43,77.78,2,72.87668833618652,0.0,0.8874119069888797,5.5533116638134885,False,Itambé do Mato Dentro
2205201,0.44,0.27079624506755007,22,Nordeste,79.28,78.99,25,72.92037549324499,0.09660278965369781,0.4449897004814023,6.3596245067550115,False,Jaicós
4123303,0.6,0.2707369425214668,41,Sul,80.0,85.79,5,72.92630574785332,0.0,0.6602185342166443,7.07369425214668,False,Santa Cruz de Monte Castelo
3547700,0.6666666666666666,0.26920325579805743,35,Sudeste,79.99,79.99,3,73.07967442019425,0.0,0.7711225607283727,6.910325579805743,False,Santo Anastácio
3108404,0.2,0.26732876341142586,31,Sudeste,70.13,65.49,10,73.26712365885741,0.0,0.5416336138796856,-3.137123658857419,False,Botelhos
3200706,0.4,0.267207021359733,32,Sudeste,76.22,74.57,10,73.27929786402669,0.0,0.5414721886001967,2.9407021359733108,False,Atílio Vivácqua
5207808,0.16666666666666666,0.2670183773692302,52,Centro-Oeste,77.78,76.84,6,73.29816226307699,0.0,0.6210137340252997,4.481837736923012,False,Firminópolis
2201919,0.25,0.2668204934315382,22,Nordeste,80.0,87.91,4,73.3179506568462,0.0,0.7002723084409066,6.682049343153807,False,Bom Princípio do Piauí
4127205,0.17647058823529413,0.2658427670028401,41,Sul,80.0,85.98,17,73.41572329971599,0.05583344352252506,0.47585209048315513,6.584276700284008,False,Terra Boa
3205069,0.1875,0.2654550466663757,32,Sudeste,80.0,83.02,16,73.45449533336243,0.04908319444372339,0.481826898889028,6.545504666637569,False,Venda Nova do Imigrante
4214151,0.4,0.26507472309889746,42,Sul,80.0,89.34,5,73.49252769011025,0.0,0.6519552046409177,6.507472309889749,False,Princesa
4128005,0.23529411764705882,0.26327197704800603,41,Sul,80.0,85.59,17,73.67280229519939,0.0539149595140504,0.47262899458196167,6.327197704800611,False,Ubiratã
3168002,0.13333333333333333,0.26266633813059115,31,Sudeste,72.65,69.28,30,73.73336618694088,0.10518478673738263,0.42014788952379967,-1.0833661869408786,True,Taiobeiras
3141801,0.14285714285714285,0.2620146117727235,31,Sudeste,73.23,70.15,28,73.79853882272765,0.0991361373671997,0.4248930861782473,-0.5685388227276462,False,Minas Novas
3115201,0.3333333333333333,0.2600031361653777,31,Sudeste,72.3,68.75,3,73.99968638346223,0.0,0.7563664516748994,-1.699686383462236,False,Conceição da Barra de Minas
3167806,0.2857142857142857,0.2594782944888444,31,Sudeste,75.23,73.12,7,74.05217055111557,0.0,0.5842113246488345,1.177829448884438,False,Soledade de Minas
4206603,0.25,0.2591593572767377,42,Sul,80.0,88.63,8,74.08406427232623,0.0,0.5627979185087271,5.915935727673769,False,Guarujá do Sul
5218904,0.15,0.25905927459699585,52,Centro-Oeste,78.26,77.53,20,74.09407254030042,0.06704550259336062,0.4510730466006311,4.1659274596995886,False,Rubiataba
5217203,0.14285714285714285,0.2541727411617175,52,Centro-Oeste,78.66,78.1,7,74.58272588382825,0.0,0.5767180009254542,4.0772741161717505,False,Piranhas
3150505,0.0,0.2522307330366214,31,Sudeste,75.02,72.81,7,74.77692669633787,0.0,0.5739594731628626,0.2430733036621291,False,Pimenta
3500600,0.5,0.25196649196060383,35,Sudeste,80.0,81.85,2,74.80335080393962,0.0,0.8536567702361296,5.196649196060378,False,Águas de São Pedro
4110508,0.17647058823529413,0.25160741902237727,41,Sul,80.0,88.2,17,74.83925809776227,0.045326969641129616,0.45788786840362494,5.160741902237731,False,Ipiranga
3115102,0.125,0.25159969551102784,31,Sudeste,73.57,70.66,16,74.84003044889722,0.038972841553157306,0.4642265494688984,-1.2700304488972307,False,Cássia
5205703,0.0,0.25053451116559866,52,Centro-Oeste,78.17,77.4,1,74.94654888344013,0.0,1.0,3.223451116559872,False,Córrego do Ouro
4108551,1.0,0.25052449471185706,41,Sul,80.0,94.55,1,74.9475505288143,0.0,1.0,5.052449471185696,False,Godoy Moreira
2307205,0.0,0.24980075085220796,23,Nordeste,76.08,74.37,4,75.0199249147792,0.0,0.6740404029724879,1.0600750852208023,False,Jati
5210406,0.19148936170212766,0.24904880752282274,52,Centro-Oeste,79.26,78.96,47,75.09511924771772,0.12540987939909726,0.3726877356465482,4.164880752282286,True,Itaberaí
2107258,0.5,0.248326589300674,21,Nordeste,80.0,85.65,4,75.1673410699326,0.0,0.6717279813281783,4.832658930067396,False,Nova Colinas
3157005,0.3076923076923077,0.2480811163089544,31,Sudeste,75.15,73.01,39,75.19188836910456,0.112529057712974,0.3836331749049348,-0.04188836910455507,True,Salinas
5203203,0.35294117647058826,0.24636223638772078,52,Centro-Oeste,80.0,80.55,17,75.36377636122792,0.0415291987095876,0.45119527406585397,4.63622363877208,False,Barro Alto
5208608,0.1566265060240964,0.24635370460333827,52,Centro-Oeste,79.85,79.79,83,75.36462953966617,0.15365357138940766,0.3390538378172689,4.485370460333826,True,Goianésia
4118451,0.0,0.2451641844817229,41,Sul,80.0,90.47,11,75.48358155182771,0.0,0.4993869803459525,4.516418448172288,False,Pato Bragado
5220157,0.0,0.24496470209590485,52,Centro-Oeste,76.76,75.36,2,75.50352979040952,0.0,0.841006143186673,1.2564702095904892,False,São Luiz do Norte
3152709,0.2,0.2443152570836226,31,Sudeste,75.29,73.21,5,75.56847429163774,0.0,0.6209468010361603,-0.2784742916377354,False,Prados
5103957,0.0,0.24413006773807303,51,Centro-Oeste,80.0,90.57,5,75.5869932261927,0.0,0.6206649711771157,4.413006773807297,False,Glória D'Oeste
2105963,0.06666666666666667,0.2441227307302006,21,Nordeste,80.0,81.68,15,75.58772692697994,0.02673241455371725,0.46151304690668393,4.41227307302006,False,Lagoa Grande do Maranhão
2603900,0.1,0.24319526149954898,26,Nordeste,80.0,91.81,30,75.6804738500451,0.08967527636715442,0.3967152466319436,4.319526149954896,True,Carnaíba
2209559,0.125,0.2417855361615766,22,Nordeste,80.0,87.8,8,75.82144638384234,0.0,0.5384887625969459,4.178553616157657,False,São Braz do Piauí
3163904,0.0,0.24171324596244698,31,Sudeste,77.87,76.97,7,75.82867540375531,0.0,0.5588700343740827,2.041324596244692,False,São Pedro da União
5215009,0.23076923076923078,0.24029937017028508,52,Centro-Oeste,80.0,86.43,13,75.97006298297148,0.008035341507575594,0.4725633988329946,4.029937017028516,False,Nova Veneza
2202026,0.16666666666666666,0.24024282630344773,22,Nordeste,80.0,84.87,6,75.97571736965523,0.0,0.5820987148188057,4.024282630344771,False,Buriti dos Montes
4217550,0.0,0.24003953715932994,42,Sul,80.0,92.21,5,75.996046284067,0.0,0.6144155018497804,4.003953715932994,False,Serra Alta
3171154,0.0,0.23986126212231165,31,Sudeste,75.52,73.55,5,76.01387378776884,0.0,0.6141420708293672,-0.49387378776884816,False,Vermelho Novo
3143807,0.0,0.2388074789842305,31,Sudeste,78.54,77.93,10,76.11925210157695,0.0,0.5030649592368023,2.420747898423059,False,Munhoz
2500734,1.0,0.23838688450685186,25,Nordeste,80.0,85.27,1,76.16131154931482,0.0,1.0,3.838688450685183,False,Amparo
3117900,0.0,0.23801731460967632,31,Sudeste,75.46,73.46,10,76.19826853903237,0.0,0.5019741411419485,-0.7382685390323758,False,Congonhal
3160009,0.5,0.2377223693654962,31,Sudeste,80.0,80.0,2,76.22776306345038,0.0,0.8276961160149353,3.772236936549618,False,Santo Antônio do Aventureiro
3544202,0.125,0.2363889728202457,35,Sudeste,80.0,85.73,8,76.36110271797543,0.0,0.5308045472943257,3.6388972820245726,False,Riolândia
1720150,0.0,0.2356612000706998,17,Norte,80.0,83.33,3,76.43387999293002,0.0,0.7159278605797696,3.5661200070699834,False,São Félix do Tocantins
3162302,0.0,0.23528396534424204,31,Sudeste,78.68,78.13,1,76.4716034655758,0.0,1.0,2.2083965344242102,False,São João da Mata
5206305,0.16666666666666666,0.23436923654345534,52,Centro-Oeste,80.0,88.62,6,76.56307634565447,0.0,0.573322981395931,3.4369236543455344,False,Cristianópolis
5106851,0.0,0.2331897301431281,51,Centro-Oeste,80.0,89.12,5,76.6810269856872,0.0,0.6038446247444611,3.318973014312803,False,Porto Estrela
5211602,0.0,0.23286100382133246,52,Centro-Oeste,80.0,80.84,3,76.71389961786676,0.0,0.7111395017065651,3.2861003821332417,False,Ivolândia
2100808,0.5,0.23196117148389953,21,Nordeste,80.0,91.05,8,76.80388285161006,0.0,0.5244506935406485,3.196117148389945,False,Anapurus
4103008,0.0,0.23115112740822533,41,Sul,80.0,93.75,8,76.88488725917748,0.0,0.5232834266078935,3.115112740822525,False,Boa Esperança
4108650,0.0,0.22996088308392842,41,Sul,80.0,92.63,7,77.00391169160716,0.0,0.54169937410477,2.9960883083928422,False,Goioxim
3162005,0.23529411764705882,0.22938814624940332,31,Sudeste,77.38,76.27,17,77.06118537505967,0.029523978660735056,0.4292523138380716,0.3188146249403303,False,São Gonçalo do Sapucaí
3108602,0.5,0.22902445574555508,31,Sudeste,76.55,75.06,2,77.09755442544449,0.0,0.8113988939571467,-0.5475544254444884,False,Brasília de Minas
3162203,0.42857142857142855,0.22849491946325665,31,Sudeste,80.0,82.43,7,77.15050805367434,0.0,0.5395338289167425,2.8494919463256565,False,São João Batista do Glória
3108552,0.2777777777777778,0.2284729485170437,31,Sudeste,77.71,76.74,18,77.15270514829562,0.03451267358965995,0.42243322344442746,0.5572948517043699,False,Brasilândia de Minas
5212907,0.0,0.22769263385297406,52,Centro-Oeste,80.0,92.15,2,77.2307366147026,0.0,0.8088726229918355,2.769263385297407,False,Marzagão
2211506,0.5,0.22710041428358385,22,Nordeste,80.0,94.44,4,77.28995857164162,0.0,0.6376792663907308,2.7100414283583802,False,Vera Mendes
3112802,0.3333333333333333,0.22642382501666555,31,Sudeste,80.0,83.44,6,77.35761749833344,0.0,0.5613067855196061,2.6423825016665603,False,Capitólio
3112208,0.0,0.22629657630191277,31,Sudeste,80.0,83.06,3,77.37034236980872,0.0,0.6997984425369537,2.629657630191275,False,Capela Nova
3131208,0.3333333333333333,0.22623377404867626,31,Sudeste,79.18,78.85,15,77.37662259513237,0.014498094669159717,0.4379694534281928,1.803377404867632,False,Ipanema
3121407,0.0,0.22372375011782344,31,Sudeste,80.0,80.91,8,77.62762498821766,0.0,0.5125091764939651,2.3723750117823386,False,Desterro de Entre Rios
3142908,0.0,0.22287077843292838,31,Sudeste,80.0,80.0,1,77.71292215670717,0.0,1.0,2.2870778432928347,False,Monte Azul
3162609,0.5555555555555556,0.22092530849609002,31,Sudeste,80.0,83.42,9,77.907469150391,0.0,0.4919738657089525,2.0925308496090054,False,São João do Oriente
3157377,0.0,0.22051047533345766,31,Sudeste,80.0,83.36,2,77.94895246665423,0.0,0.7951041328338587,2.0510475333457663,False,Santa Cruz de Salinas
2200301,0.14285714285714285,0.2190742581991101,22,Nordeste,80.0,90.92,7,78.09257418008899,0.0,0.5254875465914031,1.907425819911012,False,Alto Longá
5220058,0.0,0.21835592789848296,52,Centro-Oeste,80.0,87.5,2,78.1644072101517,0.0,0.7909252645394396,1.835592789848306,False,São João da Paraúna
3120607,0.125,0.21823909060128927,31,Sudeste,80.0,81.48,8,78.17609093987107,0.0,0.5044685463298996,1.8239090601289263,False,Crucilândia
3507753,0.0,0.21715575231709988,35,Sudeste,80.0,94.42,5,78.28442476829001,0.0,0.5785609719177112,1.715575231709991,False,Brejo Alegre
2304400,0.26360544217687076,0.2170734502953467,23,Nordeste,75.85,74.03,1764,78.29265497046534,0.1978349751812094,0.23631192540948398,-2.442654970465341,True,Fortaleza
2111748,0.0,0.217040002428499,21,Nordeste,80.0,95.63,10,78.2959997571501,0.0,0.4725428537936236,1.7040002428499008,False,Senador Alexandre Costa
4124905,0.0,0.2155092777555733,41,Sul,80.0,93.33,5,78.44907222444267,0.0,0.5759202141158934,1.5509277755573265,False,São João do Caiuá
5221452,0.0,0.21540815392007864,52,Centro-Oeste,80.0,90.94,7,78.45918460799214,0.0,0.5199591441536986,1.5408153920078576,False,Trombas
3103108,0.0,0.21461641303506565,31,Sudeste,78.99,78.57,1,78.53835869649343,0.0,1.0,0.4516413035065625,False,Antônio Prado de Minas
2511004,0.16666666666666666,0.2137756611515235,25,Nordeste,80.0,95.61,6,78.62243388484765,0.0,0.5418202038464272,1.377566115152348,False,Pedra Branca
3103306,0.3333333333333333,0.21376380886031918,31,Sudeste,80.0,80.0,3,78.62361911396808,0.0,0.6776794861174789,1.3763808860319244,False,Aracitaba
2205151,0.09090909090909091,0.21338816409478403,22,Nordeste,80.0,88.51,11,78.6611835905216,0.0,0.4555050785731841,1.3388164094783974,False,Jacobina do Piauí
2107100,0.3333333333333333,0.2105012915025852,21,Nordeste,80.0,94.83,21,78.94987084974147,0.03614022438347281,0.3848623586216976,1.0501291502585275,False,Morros
3140902,0.2857142857142857,0.20783571671583148,31,Sudeste,80.0,85.52,7,79.21642832841685,0.0,0.508425885096783,0.7835716715831467,False,Matipó
5003454,0.42857142857142855,0.20438999455085421,50,Centro-Oeste,80.0,97.01,14,79.56100054491458,0.0,0.4156279656917949,0.4389994550854226,False,Deodápolis
3532504,0.5,0.20381969693570903,35,Sudeste,80.0,90.57,6,79.6180303064291,0.0,0.5261560118253035,0.3819696935708947,False,Neves Paulista
2103158,0.07692307692307693,0.20378494358382543,21,Nordeste,80.0,92.92,13,79.62150564161745,0.0,0.42275545610120946,0.37849435838255374,False,Centro do Guilherme
2511707,0.5,0.2026446232815139,25,Nordeste,80.0,98.55,6,79.7355376718486,0.0,0.5242875108147921,0.2644623281513958,False,Pilõezinhos
5221908,0.2857142857142857,0.20206379450292072,52,Centro-Oeste,80.0,97.74,7,79.79362054970794,0.0,0.49952846262126444,0.2063794502920615,False,Varjão
3165008,0.0,0.19893585386317675,31,Sudeste,80.0,90.52,8,80.10641461368233,0.0,0.4755671146295927,-0.10641461368233252,False,São Tiago
3203163,0.14285714285714285,0.19861986900441944,32,Sudeste,80.0,87.53,7,80.13801309955807,0.0,0.4941744411778649,-0.13801309955806573,False,Laranja da Terra
4119657,0.5,0.198394675532029,41,Sul,80.0,94.13,4,80.1605324467971,0.0,0.589209814458054,-0.16053244679710588,False,Pitangueiras
2203453,0.0,0.19803128265842804,22,Nordeste,80.0,97.37,4,80.1968717341572,0.0,0.5885768292400031,-0.19687173415719883,False,Dom Inocêncio
3137106,0.75,0.19529388731141167,31,Sudeste,80.0,91.73,4,80.47061126885883,0.0,0.5837921230455743,-0.470611268858832,False,Lagamar
2301851,0.21052631578947367,0.1923332530368459,23,Nordeste,80.0,80.28,19,80.7666746963154,0.015109242325625383,0.3695572637480664,-0.7666746963154054,False,Banabuiú
2313807,0.2,0.19135100547800515,23,Nordeste,80.0,81.36,20,80.86489945219948,0.018951318371205977,0.3637506925848043,-0.8648994521994808,False,Uruburetama
3123908,0.2727272727272727,0.19057565055642486,31,Sudeste,80.0,83.15,11,80.94243494435752,0.0,0.4226790849608081,-0.9424349443575153,False,Entre Rios de Minas
3112000,0.0,0.18975659194448266,31,Sudeste,80.0,88.88,9,81.02434080555173,0.0,0.445934105277091,-1.0243408055517307,False,Candeias
2310308,0.038461538461538464,0.1855183207005141,23,Nordeste,80.0,83.15,26,81.4481679299486,0.03610013472111637,0.3349365066799118,-1.448167929948596,False,Parambu
5210158,0.0,0.18498826813496372,52,Centro-Oeste,80.0,93.1,2,81.50117318650362,0.0,0.7231280482653863,-1.501173186503621,False,Ipiranga de Goiás
3159902,0.23529411764705882,0.18102151077559311,31,Sudeste,80.0,83.75,17,81.89784892244069,0.0,0.3640560080480023,-1.8978489224406871,False,Santo Antônio do Amparo
2205607,0.0,0.17643673118508182,22,Nordeste,80.0,97.9,7,82.35632688149181,0.0,0.45882720184105874,-2.3563268814918104,False,Landri Sales
2210300,0.16666666666666666,0.17501845334929853,22,Nordeste,80.0,94.83,6,82.49815466507015,0.0,0.47906808675453916,-2.498154665070146,False,São Julião
3129400,0.2,0.1734727594742138,31,Sudeste,80.0,89.43,5,82.65272405257862,0.0,0.5053789085360336,-2.6527240525786198,False,Ibertioga
2301208,0.09090909090909091,0.1731202137174393,23,Nordeste,80.0,87.25,22,82.68797862825608,0.015017323772487379,0.3312231036623912,-2.687978628256076,False,Aracoiaba
2309607,0.13793103448275862,0.17265722697639022,23,Nordeste,80.0,85.7,58,82.73427730236098,0.07538761259953361,0.26992684135324685,-2.7342773023609794,True,Pacajus
2312403,0.13725490196078433,0.17254035663052295,23,Nordeste,80.0,81.99,102,82.74596433694771,0.09921152893688377,0.2458691843241621,-2.745964336947708,True,São Gonçalo do Amarante
5215405,0.0,0.17148241027511948,52,Centro-Oeste,80.0,95.87,3,82.85175897248806,0.0,0.5980188112055245,-2.8517589724880565,False,Ouro Verde de Goiás
2311603,0.14285714285714285,0.17098662810662804,23,Nordeste,80.0,84.99,35,82.9013371893372,0.0462529034191113,0.29572035279414477,-2.901337189337198,True,Redenção
2209807,0.5,0.1709652383677908,22,Nordeste,80.0,94.18,6,82.90347616322093,0.0,0.472210846980193,-2.9034761632209296,False,São Gonçalo do Piauí
2313401,0.1553398058252427,0.16818200185224835,23,Nordeste,80.0,84.36,103,83.18179981477516,0.09594805017943744,0.24041595352505926,-3.181799814775161,True,Tianguá
5208152,0.2,0.1671063991469567,52,Centro-Oeste,80.0,98.15,10,83.28936008530434,0.0,0.3983381004604707,-3.289360085304338,False,Gameleira de Goiás
2509156,0.0,0.1663251465387166,25,Nordeste,80.0,100.0,4,83.36748534612835,0.0,0.5312499510091094,-3.3674853461283476,False,Marizópolis
2301000,0.15306122448979592,0.1632575800322019,23,Nordeste,80.0,87.89,98,83.67424199677981,0.0900804109854708,0.23643474907893297,-3.674241996779813,True,Aquiraz
2204303,0.0,0.1625427371949679,22,Nordeste,80.0,98.26,8,83.7457262805032,0.0,0.4182106282052023,-3.745726280503206,False,Fronteiras
2307601,0.043478260869565216,0.16122820493892545,23,Nordeste,80.0,87.84,46,83.87717950610745,0.054956028734696113,0.2675003811431548,-3.8771795061074528,True,Limoeiro do Norte
2313302,0.05454545454545454,0.15928371048851006,23,Nordeste,80.0,87.18,55,84.071628951149,0.0625706471147675,0.2559967738622526,-4.071628951148995,True,Tauá
3120839,0.0,0.156540580835263,31,Sudeste,80.0,98.0,3,84.3459419164737,0.0,0.5677291288964421,-4.345941916473706,False,Cuparaque
2207793,0.6666666666666666,0.15593833590839257,22,Nordeste,80.0,100.0,3,84.40616640916075,0.0,0.5664816459727257,-4.406166409160747,False,Pau D'Arco do Piauí
2303402,0.2777777777777778,0.1555173276028852,23,Nordeste,80.0,87.03,18,84.44826723971148,0.0,0.32293626557107435,-4.448267239711484,False,Carnaubal
3166204,0.25,0.15507389617625697,31,Sudeste,80.0,100.0,4,84.4926103823743,0.0,0.5098095075519602,-4.492610382374295,False,Senhora dos Remédios
2309805,0.125,0.15133572469662984,23,Nordeste,80.0,88.89,8,84.86642753033702,0.0,0.3996774927214021,-4.86642753033702,False,Pacoti
3151404,0.0,0.14812804451633638,31,Sudeste,80.0,92.14,5,85.18719554836636,0.0,0.4594981218418445,-5.187195548366361,False,Pitangui
2302503,0.09090909090909091,0.14728914933235823,23,Nordeste,80.0,93.05,44,85.27108506676417,0.042572435544945234,0.25200586311977125,-5.271085066764172,True,Brejo Santo
2311801,0.07352941176470588,0.14728537091993424,23,Nordeste,80.0,92.93,68,85.27146290800658,0.06305217508425284,0.23151856675561563,-5.271462908006583,True,Russas
5212055,0.0,0.14628894168417186,52,Centro-Oeste,80.0,100.0,3,85.37110583158281,0.0,0.5461937689134898,-5.37110583158281,False,Jesúpolis
2112704,0.0,0.14608934441063606,21,Nordeste,80.0,98.85,52,85.39106555893639,0.050089642149463764,0.24208904667180836,-5.39106555893639,True,Vargem Grande
3136579,0.0,0.1454771991140569,31,Sudeste,80.0,90.34,3,85.4522800885943,0.0,0.544460516625566,-5.452280088594307,False,Josenópolis
3515905,0.0,0.14359452898849548,35,Sudeste,80.0,100.0,4,85.64054710115046,0.0,0.487259081539145,-5.64054710115046,False,Floreal
2306553,0.057692307692307696,0.1418122802285061,23,Nordeste,80.0,92.56,52,85.81877197714938,0.04699173079567816,0.23663282966133403,-5.818771977149382,True,Itarema
2111722,0.5,0.13307958164375963,21,Nordeste,80.0,100.0,2,86.69204183562404,0.0,0.6038253263769172,-6.692041835624039,False,Satubinha
2313252,0.0,0.1300407895495777,23,Nordeste,80.0,95.11,13,86.99592104504224,0.0,0.3128818111812971,-6.9959210450422376,False,Tarrafas
2201903,0.0,0.12944754104380313,22,Nordeste,80.0,99.08,33,87.05524589561968,0.014911154603500149,0.2439839274841061,-7.055245895619677,True,Bom Jesus
2105807,0.0,0.1290896374798044,21,Nordeste,80.0,100.0,6,87.09103625201956,0.0,0.3973848145482982,-7.091036252019563,False,Lago do Junco
3142205,0.26666666666666666,0.1257860513065865,31,Sudeste,80.0,96.19,15,87.42139486934136,0.0,0.29360289539354,-7.421394869341356,False,Miraí
2304806,0.125,0.1253746672544313,23,Nordeste,80.0,94.87,8,87.46253327455686,0.0,0.35484524053855326,-7.462533274556861,False,Granjeiro
3534757,0.2,0.1222543595916132,35,Sudeste,80.0,99.27,5,87.77456404083867,0.0,0.4093903206955061,-7.774564040838669,False,Ouroeste
2306207,0.0,0.12039281630393212,23,Nordeste,80.0,91.32,9,87.9607183696068,0.0,0.33300076012679825,-7.960718369606795,False,Itaiçaba
3100708,0.0,0.11765595825011704,31,Sudeste,80.0,96.84,1,88.23440417498828,0.0,0.7491685475223329,-8.234404174988285,False,Água Comprida
2302305,0.0,0.11546833101710191,23,Nordeste,80.0,95.85,30,88.45316689828981,0.0011058465591425315,0.2298308154750613,-8.453166898289808,True,Bela Cruz
3119609,0.0,0.11386216206150179,31,Sudeste,80.0,100.0,1,88.61378379384982,0.0,0.736443968206653,-8.61378379384982,False,Coronel Pacheco
2313609,0.020833333333333332,0.11111216307211307,23,Nordeste,80.0,96.98,48,88.88878369278869,0.022204389331528823,0.2000199368126973,-8.888783692788692,True,Ubajara
2304707,0.0273972602739726,0.10753512182611887,23,Nordeste,80.0,93.26,73,89.24648781738811,0.036468548695478026,0.1786016949567597,-9.246487817388115,True,Granja
2303956,0.09523809523809523,0.1065878090898827,23,Nordeste,80.0,98.33,21,89.34121909101172,0.0,0.23857328077289763,-9.341219091011723,False,Chorozinho
2313955,0.0,0.10449270605761556,23,Nordeste,80.0,99.57,21,89.55072939423845,0.0,0.235327717254388,-9.550729394238445,False,Varjota
2312700,0.0,0.102763302670259,23,Nordeste,80.0,100.0,26,89.7236697329741,0.0,0.21948240482140002,-9.723669732974102,False,Senador Pompeu
2310258,0.03571428571428571,0.10228581388470011,23,Nordeste,80.0,98.24,56,89.77141861152998,0.02291902590158075,0.18165260186781945,-9.771418611529981,True,Paraipaba
2300804,0.08333333333333333,0.09830832559997908,23,Nordeste,80.0,97.31,12,90.1691674400021,0.0,0.26676554498469046,-10.169167440002099,False,Antonina do Norte
2312007,0.0,0.09809958944440948,23,Nordeste,80.0,99.18,29,90.19004105555905,0.0,0.20636007226529784,-10.19004105555905,False,Santana do Acaraú
2302057,0.07692307692307693,0.09648033584619059,23,Nordeste,80.0,96.36,26,90.35196641538094,0.0,0.20997033823054534,-10.351966415380943,False,Barroquinha
2308203,0.0,0.08719822928192407,23,Nordeste,80.0,98.47,26,91.28017707180759,0.0,0.19564371225171084,-11.280177071807586,False,Meruoca
2312908,0.016597510373443983,0.08096438096665297,23,Nordeste,80.0,98.74,241,91.9035619033347,0.046524572956123424,0.11540418897718252,-11.903561903334705,True,Sobral
2310951,0.0,0.06792148255976908,23,Nordeste,80.0,99.14,2,93.2078517440231,0.0,0.416636701149072,-13.207851744023102,False,Pires Ferreira
2304350,0.0,0.06084946512210004,23,Nordeste,80.0,100.0,22,93.91505348779,0.0,0.1607437675630326,-13.915053487790004,False,Forquilha
